ticker,cik,status,fact_rows,error
BPMP,1708301,OK,0,
BSM,1621434,OK,0,
COKE,317540,OK,0,
DKS,1089063,OK,0,
F,37996,OK,0,
GRYP,1755953,OK,40,
GTM,1794515,OK,4,
HI,1417398,OK,67,
HLMN,1822492,OK,29,
INFA,1868778,OK,0,
JBSS,880117,OK,0,
JOBY,1819848,OK,16,
KPLT,1785424,OK,18,
LCID,1811210,OK,26,
LORL,1006269,OK,0,
MODV,1220754,OK,66,
MOV,72573,OK,0,
ORGN,1802457,OK,18,
PS,1725579,OK,0,
RDUS,1428522,OK,64,
RDW,1819810,OK,20,
SUN,1552275,OK,0,
TALK,1803901,OK,21,
TGE,1633651,OK,0,
TR,98677,OK,0,
UNF,717954,OK,0,
VIACP,813828,OK,0,
VICR,751978,OK,0,
VMEO,1837686,OK,0,
VSH,103730,OK,0,
WSC,1647088,OK,30,
