cik,status,filing,zip_status,candidate_rows,error
3453,OK,0001558370-22-016112,200.0,5,
6201,OK,0000006201-22-000086,200.0,8,
8670,OK,0000008670-22-000046,200.0,5,
9326,OK,0001628280-22-028416,200.0,0,
12927,OK,0000012927-22-000073,200.0,10,
17843,OK,0000017843-22-000022,200.0,1,
19446,OK,0000019446-21-000023,200.0,3,
21665,OK,0000021665-22-000027,200.0,3,
25743,OK,0001564590-22-037666,200.0,6,
27904,OK,0000027904-22-000013,200.0,2,
29989,OK,0000029989-22-000035,200.0,1,
33185,OK,0000033185-22-000058,200.0,2,
37785,OK,0000037785-22-000090,200.0,2,
40545,OK,0000040545-22-000060,200.0,13,
42888,OK,0000042888-22-000033,200.0,0,
47518,OK,0001193125-21-365758,200.0,0,
50725,OK,0000050725-22-000090,200.0,3,
52988,OK,0000052988-22-000111,200.0,8,
56873,OK,0001558370-22-018508,200.0,0,
59527,OK,0000059527-22-000033,200.0,2,
64040,OK,0000064040-22-000171,200.0,3,
66382,OK,0000066382-22-000067,200.0,1,
70145,OK,0000070145-22-000034,200.0,18,
75677,OK,0000950170-22-021648,200.0,3,
78003,OK,0000078003-22-000101,200.0,5,
80424,OK,0000080424-22-000102,200.0,0,
89089,OK,0000089089-22-000069,200.0,25,
91419,OK,0000091419-22-000140,200.0,0,
93410,OK,0000093410-22-000075,200.0,1,
96943,OK,0000096943-22-000106,200.0,1,
100885,OK,0001437749-22-024458,200.0,12,
105634,OK,0000105634-22-000039,200.0,3,
215466,OK,0000215466-22-000131,200.0,1,
310158,OK,0000310158-22-000034,200.0,4,
315852,OK,0000950170-22-019907,200.0,5,
352541,OK,0000352541-22-000082,200.0,1,
356309,OK,0000356309-22-000098,200.0,11,
708821,OK,0000708821-22-000081,200.0,7,
716643,OK,0000716643-22-000075,200.0,1,
724004,OK,0001437749-22-025647,200.0,8,
732712,NO_FILING,,,0,
744218,OK,0001104659-22-116466,200.0,1,
749647,OK,0001493152-22-031641,200.0,4,
764622,OK,0000764622-22-000093,200.0,11,
775158,OK,0000950170-22-020284,200.0,5,
793952,OK,0000793952-22-000086,200.0,0,
795266,OK,0000795266-22-000090,200.0,0,
807882,OK,0000807882-22-000017,200.0,5,
812011,OK,0000812011-22-000051,200.0,18,
814547,OK,0000814547-22-000016,200.0,4,
821189,OK,0000821189-22-000056,200.0,3,
827054,OK,0000827054-22-000193,200.0,2,
833444,OK,0000833444-22-000043,200.0,6,
842023,OK,0001558370-22-016640,200.0,2,
851310,OK,0000851310-22-000069,200.0,1,
861884,OK,0001558370-22-016206,200.0,0,
866706,OK,0001410578-22-003540,200.0,10,
871763,OK,0000950170-22-022330,200.0,1,
878927,OK,0000950170-22-021737,200.0,3,
882835,OK,0000882835-22-000072,200.0,5,
886128,OK,0001558370-22-018810,200.0,8,
890394,OK,0001564590-22-037677,200.0,2,
894158,OK,0001410578-22-003167,200.0,1,
899460,OK,0001564590-22-036933,200.0,7,
906553,OK,0001437749-22-025760,200.0,4,
910638,OK,0000910638-22-000046,200.0,1,
915389,OK,0000915389-22-000051,200.0,0,
920148,OK,0000920148-22-000060,200.0,3,
926326,OK,0000926326-22-000033,200.0,6,
936340,OK,0000936340-22-000205,200.0,6,
948320,OK,0001493152-22-031429,200.0,21,
1000694,OK,0001000694-22-000024,200.0,6,
1002638,OK,0001002638-22-000041,200.0,3,
1013462,OK,0001013462-22-000031,200.0,6,
1018724,OK,0001018724-22-000023,200.0,6,
1021635,OK,0001021635-22-000144,200.0,8,
1024795,OK,0000950170-22-022942,200.0,4,
1035201,OK,0001035201-22-000011,200.0,4,
1038357,OK,0001038357-22-000136,200.0,3,
1043604,OK,0001043604-22-000163,200.0,1,
1046568,OK,0000950170-22-022632,200.0,12,
1050797,OK,0001050797-22-000075,200.0,0,
1056903,OK,0001056903-22-000075,200.0,15,
1060822,OK,0001060822-22-000186,200.0,3,
1065696,OK,0001065696-22-000077,200.0,18,
1069258,OK,0001069258-22-000061,200.0,0,
1070423,OK,0001070423-22-000026,200.0,6,
1083446,OK,0001628280-22-028692,200.0,6,
1096752,OK,0001096752-22-000033,200.0,2,
1102993,OK,0001102993-22-000080,200.0,4,
1108205,OK,0001108205-22-000023,200.0,4,
1111335,OK,0001111335-22-000050,200.0,3,
1121484,OK,0001121484-22-000112,200.0,6,
1124198,OK,0001628280-22-028343,200.0,2,
1125376,OK,0001125376-22-000140,200.0,9,
1130310,OK,0001130310-22-000123,200.0,10,
1145986,OK,0001564590-22-036861,200.0,3,
1158463,OK,0001158463-22-000058,200.0,10,
1161728,OK,0000950170-22-021653,200.0,5,
1166388,OK,0001166388-22-000152,200.0,14,
1176309,OK,0001213900-22-071222,200.0,3,
1178879,OK,0001178879-22-000018,200.0,0,
1210677,OK,0000950170-22-023232,200.0,2,
1227654,OK,0001227654-22-000340,200.0,5,
1260221,OK,0001260221-22-000065,200.0,6,
1267565,OK,0001558370-22-016241,200.0,2,
1280776,OK,0001280776-22-000021,200.0,2,
1285550,OK,0001285550-22-000078,200.0,6,
1286225,OK,0001193125-21-140882,200.0,0,
1287213,OK,0001437749-22-025370,200.0,6,
1295810,OK,0001558370-22-016802,200.0,1,
1303313,OK,0001303313-22-000064,200.0,9,
1314052,OK,0001731122-22-002062,200.0,7,
1318484,OK,0001558370-22-018469,200.0,1,
1324948,OK,0001213900-22-071314,200.0,5,
1326160,OK,0001326160-22-000279,200.0,5,
1333274,OK,0001564590-22-035496,200.0,3,
1345126,OK,0001345126-22-000065,200.0,2,
1348911,OK,0000950170-22-026230,200.0,0,
1357615,OK,0001357615-22-000175,200.0,2,
1362004,OK,0000950170-22-022033,200.0,3,
1366868,OK,0001366868-22-000089,200.0,4,
1370053,OK,0001370053-22-000066,200.0,18,
1376139,OK,0001376139-22-000067,200.0,3,
1378950,OK,0001378950-22-000046,200.0,2,
1387467,OK,0001387467-22-000079,200.0,6,
1393434,OK,0001558370-22-016610,200.0,1,
1401667,OK,0001437749-22-025787,200.0,9,
1406666,OK,0001406666-22-000050,200.0,1,
1410428,OK,0001558370-22-017847,200.0,4,
1412408,OK,0001412408-22-000068,200.0,2,
1420520,OK,0001683168-22-007448,200.0,0,
1422143,OK,0000950170-22-021605,200.0,0,
1425287,OK,0001425287-22-000102,200.0,2,
1426945,OK,0001426945-21-000031,200.0,7,
1433607,OK,0001493152-22-030818,200.0,1,
1437402,OK,0001628280-22-028180,200.0,19,
1439222,OK,0001439222-22-000099,200.0,1,
1451809,OK,0000950170-22-022184,200.0,4,
1463972,OK,0001558370-22-017134,200.0,15,
1472091,OK,0001140361-22-041370,200.0,0,
1477845,OK,0001558370-22-016902,200.0,0,
1484612,OK,0000950170-22-023370,200.0,7,
1495231,OK,0001495231-22-000186,200.0,9,
1505155,OK,0001505155-22-000091,200.0,1,
1512762,OK,0001558370-22-016850,200.0,8,
1520006,OK,0001520006-22-000206,200.0,4,
1522727,OK,0001522727-22-000027,200.0,10,
1529274,OK,0001529274-22-000170,200.0,1,
1534248,OK,0001178913-22-003931,200.0,1,
1539838,OK,0001539838-22-000167,200.0,3,
1552000,OK,0001552000-22-000045,200.0,13,
1557746,OK,0001558370-22-016738,200.0,1,
1568100,OK,0001568100-22-000050,200.0,1,
1573221,OK,0001573221-22-000115,200.0,3,
1576280,OK,0001576280-22-000092,200.0,7,
1579733,OK,0000950170-22-021551,200.0,3,
1580864,OK,0000950170-22-022672,200.0,3,
1583107,OK,0001558370-22-017048,200.0,6,
1587523,OK,0001587523-22-000082,200.0,7,
1590560,OK,0001558370-22-015906,200.0,6,
1593899,OK,0000950170-22-022699,200.0,0,
1596532,OK,0001596532-22-000294,200.0,4,
1597846,OK,0001493152-22-031537,200.0,10,
1599901,OK,0001564590-22-037051,200.0,1,
1603978,OK,0001603978-22-000049,200.0,3,
1606498,OK,0001606498-22-000080,200.0,1,
1609702,OK,0001609702-22-000036,200.0,0,
1614178,OK,0001614178-22-000057,200.0,1,
1616862,OK,0001616862-22-000041,200.0,4,
1622229,OK,0000950170-22-024685,200.0,2,
1624326,OK,0001493152-22-032037,200.0,3,
1627223,OK,0000950170-22-020205,200.0,1,
1630805,OK,0001104659-22-116571,200.0,0,
1636422,OK,0001636422-22-000051,200.0,8,
1645070,OK,0001645070-22-000054,200.0,2,
1645666,OK,0000950170-22-024486,200.0,3,
1650648,OK,0000950170-22-023185,200.0,3,
1652130,OK,0000950170-22-021835,200.0,4,
1655210,OK,0001655210-22-000227,200.0,0,
1658247,OK,0000950170-22-024736,200.0,3,
1661059,OK,0001558370-22-016275,200.0,1,
1664710,OK,0001664710-22-000056,200.0,3,
1666700,OK,0001666700-22-000077,200.0,1,
1670541,OK,0001670541-22-000118,200.0,8,
1674862,OK,0000950170-22-025539,200.0,4,
1678660,OK,0000950170-22-024732,200.0,0,
1680367,OK,0001680367-22-000034,200.0,0,
1682852,OK,0001682852-22-000051,200.0,5,
1691303,OK,0001691303-22-000037,200.0,0,
1695295,OK,0001628280-22-029275,200.0,8,
1701758,OK,0001628280-22-031559,200.0,6,
1704715,OK,0001704715-22-000052,200.0,4,
1707753,OK,0001707753-22-000063,200.0,7,
1714899,OK,0001714899-22-000144,200.0,2,
1722482,OK,0001722482-22-000186,200.0,0,
1725160,OK,0001725160-22-000200,200.0,0,
1731348,OK,0001437749-22-023827,200.0,4,
1737953,OK,0001737953-22-000023,200.0,0,
1743759,OK,0001564590-22-036639,200.0,2,
1745999,OK,0000950170-22-022322,200.0,3,
1756262,OK,0001564590-22-036772,200.0,5,
1759425,OK,0000950170-22-023519,200.0,16,
1761612,OK,0001558370-22-016140,200.0,6,
1764046,OK,0001764046-22-000167,200.0,7,
1772016,OK,0001772016-22-000061,200.0,2,
1782170,OK,0001782170-22-000155,200.0,3,
1786431,OK,0001564590-22-036937,200.0,0,
1787400,OK,0000950170-22-023845,200.0,2,
1792781,OK,0001628280-22-031580,200.0,1,
1796209,OK,0000950170-22-021671,200.0,2,
1799788,OK,0001493152-22-032057,200.0,0,
1802665,OK,0001558370-22-015726,200.0,2,
1803914,OK,0001803914-22-000059,200.0,0,
1808834,OK,0001808834-22-000147,200.0,3,
1811210,OK,0001628280-22-028925,200.0,2,
1817713,OK,0000950170-22-024511,200.0,0,
1819576,OK,0001558370-22-016873,200.0,1,
1819994,OK,0000950170-22-023923,200.0,3,
1822479,OK,0001822479-22-000070,200.0,1,
1826600,OK,0001193125-22-281301,200.0,1,
1828318,OK,0001828318-22-000071,200.0,1,
1831915,OK,0000950170-22-023935,200.0,1,
1834488,OK,0001834488-22-000146,200.0,4,
1842022,OK,0001842022-22-000015,200.0,1,
1852244,OK,0001852244-22-000031,200.0,0,
1856485,OK,0001856485-22-000038,200.0,0,
1860742,OK,0001860742-22-000026,200.0,3,
1868275,OK,0001868275-22-000094,200.0,10,
1877322,OK,0001877322-22-000020,200.0,1,
4127,OK,0000004127-22-000038,200.0,3,
6845,OK,0000006845-22-000037,200.0,0,
8818,OK,0000008818-22-000014,200.0,0,
10456,OK,0001628280-22-027149,200.0,5,
14272,OK,0000014272-22-000196,200.0,4,
18230,OK,0000018230-22-000223,200.0,11,
20212,OK,0000020212-22-000154,200.0,2,
22444,OK,0000022444-22-000140,200.0,2,
26058,OK,0000950170-22-020159,200.0,4,
27996,OK,0000027996-22-000206,200.0,1,
30625,OK,0001628280-22-027406,200.0,5,
33213,OK,0000033213-22-000028,200.0,5,
38725,OK,0000038725-22-000182,200.0,2,
40704,OK,0001193125-22-309146,200.0,1,
45012,OK,0000045012-22-000067,200.0,3,
48287,OK,0000048287-22-000182,200.0,1,
50863,OK,0000050863-22-000038,200.0,2,
54480,OK,0000054480-22-000019,200.0,8,
56978,OK,0000056978-22-000136,200.0,4,
60714,OK,0000950170-22-021253,200.0,2,
65270,OK,0000950170-22-025916,200.0,0,
66570,OK,0000066570-22-000051,200.0,1,
72333,OK,0000072333-22-000207,200.0,4,
76334,OK,0000076334-22-000049,200.0,1,
78128,OK,0001562762-22-000452,200.0,3,
84839,OK,0000084839-22-000059,200.0,7,
89439,OK,0000089439-22-000058,200.0,0,
91440,OK,0000091440-22-000031,200.0,10,
93556,OK,0000093556-22-000044,200.0,3,
97216,OK,0000097216-22-000152,200.0,1,
101778,OK,0000101778-22-000192,200.0,0,
106040,OK,0000106040-22-000065,200.0,2,
216228,OK,0000216228-22-000054,200.0,1,
313143,OK,0000313143-22-000061,200.0,5,
318306,OK,0001493152-22-031655,200.0,1,
354908,OK,0000354908-21-000066,200.0,3,
701985,OK,0000701985-22-000040,200.0,2,
711377,OK,0001193125-22-255421,200.0,1,
717423,OK,0000717423-22-000071,200.0,7,
730263,OK,0000730263-22-000025,200.0,3,
732717,OK,0000732717-22-000102,200.0,1,
746515,OK,0001564590-22-037052,200.0,0,
753308,OK,0000753308-22-000081,200.0,33,
769397,OK,0000769397-22-000148,200.0,10,
778164,OK,0001213900-22-070278,200.0,11,
794170,OK,0000794170-22-000049,200.0,6,
796505,OK,0001171843-22-007645,200.0,8,
810332,OK,0001564590-22-039954,200.0,6,
812128,OK,0000812128-22-000009,200.0,2,
816956,OK,0000816956-22-000017,200.0,3,
822663,OK,0001753926-22-001437,200.0,1,
827876,OK,0000950170-22-026564,200.0,7,
834365,OK,0001437749-22-026629,200.0,17,
842633,OK,0000842633-22-000084,200.0,0,
854775,OK,0000854775-22-000028,200.0,4,
863894,OK,0000863894-22-000017,200.0,4,
866729,OK,0000866729-22-000031,200.0,6,
872589,OK,0001804220-22-000031,200.0,5,
879169,OK,0000879169-22-000010,200.0,7,
883241,OK,0000883241-22-000017,200.0,7,
887359,OK,0001628280-22-029082,200.0,2,
890821,OK,0001493152-22-032131,200.0,12,
895728,OK,0000895728-22-000033,200.0,13,
899923,OK,0000899923-22-000140,200.0,2,
906709,OK,0000906709-22-000019,200.0,6,
912728,OK,0001628280-22-029286,200.0,1,
916540,OK,0000916540-22-000034,200.0,2,
920371,OK,0000920371-22-000162,200.0,4,
928022,OK,0000928022-22-000138,200.0,9,
936468,OK,0000936468-22-000120,200.0,2,
949039,OK,0000950170-22-023085,200.0,9,
1000753,OK,0001000753-22-000050,200.0,3,
1005229,OK,0001005229-22-000288,200.0,1,
1013857,OK,0001013857-22-000175,200.0,4,
1018963,OK,0001628280-22-028121,200.0,4,
1022079,OK,0001022079-22-000140,200.0,3,
1031296,OK,0001031296-22-000069,200.0,14,
1035267,OK,0001035267-22-000169,200.0,3,
1041061,OK,0001041061-22-000040,200.0,1,
1045309,OK,0001045309-21-000086,200.0,3,
1047862,OK,0001047862-22-000248,200.0,16,
1051627,OK,0001558370-22-017428,200.0,2,
1057352,OK,0001057352-22-000121,200.0,5,
1061219,OK,0001061219-22-000027,200.0,27,
1066923,OK,0001213900-22-074214,200.0,17,
1070081,OK,0001070081-22-000041,200.0,7,
1070494,OK,0000950170-22-021438,200.0,0,
1086600,OK,0001558370-22-016549,200.0,2,
1098972,OK,0000950170-22-022915,200.0,13,
1104188,OK,0001193125-18-155137,200.0,20,
1108426,OK,0001108426-22-000065,200.0,18,
1114995,OK,0000950170-22-020186,200.0,1,
1121788,OK,0000950170-22-020097,200.0,4,
1124524,OK,0001410578-22-002947,200.0,8,
1126956,OK,0001437749-22-027522,200.0,18,
1136869,OK,0000950170-22-021220,200.0,2,
1157408,OK,0001558370-22-015328,200.0,5,
1158780,OK,0001213900-22-071138,200.0,5,
1162194,OK,0001162194-22-000098,200.0,11,
1169988,OK,0001558370-21-006692,200.0,5,
1177609,OK,0001177609-22-000029,200.0,2,
1192448,OK,0001558370-22-016317,200.0,1,
1213037,OK,0001628280-22-028164,200.0,1,
1232524,OK,0001232524-22-000046,200.0,4,
1261333,OK,0001261333-22-000201,200.0,2,
1271214,OK,0001271214-22-000024,200.0,0,
1280784,OK,0000950170-22-021225,200.0,3,
1285785,OK,0001618034-22-000012,200.0,1,
1286681,OK,0000950170-22-019533,200.0,1,
1288403,OK,0001558370-22-017011,200.0,3,
1296445,OK,0001437749-22-025661,200.0,5,
1304421,OK,0001558370-22-016465,200.0,4,
1314727,OK,0000950170-22-025663,200.0,7,
1318568,OK,0001318568-22-000211,200.0,0,
1325702,OK,0001193125-22-280137,200.0,0,
1326190,OK,0001326190-22-000013,200.0,0,
1335258,OK,0001335258-22-000144,200.0,12,
1346830,OK,0001558370-22-016625,200.0,5,
1350653,OK,0000950170-22-021960,200.0,4,
1357874,OK,0000950170-22-022893,200.0,2,
1364479,OK,0001364479-22-000033,200.0,15,
1368265,OK,0001558370-22-016872,200.0,3,
1370946,OK,0001370946-22-000046,200.0,1,
1376321,OK,0001171843-22-007589,200.0,9,
1382101,OK,0000950170-22-023279,200.0,11,
1388658,OK,0001388658-22-000159,200.0,3,
1395937,OK,0000950170-22-021848,200.0,1,
1401680,OK,0001401680-21-000031,200.0,3,
1408075,OK,0001408075-22-000041,200.0,2,
1410636,OK,0001410636-22-000155,200.0,12,
1413329,OK,0001413329-22-000114,200.0,0,
1420720,OK,0001558370-22-017874,200.0,2,
1422892,OK,0001213900-22-007553,200.0,16,
1425292,OK,0001425292-22-000033,200.0,2,
1428875,OK,0001428875-22-000020,200.0,3,
1434316,OK,0000950170-22-021840,200.0,3,
1437578,OK,0001437578-22-000027,200.0,0,
1439288,OK,0001439288-22-000135,200.0,5,
1454938,OK,0001454938-22-000023,200.0,1,
1464790,OK,0001628280-22-028487,200.0,4,
1476765,OK,0001476765-22-000103,200.0,3,
1478242,OK,0001478242-22-000101,200.0,1,
1488039,OK,0001437749-22-026178,200.0,0,
1501989,OK,0000950170-22-023190,200.0,1,
1506251,OK,0001213900-22-082217,200.0,3,
1515673,OK,0000950170-22-021366,200.0,10,
1520262,OK,0000950170-22-021003,200.0,5,
1524472,OK,0001524472-22-000053,200.0,7,
1530950,OK,0001530950-22-000375,200.0,14,
1534701,OK,0001534701-22-000185,200.0,5,
1540184,OK,0001540184-21-000021,200.0,0,
1553643,OK,0001213900-22-071154,200.0,6,
1559053,OK,0001559053-22-000045,200.0,8,
1570562,OK,0001570562-22-000143,200.0,1,
1573516,OK,0001573516-22-000045,200.0,4,
1576427,OK,0001576427-22-000100,200.0,6,
1580560,OK,0000950170-22-025108,200.0,5,
1581280,OK,0001628280-22-030817,200.0,6,
1584509,OK,0001584509-22-000236,200.0,6,
1587732,OK,0001587732-22-000075,200.0,10,
1590714,OK,0001590714-22-000081,200.0,1,
1595097,OK,0000950170-22-023282,200.0,1,
1596783,OK,0001596783-22-000185,200.0,3,
1598428,OK,0000950170-22-021894,200.0,2,
1600620,OK,0001628280-22-027931,200.0,1,
1604464,OK,0000950170-22-023248,200.0,1,
1607678,OK,0001564590-22-035295,200.0,1,
1609809,OK,0000950170-22-021018,200.0,7,
1615165,OK,0000950170-22-025023,200.0,5,
1619856,OK,0001619856-22-000022,200.0,6,
1622345,OK,0001493152-22-032038,200.0,4,
1624794,OK,0001624794-22-000101,200.0,2,
1627475,OK,0001627475-22-000043,200.0,0,
1631574,OK,0000950170-22-024171,200.0,0,
1637459,OK,0001637459-22-000191,200.0,3,
1645113,OK,0001645113-22-000091,200.0,2,
1647088,OK,0001647088-22-000051,200.0,4,
1650664,OK,0001558370-22-016012,200.0,2,
1652535,OK,0001564590-22-037126,200.0,3,
1655759,OK,0001655759-22-000054,200.0,0,
1658551,OK,0000950170-22-024465,200.0,5,
1662579,OK,0001628280-22-027985,200.0,2,
1665300,OK,0001628280-22-029530,200.0,3,
1668105,OK,0001668105-21-000040,200.0,2,
1672688,OK,0001628280-22-029092,200.0,1,
1675149,OK,0001564590-22-035456,200.0,3,
1679049,OK,0001558370-22-016919,200.0,12,
1680581,OK,0000950170-22-022913,200.0,4,
1688568,OK,0001688568-22-000073,200.0,0,
1692115,OK,0001692115-22-000035,200.0,15,
1697851,OK,0001437749-22-027309,200.0,9,
1703056,OK,0001703056-22-000222,200.0,7,
1704720,OK,0001704720-22-000070,200.0,1,
1707925,OK,0001628280-22-027183,200.0,1,
1718512,OK,0001718512-22-000058,200.0,1,
1722684,OK,0001722684-22-000023,200.0,5,
1725255,OK,0001558370-22-016907,200.0,7,
1733998,OK,0001733998-22-000048,200.0,10,
1739104,OK,0001739104-22-000017,200.0,2,
1743881,OK,0000950170-22-021936,200.0,2,
1750284,OK,0001558370-22-016903,200.0,0,
1756497,OK,0001756497-22-000011,200.0,4,
1759655,OK,0001759655-22-000185,200.0,2,
1761918,OK,0000950170-22-023926,200.0,2,
1768267,OK,0000950170-22-025785,200.0,6,
1773383,OK,0001773383-22-000123,200.0,6,
1783180,OK,0001783180-22-000056,200.0,2,
1786842,OK,0001786842-22-000068,200.0,6,
1789029,OK,0000950170-22-023415,200.0,8,
1792849,OK,0001437749-22-027261,200.0,3,
1796280,OK,0000950170-22-022631,200.0,0,
1800637,OK,0001213900-22-072289,200.0,10,
1803599,OK,0001803599-22-000141,200.0,0,
1804745,OK,0001628280-22-028468,200.0,0,
1810019,OK,0001810019-22-000164,200.0,6,
1812364,OK,0000950170-22-021892,200.0,0,
1818201,OK,0000950170-22-022084,200.0,10,
1819848,NO_FILING,,,0,
1820721,OK,0001820721-22-000146,200.0,1,
1822492,OK,0001822492-22-000142,200.0,0,
1827090,OK,0001558370-22-016642,200.0,2,
1828536,OK,0001828536-22-000060,200.0,2,
1832038,OK,0000950170-22-024516,200.0,3,
1834622,OK,0001834622-22-000104,200.0,2,
1845257,OK,0000950170-22-023899,200.0,6,
1853145,OK,0001853145-22-000034,200.0,2,
1857154,OK,0001857154-22-000119,200.0,6,
1863105,OK,0000950170-22-021535,200.0,5,
1868726,OK,0001868726-22-000058,200.0,1,
1906324,OK,0001906324-22-000033,200.0,3,
1750,OK,0001104659-22-128706,200.0,3,
4904,OK,0000004904-22-000093,200.0,32,
7332,OK,0000007332-22-000062,200.0,6,
8947,OK,0000008947-22-000169,200.0,2,
10795,OK,0001628280-22-030686,200.0,13,
14707,OK,0000014707-22-000072,200.0,2,
18498,OK,0000950170-22-026199,200.0,2,
20520,OK,0001562762-22-000414,200.0,9,
23194,OK,0000023194-22-000041,200.0,6,
26172,OK,0000026172-22-000057,200.0,0,
29534,OK,0001558370-22-018302,200.0,0,
31235,OK,0001437749-22-026362,200.0,5,
34088,OK,0000034088-22-000064,200.0,2,
40211,OK,0000040211-22-000124,200.0,0,
40888,OK,0000040888-22-000028,200.0,0,
46080,OK,0000046080-22-000123,200.0,7,
48898,OK,0001628280-22-027022,200.0,3,
51143,OK,0001558370-22-015322,200.0,8,
55785,OK,0000055785-22-000074,200.0,4,
58492,NO_FILING,,,0,
61986,OK,0000950170-22-023296,200.0,3,
65770,OK,0001136261-22-000310,200.0,4,
67716,OK,0000067716-22-000062,200.0,5,
72903,OK,0000072903-22-000063,200.0,6,
77476,OK,0000077476-22-000052,200.0,7,
78749,OK,0000950170-22-020405,200.0,6,
85961,OK,0000085961-22-000166,200.0,19,
89800,OK,0000089800-22-000037,200.0,2,
91928,OK,0000091928-22-000029,200.0,5,
95029,OK,0001174947-22-001158,200.0,3,
98362,OK,0000098362-22-000112,200.0,2,
103730,OK,0000103730-22-000072,200.0,7,
109563,OK,0000109563-22-000128,200.0,2,
217346,OK,0000217346-22-000025,200.0,2,
314203,OK,0001558370-22-016453,200.0,5,
320017,OK,0000320017-22-000102,200.0,3,
354950,OK,0000354950-22-000239,200.0,0,
702165,OK,0000702165-22-000039,200.0,8,
712515,OK,0000712515-22-000068,200.0,27,
723254,OK,0000723254-22-000031,200.0,1,
730464,OK,0001558370-22-016243,200.0,2,
733269,OK,0000733269-22-000046,200.0,1,
746838,OK,0000746838-22-000042,200.0,3,
764065,OK,0000764065-22-000154,200.0,1,
771266,OK,0001493152-22-030943,200.0,7,
783325,OK,0000107815-22-000307,200.0,21,
794367,OK,0001564590-22-038681,200.0,1,
798354,OK,0000798354-22-000019,200.0,0,
811156,OK,0000811156-22-000119,200.0,12,
813762,OK,0001558370-22-016426,200.0,4,
818479,OK,0000818479-22-000119,200.0,1,
823768,OK,0001558370-22-015389,200.0,3,
831259,OK,0000831259-22-000049,200.0,1,
835011,OK,0001628280-22-027976,200.0,0,
849399,OK,0000849399-22-000026,200.0,2,
858470,OK,0000858470-22-000042,200.0,4,
864749,OK,0000864749-22-000187,200.0,1,
866787,OK,0001558370-22-018835,200.0,0,
873303,OK,0000950170-22-021213,200.0,3,
882095,OK,0000882095-22-000027,200.0,1,
885245,OK,0000885245-22-000039,200.0,4,
887936,OK,0000887936-22-000093,200.0,2,
893538,OK,0000893538-22-000149,200.0,5,
896262,OK,0000896262-22-000066,200.0,9,
900075,OK,0000900075-22-000065,200.0,0,
908255,OK,0000908255-22-000041,200.0,1,
912766,OK,0001628280-22-027962,200.0,3,
916789,OK,0000916789-22-000070,200.0,3,
921582,OK,0000950170-22-020630,200.0,38,
929008,OK,0000929008-22-000040,200.0,1,
940944,OK,0000940944-22-000060,200.0,0,
949157,OK,0000949157-22-000053,200.0,3,
1001316,OK,0001558370-22-017180,200.0,3,
1010086,OK,0001437749-22-025799,200.0,7,
1014739,OK,0001014739-22-000048,200.0,0,
1019849,OK,0001019849-22-000082,200.0,1,
1022408,OK,0001140361-22-039874,200.0,6,
1032220,OK,0001032220-22-000074,200.0,8,
1037646,OK,0001037646-22-000031,200.0,5,
1041859,OK,0001628280-22-031077,200.0,4,
1045810,OK,0001045810-22-000166,200.0,5,
1048911,OK,0000950170-22-026825,200.0,8,
1054905,OK,0001193125-22-280942,200.0,0,
1057877,OK,0001057877-22-000072,200.0,11,
1061983,OK,0000950170-22-022207,200.0,13,
1067701,OK,0001067701-22-000039,200.0,9,
1070235,OK,0001070235-22-000168,200.0,19,
1078271,OK,0001564590-22-035673,200.0,8,
1093557,OK,0001093557-22-000171,200.0,2,
1100682,OK,0001100682-22-000032,200.0,2,
1104506,OK,0001104506-22-000023,200.0,5,
1109354,OK,0000950170-22-022163,200.0,1,
1116942,OK,0000950170-22-023197,200.0,7,
1123360,OK,0001123360-22-000030,200.0,0,
1124796,OK,0001124796-22-000139,200.0,2,
1127537,OK,0001127537-22-000053,200.0,6,
1137789,OK,0001137789-22-000123,200.0,0,
1157601,OK,0001193125-22-276468,200.0,0,
1158895,OK,0001437749-22-026383,200.0,5,
1163739,OK,0001558370-22-015510,200.0,7,
1170010,OK,0001170010-22-000097,200.0,7,
1177648,OK,0000950170-22-025667,200.0,5,
1200375,OK,0001200375-22-000039,200.0,3,
1217234,OK,0001217234-22-000184,200.0,6,
1235468,OK,0001235468-22-000142,200.0,12,
1262039,OK,0001262039-22-000038,200.0,1,
1276187,OK,0001276187-22-000072,200.0,2,
1281895,OK,0001140361-22-040004,200.0,5,
1285819,OK,0001558370-22-017153,200.0,0,
1287032,OK,0001287032-22-000375,200.0,4,
1288847,OK,0001288847-22-000113,200.0,3,
1299130,OK,0001299130-22-000136,200.0,2,
1304492,OK,0001304492-22-000039,200.0,1,
1316517,OK,0001213900-22-069981,200.0,13,
1320414,OK,0001628280-22-028237,200.0,0,
1325964,OK,0001553350-22-000876,200.0,1,
1326732,OK,0001558370-22-016660,200.0,2,
1336920,OK,0001336920-22-000060,200.0,1,
1347178,OK,0001628280-22-027951,200.0,5,
1356090,OK,0001356090-22-000013,200.0,7,
1361113,OK,0001628280-22-027571,200.0,0,
1364954,OK,0001364954-22-000107,200.0,2,
1368622,OK,0001558370-22-018418,200.0,5,
1372299,OK,0001628280-22-028775,200.0,0,
1376339,OK,0001376339-22-000127,200.0,2,
1384101,OK,0001384101-22-000139,200.0,2,
1389050,OK,0001558370-22-016230,200.0,3,
1396814,OK,0001396814-22-000068,200.0,4,
1401914,OK,0001401914-22-000087,200.0,2,
1410098,OK,0001213900-22-070834,200.0,3,
1411207,OK,0000950170-22-020252,200.0,1,
1418819,OK,0001418819-22-000028,200.0,4,
1420800,OK,0001420800-22-000021,200.0,2,
1423902,OK,0001423902-22-000037,200.0,8,
1425450,OK,0001425450-22-000107,200.0,2,
1430306,OK,0001387131-22-011157,200.0,2,
1434588,OK,0001558370-22-015501,200.0,2,
1438133,OK,0001438133-22-000221,200.0,0,
1441236,OK,0001504337-22-000030,200.0,0,
1459200,OK,0001459200-22-000033,200.0,9,
1466593,OK,0001466593-22-000075,200.0,3,
1477294,OK,0001477294-22-000138,200.0,1,
1478320,OK,0000950170-22-021923,200.0,29,
1490978,OK,0001490978-22-000012,200.0,13,
1503274,OK,0001558370-22-017046,200.0,7,
1508655,OK,0000950170-22-020830,200.0,2,
1517022,OK,0001628280-22-028242,200.0,13,
1521036,OK,0001628280-22-027986,200.0,5,
1526119,OK,0001558370-22-016278,200.0,3,
1530979,OK,0001530979-22-000128,200.0,1,
1535379,OK,0001628280-21-018015,200.0,1,
1549595,OK,0001564590-22-033709,200.0,0,
1555279,OK,0001558370-22-017620,200.0,6,
1559865,OK,0001559865-22-000044,200.0,2,
1571123,OK,0001571123-22-000084,200.0,0,
1575793,OK,0001564590-22-037408,200.0,4,
1579241,OK,0001579241-22-000063,200.0,0,
1580670,OK,0001580670-22-000081,200.0,2,
1582313,OK,0000950170-22-023283,200.0,0,
1585583,OK,0001585583-22-000009,200.0,5,
1588978,OK,0001588978-22-000005,200.0,9,
1590877,OK,0000950170-22-021567,200.0,13,
1595248,OK,0001437749-22-027048,200.0,2,
1596993,OK,0001596993-22-000068,200.0,8,
1598646,OK,0000950170-22-023496,200.0,0,
1601548,OK,0001601548-22-000102,200.0,5,
1604821,OK,0001558370-22-016984,200.0,8,
1607939,OK,0001607939-22-000118,200.0,15,
1611052,OK,0001564590-22-036765,200.0,1,
1616000,OK,0001616000-22-000110,200.0,1,
1620463,OK,0000950170-22-024499,200.0,1,
1623526,OK,0001564590-22-037497,200.0,1,
1625641,OK,0001625641-22-000134,200.0,3,
1628171,OK,0000950170-22-022590,200.0,5,
1632790,OK,0001632790-22-000091,200.0,2,
1638833,OK,0001638833-22-000134,200.0,3,
1645460,OK,0000950170-22-024991,200.0,1,
1649094,OK,0000950170-22-022597,200.0,3,
1651308,OK,0001651308-22-000209,200.0,9,
1653087,OK,0000950170-22-023249,200.0,1,
1656472,OK,0001656472-22-000162,200.0,2,
1660280,OK,0001660280-22-000174,200.0,0,
1662774,OK,0000950170-22-023877,200.0,1,
1666071,OK,0001666071-22-000134,200.0,7,
1668243,OK,0001437749-22-026727,200.0,10,
1674168,OK,0001628280-22-029168,200.0,6,
1676725,OK,0000950170-22-023207,200.0,2,
1679273,OK,0001558370-22-014848,200.0,1,
1680966,OK,0001594062-18-000192,200.0,3,
1688757,OK,0001688757-22-000102,200.0,5,
1692415,OK,0001493152-22-031350,200.0,17,
1699382,OK,0000950170-22-022920,200.0,1,
1703057,OK,0001564590-22-037060,200.0,2,
1706431,OK,0000950170-22-021854,200.0,15,
1711279,OK,0001711279-22-000058,200.0,1,
1719406,OK,0001558370-22-017772,200.0,0,
1724521,OK,0000950170-22-021241,200.0,14,
1727196,OK,0001558370-22-017598,200.0,0,
1737287,OK,0001737287-22-000083,200.0,6,
1740332,OK,0000950170-22-020843,200.0,3,
1743907,OK,0001743907-22-000018,200.0,8,
1751788,OK,0001751788-22-000131,200.0,1,
1757073,OK,0001757073-22-000091,200.0,0,
1760689,OK,0001760689-22-000112,200.0,21,
1761940,OK,0001104659-21-064046,200.0,8,
1770121,OK,0001564590-22-036375,200.0,1,
1781335,OK,0001781335-22-000045,200.0,0,
1785424,OK,0001628280-22-029073,200.0,1,
1787297,OK,0001558370-22-017285,200.0,4,
1789769,OK,0001789769-22-000098,200.0,0,
1793294,OK,0001793294-21-000051,200.0,2,
1799208,OK,0001799208-22-000050,200.0,5,
1800667,OK,0000950170-22-021863,200.0,2,
1803696,OK,0000950170-22-023885,200.0,12,
1806952,OK,0001628280-22-028929,200.0,8,
1810182,OK,0000950170-22-023237,200.0,0,
1815442,OK,0000950170-22-021543,200.0,5,
1818794,OK,0000950170-22-021546,200.0,1,
1819928,OK,0001558370-22-016885,200.0,0,
1821825,OK,0001821825-22-000012,200.0,4,
1824920,OK,0001193125-22-284614,200.0,5,
1828016,OK,0001828016-22-000055,200.0,2,
1830033,OK,0001830033-22-000059,200.0,3,
1832433,OK,0001832433-22-000105,200.0,1,
1840904,OK,0000950170-22-024162,200.0,12,
1845337,OK,0000950170-22-022667,200.0,3,
1853513,OK,0000950170-22-024586,200.0,2,
1857853,OK,0001857853-22-000139,200.0,0,
1866633,OK,0001866633-22-000050,200.0,3,
1869198,OK,0001869198-22-000069,200.0,0,
1915657,OK,0001915657-22-000091,200.0,4,
2969,OK,0000002969-22-000054,200.0,5,
5981,OK,0000950170-22-023312,200.0,2,
7431,OK,0000950170-22-019945,200.0,4,
9092,OK,0000950170-22-020003,200.0,0,
12659,OK,0001838862-22-000043,200.0,5,
15615,OK,0000015615-22-000026,200.0,3,
18926,OK,0000018926-22-000042,200.0,5,
21344,OK,0000021344-22-000042,200.0,4,
23217,OK,0001437749-22-023764,200.0,1,
26780,OK,0001437749-22-024893,200.0,2,
29905,OK,0000029905-22-000040,200.0,1,
32604,OK,0000032604-22-000041,200.0,6,
35214,OK,0000035214-22-000016,200.0,0,
40533,OK,0000040533-22-000048,200.0,1,
40987,OK,0000040987-22-000040,200.0,0,
47217,OK,0000047217-22-000068,200.0,1,
49826,OK,0000049826-22-000060,200.0,3,
51253,OK,0000051253-22-000030,200.0,5,
56047,OK,0000950170-22-022136,200.0,3,
59478,OK,0000059478-22-000250,200.0,5,
62234,OK,0000062234-22-000046,200.0,4,
66004,OK,0001174947-22-001123,200.0,8,
68505,OK,0000068505-22-000031,200.0,2,
73309,OK,0001564590-22-037206,200.0,4,
77877,OK,0000077877-22-000111,200.0,3,
79879,NO_FILING,,,0,
88205,OK,0000088205-22-000044,200.0,2,
90896,OK,0000950170-22-021249,200.0,5,
92380,OK,0000092380-22-000060,200.0,5,
96021,OK,0000096021-22-000211,200.0,0,
100517,OK,0000100517-22-000078,200.0,5,
105418,OK,0000105418-22-000035,200.0,0,
109657,OK,0001493152-22-030019,200.0,5,
275880,OK,0001564590-22-036205,200.0,7,
314808,OK,0000314808-22-000128,200.0,7,
351817,OK,0000351817-22-000062,200.0,3,
355811,OK,0000355811-22-000043,200.0,0,
707549,OK,0000707549-22-000124,200.0,1,
715957,OK,0001564590-22-036712,200.0,20,
723612,OK,0000723612-22-000051,200.0,6,
731802,OK,0000731802-22-000037,200.0,15,
742278,OK,0001558370-22-015563,200.0,2,
749251,OK,0000749251-22-000035,200.0,2,
764180,OK,0000764180-22-000102,200.0,1,
773840,OK,0000773840-22-000071,200.0,1,
790526,OK,0000790526-22-000018,200.0,4,
794619,OK,0000794619-22-000103,200.0,1,
799167,OK,0001437749-22-026248,200.0,7,
811596,OK,0000950170-22-020028,200.0,0,
814453,OK,0000814453-22-000129,200.0,0,
821026,OK,0000821026-22-000243,200.0,2,
824142,OK,0000824142-22-000233,200.0,1,
833079,OK,0000833079-22-000089,200.0,1,
840489,OK,0000840489-22-000079,200.0,4,
849869,OK,0000849869-22-000125,200.0,0,
860731,OK,0000860731-22-000043,200.0,6,
866291,OK,0000866291-22-000052,200.0,3,
866829,OK,0000866829-22-000032,200.0,2,
874761,OK,0000874761-22-000073,200.0,9,
882796,OK,0001628280-22-028463,200.0,22,
885590,OK,0000885590-22-000061,200.0,3,
889900,OK,0000950170-22-020633,200.0,5,
893949,OK,0000950170-22-021526,200.0,6,
896622,OK,0000896622-22-000031,200.0,3,
906163,OK,0000906163-22-000104,200.0,0,
910406,OK,0000910406-22-000081,200.0,1,
912767,OK,0001558370-22-016242,200.0,0,
917273,OK,0000917273-22-000031,200.0,11,
921738,OK,0000921738-22-000051,200.0,10,
935703,OK,0000935703-22-000073,200.0,0,
946581,OK,0001628280-22-028716,200.0,0,
1000228,OK,0001000228-22-000068,200.0,0,
1001838,OK,0001558370-22-015661,200.0,3,
1013237,OK,0001013237-22-000159,200.0,3,
1015383,OK,0001493152-22-032066,200.0,10,
1020214,OK,0000950170-22-021968,200.0,1,
1022652,OK,0001022652-22-000037,200.0,0,
1034842,OK,0001558370-22-016266,200.0,4,
1038074,OK,0001104659-22-111394,200.0,4,
1043337,OK,0001558370-22-016028,200.0,1,
1046257,OK,0001558370-22-016605,200.0,2,
1050377,OK,0001558370-22-016459,200.0,4,
1055726,OK,0001055726-22-000055,200.0,3,
1060736,OK,0001060736-22-000068,200.0,0,
1062822,OK,0001062822-22-000042,200.0,3,
1069202,OK,0001628280-22-027168,200.0,6,
1070412,OK,0001070412-22-000054,200.0,3,
1080014,OK,0000950170-22-023933,200.0,5,
1093691,OK,0001558370-22-016911,200.0,11,
1101215,OK,0001558370-22-016337,200.0,1,
1107421,OK,0000950170-22-024695,200.0,3,
1110611,OK,0001110611-22-000039,200.0,1,
1118417,OK,0001118417-22-000135,200.0,1,
1124140,OK,0001124140-22-000071,200.0,3,
1125345,OK,0001125345-22-000104,200.0,3,
1128928,OK,0000950170-22-024470,200.0,5,
1144980,OK,0001144980-22-000158,200.0,5,
1158449,OK,0001158449-22-000268,200.0,0,
1159036,OK,0001159036-22-000059,200.0,2,
1164863,OK,0001164863-22-000047,200.0,0,
1171759,OK,0001171759-22-000050,200.0,0,
1178670,OK,0001178670-22-000026,200.0,1,
1206264,OK,0001206264-22-000182,200.0,2,
1219601,OK,0001219601-22-000043,200.0,1,
1255474,OK,0001255474-22-000024,200.0,0,
1266806,OK,0001753926-22-001464,200.0,1,
1280263,OK,0001564590-22-039181,200.0,2,
1282637,OK,0001282637-22-000021,200.0,0,
1286139,OK,0001286139-22-000139,200.0,1,
1287098,OK,0001558370-22-017204,200.0,0,
1289848,OK,0001289848-22-000048,200.0,5,
1300514,OK,0001300514-22-000119,200.0,2,
1309402,OK,0001309402-22-000098,200.0,2,
1318220,OK,0001558370-22-016106,200.0,2,
1323885,OK,0001323885-22-000116,200.0,0,
1326110,OK,0001326110-22-000074,200.0,1,
1327567,OK,0001327567-22-000038,200.0,0,
1341235,OK,0000950170-22-024434,200.0,0,
1348036,OK,0001564590-22-028526,200.0,15,
1356576,OK,0001356576-22-000076,200.0,5,
1361658,OK,0001361658-22-000236,200.0,12,
1366246,OK,0001206774-21-001260,200.0,0,
1369568,OK,0001193125-22-281202,200.0,9,
1373715,NO_FILING,,,0,
1377121,OK,0001558370-22-016908,200.0,2,
1385818,OK,0001558370-22-017751,200.0,5,
1392380,OK,0001392380-22-000036,200.0,6,
1398805,OK,0001683168-22-007522,200.0,2,
1404655,OK,0000950170-22-021289,200.0,7,
1410384,OK,0001410384-22-000071,200.0,3,
1411690,OK,0001411690-22-000029,200.0,5,
1419612,OK,0001178913-22-003868,200.0,11,
1421461,OK,0001421461-22-000034,200.0,1,
1425205,OK,0001558370-22-016295,200.0,2,
1426800,OK,0000950170-22-023233,200.0,1,
1433270,OK,0001558370-22-015411,200.0,12,
1434868,OK,0001628280-22-027479,200.0,48,
1438533,OK,0001438533-22-000051,200.0,1,
1447362,OK,0001447362-22-000172,200.0,2,
1459839,OK,0001459839-22-000044,200.0,0,
1468748,OK,0000950170-22-023870,200.0,1,
1477449,OK,0001558370-22-015977,200.0,6,
1479681,OK,0001607062-22-000727,200.0,3,
1492422,OK,0000950170-22-022606,200.0,5,
1503802,OK,0000950170-22-021917,200.0,9,
1509991,OK,0001509991-22-000064,200.0,7,
1517175,OK,0001517175-22-000012,200.0,4,
1521332,OK,0001521332-22-000056,200.0,0,
1527753,OK,0000950170-22-021272,200.0,0,
1533998,OK,0001558370-22-017769,200.0,7,
1537054,OK,0000950170-22-021698,200.0,15,
1551306,OK,0001551306-22-000035,200.0,1,
1556739,OK,0001556739-22-000021,200.0,1,
1560327,OK,0001560327-22-000098,200.0,4,
1572694,OK,0000950170-22-021910,200.0,2,
1575828,OK,0001437749-22-025773,200.0,10,
1579428,OK,0000950170-22-022710,200.0,5,
1580808,OK,0001580808-22-000187,200.0,0,
1582961,OK,0001582961-22-000051,200.0,2,
1585689,OK,0001585689-22-000164,200.0,10,
1589526,OK,0001589526-22-000091,200.0,1,
1593195,OK,0001593195-21-000039,200.0,3,
1595974,OK,0001595974-22-000059,200.0,7,
1597033,OK,0001597033-22-000093,200.0,1,
1599617,OK,0000950170-22-021024,200.0,2,
1603756,OK,0001603756-22-000076,200.0,1,
1604868,OK,0001628280-22-028688,200.0,19,
1609550,OK,0001609550-22-000049,200.0,2,
1611647,OK,0001437749-22-026352,200.0,4,
1616543,OK,0001558370-22-016867,200.0,1,
1621832,OK,0001437749-22-025754,200.0,8,
1623925,OK,0001558370-22-015403,200.0,3,
1626878,OK,0001171843-22-007285,200.0,5,
1630627,OK,0000950170-22-023530,200.0,3,
1635088,OK,0001140361-22-041175,200.0,6,
1644440,OK,0001644440-22-000026,200.0,2,
1645590,OK,0001645590-22-000071,200.0,6,
1649904,OK,0001558370-22-016818,200.0,9,
1651562,OK,0000950170-22-023939,200.0,1,
1653477,OK,0001653477-22-000042,200.0,1,
1657788,OK,0001558370-22-016145,200.0,1,
1660734,OK,0001660734-22-000092,200.0,4,
1664106,OK,0001564590-22-037503,200.0,1,
1666138,OK,0001666138-22-000128,200.0,1,
1670076,OK,0001670076-22-000059,200.0,7,
1674416,OK,0000950170-22-020845,200.0,2,
1677703,OK,0001677703-22-000043,200.0,2,
1680048,OK,0001558370-22-017819,200.0,1,
1681087,OK,0000950170-22-023269,200.0,2,
1689548,OK,0001689548-22-000125,200.0,1,
1694426,OK,0001694426-22-000159,200.0,3,
1701541,OK,0001701541-22-000037,200.0,0,
1704292,OK,0001628280-22-029246,200.0,6,
1707502,OK,0000950170-22-024163,200.0,2,
1713683,OK,0001713683-22-000123,200.0,1,
1720580,OK,0000950170-22-023230,200.0,4,
1724965,OK,0000950170-22-021374,200.0,1,
1728117,OK,0001728117-22-000100,200.0,1,
1737927,OK,0000950170-22-023921,200.0,10,
1741830,OK,0001741830-22-000035,200.0,0,
1745041,OK,0001745041-22-000019,200.0,1,
1755672,OK,0001755672-22-000026,200.0,2,
1757715,OK,0000950170-22-023937,200.0,2,
1760965,OK,0001760965-22-000051,200.0,1,
1764013,OK,0001764013-22-000140,200.0,0,
1771515,OK,0001771515-22-000151,200.0,1,
1781983,OK,0001558370-22-017205,200.0,1,
1786205,OK,0000950170-22-025099,200.0,0,
1787306,OK,0001787306-22-000071,200.0,5,
1792580,OK,0001564590-22-037075,200.0,9,
1794515,OK,0001794515-22-000173,200.0,3,
1799332,OK,0001493152-22-032240,200.0,2,
1802457,OK,0001802457-22-000058,200.0,5,
1803737,OK,0001803737-22-000119,200.0,0,
1807794,OK,0001628280-22-031244,200.0,5,
1810806,OK,0001810806-22-000084,200.0,2,
1816590,OK,0001816590-22-000115,200.0,1,
1819438,OK,0001628280-22-028231,200.0,5,
1819974,OK,0001819974-22-000085,200.0,3,
1822359,OK,0001213900-22-070146,200.0,12,
1826457,OK,0000950170-22-024447,200.0,0,
1828161,OK,0000950170-22-023544,200.0,6,
1831097,OK,0000950170-22-021905,200.0,3,
1833197,OK,0001558370-22-017443,200.0,0,
1841666,OK,0001784031-22-000028,200.0,8,
1845815,OK,0001558370-22-017161,200.0,1,
1856437,OK,0001856437-22-000036,200.0,1,
1858257,OK,0000950170-22-021999,200.0,7,
1867072,OK,0001558370-22-016438,200.0,0,
1872789,OK,0001872789-22-000024,200.0,12,
