cik,status,fact_rows,accepted_mapped,error
4447,OK,14,14,
19411,OK,33,33,
37996,OK,0,0,
20520,OK,44,44,
39899,OK,9,9,
47111,OK,3,3,
72573,OK,0,0,
47518,OK,28,28,
66756,OK,42,42,
103730,OK,0,0,
98677,OK,0,0,
77877,OK,0,0,
317540,OK,0,0,
717954,OK,0,0,
712515,OK,16,16,
354908,OK,4,4,
718877,OK,0,0,
743316,OK,36,36,
751978,OK,0,0,
804753,OK,0,0,
808450,OK,0,0,
880117,OK,0,0,
859737,OK,0,0,
892553,OK,42,42,
896841,OK,15,15,
928022,OK,46,46,
1060736,OK,42,42,
1073429,OK,9,9,
1010612,OK,0,0,
1089063,OK,0,0,
1102934,OK,6,6,
1110805,OK,0,0,
1126975,OK,0,0,
1136352,OK,0,0,
1338065,OK,0,0,
1318568,OK,20,20,
1348036,OK,36,36,
1369568,OK,42,42,
1378992,OK,0,0,
1439095,OK,16,16,
1561627,OK,34,34,
1552275,OK,0,0,
1592000,OK,0,0,
1596783,OK,33,33,
1613859,OK,30,30,
1621434,OK,0,0,
1644675,OK,33,33,
1647088,OK,19,19,
1678463,OK,36,36,
1723089,OK,33,33,
1785424,OK,12,12,
1747009,OK,30,30,
1794515,OK,0,0,
1799208,OK,19,19,
1802457,OK,12,12,
1803901,OK,15,15,
1811210,OK,20,20,
1818201,OK,11,11,
1819810,OK,15,15,
1819848,OK,0,0,
1819994,OK,10,10,
1822492,OK,23,23,
1828536,OK,9,9,
1856608,OK,15,15,
