ticker,fetch_status,rows,min_date,max_date,error
AACI,OK,126,2026-03-27,2026-09-25,
AAIC-P-B,NO_FILE,0,,,HTTP_404
AAIC-P-C,NO_FILE,0,,,HTTP_404
AAIN,NO_FILE,0,,,HTTP_404
AAM-P-A,NO_FILE,0,,,HTTP_404
AAM-P-B,NO_FILE,0,,,HTTP_404
AAWW,NO_FILE,0,,,HTTP_404
ABMD,NO_FILE,0,,,HTTP_404
ABR-P-A,NO_FILE,0,,,HTTP_404
ABR-P-B,NO_FILE,0,,,HTTP_404
ABR-P-C,NO_FILE,0,,,HTTP_404
ABR-P-D,NO_FILE,0,,,HTTP_404
ABR-P-E,NO_FILE,0,,,HTTP_404
ABR-P-F,NO_FILE,0,,,HTTP_404
ACAXR,NO_FILE,0,,,HTTP_404
ACCD,NO_FILE,0,,,HTTP_404
ACER,NO_FILE,0,,,HTTP_404
ACGLN,OK,1335,2021-06-03,2026-09-25,
ACGLP,NO_FILE,0,,,HTTP_404
ACIA,NO_FILE,0,,,HTTP_404
ACR-P-C,NO_FILE,0,,,HTTP_404
ACR-P-D,NO_FILE,0,,,HTTP_404
ADAC,OK,159,2026-02-09,2026-09-25,
ADC-P-A,NO_FILE,0,,,HTTP_404
ADMS,NO_FILE,0,,,HTTP_404
ADRT,NO_FILE,0,,,HTTP_404
ADSW,NO_FILE,0,,,HTTP_404
ADTH,NO_FILE,0,,,HTTP_404
ADVM,NO_FILE,0,,,HTTP_404
AE,NO_FILE,0,,,HTTP_404
AEGN,NO_FILE,0,,,HTTP_404
AEPPL,NO_FILE,0,,,HTTP_404
AEPPZ,NO_FILE,0,,,HTTP_404
AERI,NO_FILE,0,,,HTTP_404
AESC,NO_FILE,0,,,HTTP_404
AFGB,NO_FILE,0,,,HTTP_404
AFGC,NO_FILE,0,,,HTTP_404
AFGD,NO_FILE,0,,,HTTP_404
AFGE,NO_FILE,0,,,HTTP_404
AFGH,NO_FILE,0,,,HTTP_404
AGBAR,NO_FILE,0,,,HTTP_404
AGFS,NO_FILE,0,,,HTTP_404
AGM-P-A,NO_FILE,0,,,HTTP_404
AGM-P-C,NO_FILE,0,,,HTTP_404
AGM-P-D,NO_FILE,0,,,HTTP_404
AGM-P-E,NO_FILE,0,,,HTTP_404
AGM-P-F,NO_FILE,0,,,HTTP_404
AGM-P-G,NO_FILE,0,,,HTTP_404
AGN,NO_FILE,0,,,HTTP_404
AGNCL,OK,1015,2022-09-09,2026-09-25,
AGNCP,OK,1669,2020-02-05,2026-09-25,
AGTC,NO_FILE,0,,,HTTP_404
AHL-P-C,NO_FILE,0,,,HTTP_404
AHRT-P-A,NO_FILE,0,,,HTTP_404
AHT-P-D,NO_FILE,0,,,HTTP_404
AHT-P-F,NO_FILE,0,,,HTTP_404
AHT-P-G,NO_FILE,0,,,HTTP_404
AHT-P-H,NO_FILE,0,,,HTTP_404
AHT-P-I,NO_FILE,0,,,HTTP_404
AIBBR,NO_FILE,0,,,HTTP_404
AIC,NO_FILE,0,,,HTTP_404
AIMC,NO_FILE,0,,,HTTP_404
AIMT,NO_FILE,0,,,HTTP_404
AINC,NO_FILE,0,,,HTTP_404
AIW,NO_FILE,0,,,HTTP_404
AIZN,NO_FILE,0,,,HTTP_404
AIZP,NO_FILE,0,,,HTTP_404
AJXA,NO_FILE,0,,,HTTP_404
AKCA,NO_FILE,0,,,HTTP_404
AKLI,NO_FILE,0,,,HTTP_404
AKRO,NO_FILE,0,,,HTTP_404
AKUS,NO_FILE,0,,,HTTP_404
AKYA,NO_FILE,0,,,HTTP_404
AL-P-A,NO_FILE,0,,,HTTP_404
ALAC,NO_FILE,0,,,HTTP_404
ALACR,NO_FILE,0,,,HTTP_404
ALBO,NO_FILE,0,,,HTTP_404
ALGR,NO_FILE,0,,,HTTP_404
ALIM,NO_FILE,0,,,HTTP_404
ALL-P-B,NO_FILE,0,,,HTTP_404
ALL-P-G,NO_FILE,0,,,HTTP_404
ALL-P-H,NO_FILE,0,,,HTTP_404
ALL-P-I,NO_FILE,0,,,HTTP_404
ALLK,NO_FILE,0,,,HTTP_404
ALMU,OK,898,2023-02-28,2026-09-25,
ALPN,NO_FILE,0,,,HTTP_404
ALTA,NO_FILE,0,,,HTTP_404
ALTG-P-A,NO_FILE,0,,,HTTP_404
AMAG,NO_FILE,0,,,HTTP_404
AMH-P-D,NO_FILE,0,,,HTTP_404
AMH-P-E,NO_FILE,0,,,HTTP_404
AMH-P-F,NO_FILE,0,,,HTTP_404
AMH-P-G,NO_FILE,0,,,HTTP_404
AMH-P-H,NO_FILE,0,,,HTTP_404
AMJ,NO_FILE,0,,,HTTP_404
AMNB,NO_FILE,0,,,HTTP_404
AMTI,NO_FILE,0,,,HTTP_404
ANDAR,NO_FILE,0,,,HTTP_404
ANG-P-A,NO_FILE,0,,,HTTP_404
ANG-P-B,NO_FILE,0,,,HTTP_404
ANH,NO_FILE,0,,,HTTP_404
ANH-P-B,NO_FILE,0,,,HTTP_404
ANH-P-C,NO_FILE,0,,,HTTP_404
APE,NO_FILE,0,,,HTTP_404
APGN,NO_FILE,0,,,HTTP_404
APLT,NO_FILE,0,,,HTTP_404
APR,NO_FILE,0,,,HTTP_404
APTV-P-A,NO_FILE,0,,,HTTP_404
AQUA,NO_FILE,0,,,HTTP_404
ARA,NO_FILE,0,,,HTTP_404
ARAV,NO_FILE,0,,,HTTP_404
ARES-P-A,NO_FILE,0,,,HTTP_404
ARGO-P-A,NO_FILE,0,,,HTTP_404
ARIZ,NO_FILE,0,,,HTTP_404
ARIZR,NO_FILE,0,,,HTTP_404
ARNA,NO_FILE,0,,,HTTP_404
ARR-P-C,NO_FILE,0,,,HTTP_404
ASB-P-D,NO_FILE,0,,,HTTP_404
ASB-P-E,NO_FILE,0,,,HTTP_404
ASB-P-F,NO_FILE,0,,,HTTP_404
ASCAR,NO_FILE,0,,,HTTP_404
ASFI,NO_FILE,0,,,HTTP_404
ASXC,NO_FILE,0,,,HTTP_404
ATA,NO_FILE,0,,,HTTP_404
ATCO,NO_FILE,0,,,HTTP_404
ATCO-P-D,NO_FILE,0,,,HTTP_404
ATCO-P-E,NO_FILE,0,,,HTTP_404
ATCO-P-G,NO_FILE,0,,,HTTP_404
ATCO-P-H,NO_FILE,0,,,HTTP_404
ATCO-P-I,NO_FILE,0,,,HTTP_404
ATCOL,NO_FILE,0,,,HTTP_404
ATH-P-A,NO_FILE,0,,,HTTP_404
ATH-P-C,NO_FILE,0,,,HTTP_404
ATH-P-D,NO_FILE,0,,,HTTP_404
ATH-P-E,NO_FILE,0,,,HTTP_404
ATLCL,NO_FILE,0,,,HTTP_404
ATLCP,OK,1328,2021-06-14,2026-09-25,
ATPC,OK,764,2023-09-11,2026-09-25,
ATRI,NO_FILE,0,,,HTTP_404
ATRS,NO_FILE,0,,,HTTP_404
ATSG,NO_FILE,0,,,HTTP_404
ATXS,NO_FILE,0,,,HTTP_404
AUB-P-A,NO_FILE,0,,,HTTP_404
AUGX,NO_FILE,0,,,HTTP_404
AUTO,NO_FILE,0,,,HTTP_404
AVCT,NO_FILE,0,,,HTTP_404
AVDL,NO_FILE,0,,,HTTP_404
AVEO,NO_FILE,0,,,HTTP_404
AVGR,NO_FILE,0,,,HTTP_404
AVYA,NO_FILE,0,,,HTTP_404
AXE,NO_FILE,0,,,HTTP_404
AXLA,NO_FILE,0,,,HTTP_404
AXO,NO_FILE,0,,,HTTP_404
AXS-P-E,NO_FILE,0,,,HTTP_404
AYLA,NO_FILE,0,,,HTTP_404
AZPN,NO_FILE,0,,,HTTP_404
BANC-P-E,NO_FILE,0,,,HTTP_404
BASE,NO_FILE,0,,,HTTP_404
BC/PA,NO_FILE,0,,,HTTP_404
BC/PB,NO_FILE,0,,,HTTP_404
BC/PC,NO_FILE,0,,,HTTP_404
BCOV,NO_FILE,0,,,HTTP_404
BDSI,NO_FILE,0,,,HTTP_404
BDXB,NO_FILE,0,,,HTTP_404
BEEP,OK,773,2023-08-28,2026-09-25,
BENER,NO_FILE,0,,,HTTP_404
BFS-P-D,NO_FILE,0,,,HTTP_404
BFS-P-E,NO_FILE,0,,,HTTP_404
BGFV,NO_FILE,0,,,HTTP_404
BGG,NO_FILE,0,,,HTTP_404
BHFAM,OK,1222,2021-11-11,2026-09-25,
BHFAN,OK,1474,2020-11-11,2026-09-25,
BHFAO,OK,1597,2020-05-19,2026-09-25,
BHR-P-B,NO_FILE,0,,,HTTP_404
BHR-P-D,NO_FILE,0,,,HTTP_404
BITE,NO_FILE,0,,,HTTP_404
BITW,NO_FILE,0,,,HTTP_404
BK-P-C,NO_FILE,0,,,HTTP_404
BKDT,NO_FILE,0,,,HTTP_404
BLEUR,NO_FILE,0,,,HTTP_404
BLUE,NO_FILE,0,,,HTTP_404
BMAQ,NO_FILE,0,,,HTTP_404
BMAQR,NO_FILE,0,,,HTTP_404
BMCH,NO_FILE,0,,,HTTP_404
BMYRT,NO_FILE,0,,,HTTP_404
BNFT,NO_FILE,0,,,HTTP_404
BNIXR,NO_FILE,0,,,HTTP_404
BNTCW,NO_FILE,0,,,HTTP_404
BOH-P-A,NO_FILE,0,,,HTTP_404
BOKFL,NO_FILE,0,,,HTTP_404
BPMC,NO_FILE,0,,,HTTP_404
BPMP,NO_FILE,0,,,HTTP_404
BPYUP,NO_FILE,0,,,HTTP_404
BRACR,NO_FILE,0,,,HTTP_404
BREW,NO_FILE,0,,,HTTP_404
BRG-P-C,NO_FILE,0,,,HTTP_404
BRLI,NO_FILE,0,,,HTTP_404
BRLIR,NO_FILE,0,,,HTTP_404
BRPAR,NO_FILE,0,,,HTTP_404
BSX-P-A,NO_FILE,0,,,HTTP_404
BVSN,NO_FILE,0,,,HTTP_404
BW-P-A,NO_FILE,0,,,HTTP_404
BWAC,NO_FILE,0,,,HTTP_404
BWAQR,NO_FILE,0,,,HTTP_404
BWBBP,OK,1282,2021-08-18,2026-09-25,
BWNB,NO_FILE,0,,,HTTP_404
BWSN,NO_FILE,0,,,HTTP_404
BXP-P-B,NO_FILE,0,,,HTTP_404
C-P-J,NO_FILE,0,,,HTTP_404
C-P-K,NO_FILE,0,,,HTTP_404
C-P-S,NO_FILE,0,,,HTTP_404
CAI,OK,320,2025-06-18,2026-09-25,
CAI-P-A,NO_FILE,0,,,HTTP_404
CAIIP,NO_FILE,0,,,HTTP_404
CAP,NO_FILE,0,,,HTTP_404
CARO,NO_FILE,0,,,HTTP_404
CAS,NO_FILE,0,,,HTTP_404
CASI,NO_FILE,0,,,HTTP_404
CBAY,NO_FILE,0,,,HTTP_404
CBB-P-B,NO_FILE,0,,,HTTP_404
CBL-P-D,NO_FILE,0,,,HTTP_404
CBL-P-E,NO_FILE,0,,,HTTP_404
CCLDO,NO_FILE,0,,,HTTP_404
CCLDP,NO_FILE,0,,,HTTP_404
CCLP,NO_FILE,0,,,HTTP_404
CCNEP,OK,1531,2020-08-21,2026-09-25,
CCR,NO_FILE,0,,,HTTP_404
CCSIV,NO_FILE,0,,,HTTP_404
CCXI,OK,159,2026-02-09,2026-09-25,
CCZ,NO_FILE,0,,,HTTP_404
CDMO,NO_FILE,0,,,HTTP_404
CDMOP,NO_FILE,0,,,HTTP_404
CDOR,NO_FILE,0,,,HTTP_404
CDR-P-B,NO_FILE,0,,,HTTP_404
CDR-P-C,NO_FILE,0,,,HTTP_404
CDTX,NO_FILE,0,,,HTTP_404
CDZIP,OK,1316,2021-06-30,2026-09-25,
CEMI,NO_FILE,0,,,HTTP_404
CERE,NO_FILE,0,,,HTTP_404
CETY,OK,925,2023-01-19,2026-09-25,
CFBI,NO_FILE,0,,,HTTP_404
CFMS,NO_FILE,0,,,HTTP_404
CFR-P-B,NO_FILE,0,,,HTTP_404
CHK,NO_FILE,0,,,HTTP_404
CHK-P-D,NO_FILE,0,,,HTTP_404
CHKAQ,NO_FILE,0,,,HTTP_404
CHMI-P-A,NO_FILE,0,,,HTTP_404
CHMI-P-B,NO_FILE,0,,,HTTP_404
CHNG 6,NO_FILE,0,,,HTTP_404
CHS,NO_FILE,0,,,HTTP_404
CHUY,NO_FILE,0,,,HTTP_404
CHWA,NO_FILE,0,,,HTTP_404
CIM-P-A,NO_FILE,0,,,HTTP_404
CIM-P-B,NO_FILE,0,,,HTTP_404
CIM-P-C,NO_FILE,0,,,HTTP_404
CIM-P-D,NO_FILE,0,,,HTTP_404
CINC,NO_FILE,0,,,HTTP_404
CIO,NO_FILE,0,,,HTTP_404
CIO-P-A,NO_FILE,0,,,HTTP_404
CIR,NO_FILE,0,,,HTTP_404
CKPT,NO_FILE,0,,,HTTP_404
CLAQR,NO_FILE,0,,,HTTP_404
CLCT,NO_FILE,0,,,HTTP_404
CLDT-P-A,NO_FILE,0,,,HTTP_404
CLIM,NO_FILE,0,,,HTTP_404
CLOER,NO_FILE,0,,,HTTP_404
CLVT-P-A,NO_FILE,0,,,HTTP_404
CLXT,NO_FILE,0,,,HTTP_404
CMCTP,NO_FILE,0,,,HTTP_404
CMO,NO_FILE,0,,,HTTP_404
CMO-P-E,NO_FILE,0,,,HTTP_404
CMPI,NO_FILE,0,,,HTTP_404
CMRX,NO_FILE,0,,,HTTP_404
CMS-P-C,NO_FILE,0,,,HTTP_404
CNCE,NO_FILE,0,,,HTTP_404
CNFRL,NO_FILE,0,,,HTTP_404
CNO-P-A,NO_FILE,0,,,HTTP_404
CNOBP,OK,1285,2021-08-13,2026-09-25,
CNP-P-B,NO_FILE,0,,,HTTP_404
CNST,NO_FILE,0,,,HTTP_404
CNVY,NO_FILE,0,,,HTTP_404
CNXM,NO_FILE,0,,,HTTP_404
CODI-P-B,NO_FILE,0,,,HTTP_404
COF-P-I,NO_FILE,0,,,HTTP_404
COF-P-J,NO_FILE,0,,,HTTP_404
COF-P-K,NO_FILE,0,,,HTTP_404
COF-P-L,NO_FILE,0,,,HTTP_404
COF-P-N,NO_FILE,0,,,HTTP_404
COOP,NO_FILE,0,,,HTTP_404
CORX,NO_FILE,0,,,HTTP_404
COUP,NO_FILE,0,,,HTTP_404
COWNL,NO_FILE,0,,,HTTP_404
COWNZ,NO_FILE,0,,,HTTP_404
CPAH,NO_FILE,0,,,HTTP_404
CPLG,NO_FILE,0,,,HTTP_404
CPN,NO_FILE,0,,,HTTP_404
CRGEQ,NO_FILE,0,,,HTTP_404
CRHM,NO_FILE,0,,,HTTP_404
CSII,NO_FILE,0,,,HTTP_404
CSPR,NO_FILE,0,,,HTTP_404
CSR-P-C,NO_FILE,0,,,HTTP_404
CSTR,NO_FILE,0,,,HTTP_404
CSWCL,NO_FILE,0,,,HTTP_404
CTAA,OK,113,2026-04-16,2026-09-25,
CTEK,NO_FILE,0,,,HTTP_404
CTG,NO_FILE,0,,,HTTP_404
CTIC,NO_FILE,0,,,HTTP_404
CTO-P-A,NO_FILE,0,,,HTTP_404
CTV,NO_FILE,0,,,HTTP_404
CTY,NO_FILE,0,,,HTTP_404
CTZ,NO_FILE,0,,,HTTP_404
CUBI-P-C,NO_FILE,0,,,HTTP_404
CUBI-P-D,NO_FILE,0,,,HTTP_404
CUBI-P-E,NO_FILE,0,,,HTTP_404
CUBI-P-F,NO_FILE,0,,,HTTP_404
CUK,NO_FILE,0,,,HTTP_404
CUO,NO_FILE,0,,,HTTP_404
CVA,NO_FILE,0,,,HTTP_404
CVET,NO_FILE,0,,,HTTP_404
CVIA,NO_FILE,0,,,HTTP_404
CVT,NO_FILE,0,,,HTTP_404
CXO,NO_FILE,0,,,HTTP_404
CYBE,NO_FILE,0,,,HTTP_404
CYTT,NO_FILE,0,,,HTTP_404
DBRG-P-G,NO_FILE,0,,,HTTP_404
DBRG-P-H,NO_FILE,0,,,HTTP_404
DBRG-P-I,NO_FILE,0,,,HTTP_404
DBRG-P-J,NO_FILE,0,,,HTTP_404
DBS,NO_FILE,0,,,HTTP_404
DBTX,NO_FILE,0,,,HTTP_404
DBV,NO_FILE,0,,,HTTP_404
DCOMP,NO_FILE,0,,,HTTP_404
DCP-P-B,NO_FILE,0,,,HTTP_404
DCP-P-C,NO_FILE,0,,,HTTP_404
DCPH,NO_FILE,0,,,HTTP_404
DENN,NO_FILE,0,,,HTTP_404
DEST,NO_FILE,0,,,HTTP_404
DFS,NO_FILE,0,,,HTTP_404
DGL,NO_FILE,0,,,HTTP_404
DHCNL,NO_FILE,0,,,HTTP_404
DICE,NO_FILE,0,,,HTTP_404
DIVC,NO_FILE,0,,,HTTP_404
DLPH,NO_FILE,0,,,HTTP_404
DLR-P-C,NO_FILE,0,,,HTTP_404
DLR-P-G,NO_FILE,0,,,HTTP_404
DLR-P-I,NO_FILE,0,,,HTTP_404
DLR-P-J,NO_FILE,0,,,HTTP_404
DLR-P-K,NO_FILE,0,,,HTTP_404
DLR-P-L,NO_FILE,0,,,HTTP_404
DNKN,NO_FILE,0,,,HTTP_404
DNR,NO_FILE,0,,,HTTP_404
DOOR,NO_FILE,0,,,HTTP_404
DPSI,NO_FILE,0,,,HTTP_404
DRAY,NO_FILE,0,,,HTTP_404
DRH-P-A,NO_FILE,0,,,HTTP_404
DRNA,NO_FILE,0,,,HTTP_404
DRRX,NO_FILE,0,,,HTTP_404
DRUA,NO_FILE,0,,,HTTP_404
DSEY,NO_FILE,0,,,HTTP_404
DSKE,NO_FILE,0,,,HTTP_404
DTE 6.25,NO_FILE,0,,,HTTP_404
DTG,NO_FILE,0,,,HTTP_404
DTJ,NO_FILE,0,,,HTTP_404
DTQ,NO_FILE,0,,,HTTP_404
DTY,NO_FILE,0,,,HTTP_404
DUK-P-A,NO_FILE,0,,,HTTP_404
DUKH,NO_FILE,0,,,HTTP_404
DVAX,NO_FILE,0,,,HTTP_404
DVCR,NO_FILE,0,,,HTTP_404
DVD,NO_FILE,0,,,HTTP_404
DX-P-B,NO_FILE,0,,,HTTP_404
DX-P-C,NO_FILE,0,,,HTTP_404
EAR,NO_FILE,0,,,HTTP_404
EBAYL,NO_FILE,0,,,HTTP_404
ECOM,NO_FILE,0,,,HTTP_404
EFC-P-A,NO_FILE,0,,,HTTP_404
EFC-P-B,NO_FILE,0,,,HTTP_404
EFSCP,OK,1222,2021-11-11,2026-09-25,
EIDX,NO_FILE,0,,,HTTP_404
EIGI,NO_FILE,0,,,HTTP_404
ELEV,NO_FILE,0,,,HTTP_404
ELVT,NO_FILE,0,,,HTTP_404
EMAN,NO_FILE,0,,,HTTP_404
EMBCV,NO_FILE,0,,,HTTP_404
EMKR,NO_FILE,0,,,HTTP_404
ENBA,NO_FILE,0,,,HTTP_404
ENBL,NO_FILE,0,,,HTTP_404
ENERR,NO_FILE,0,,,HTTP_404
EPIX,NO_FILE,0,,,HTTP_404
EPR-P-C,NO_FILE,0,,,HTTP_404
EPR-P-E,NO_FILE,0,,,HTTP_404
EPR-P-G,NO_FILE,0,,,HTTP_404
EPZM,NO_FILE,0,,,HTTP_404
EQC,NO_FILE,0,,,HTTP_404
EQC-P-D,NO_FILE,0,,,HTTP_404
EQH-P-A,NO_FILE,0,,,HTTP_404
EQH-P-C,NO_FILE,0,,,HTTP_404
EQM,NO_FILE,0,,,HTTP_404
EQRX,NO_FILE,0,,,HTTP_404
ESSC,NO_FILE,0,,,HTTP_404
ET-P-C,NO_FILE,0,,,HTTP_404
ET-P-D,NO_FILE,0,,,HTTP_404
ET-P-E,NO_FILE,0,,,HTTP_404
ETFC,NO_FILE,0,,,HTTP_404
ETNB,NO_FILE,0,,,HTTP_404
ETP-P-C,NO_FILE,0,,,HTTP_404
ETTX,NO_FILE,0,,,HTTP_404
EUCR,NO_FILE,0,,,HTTP_404
EVA,NO_FILE,0,,,HTTP_404
EVBG,NO_FILE,0,,,HTTP_404
EVOK,NO_FILE,0,,,HTTP_404
EXTN,NO_FILE,0,,,HTTP_404
FARO,NO_FILE,0,,,HTTP_404
FBM,NO_FILE,0,,,HTTP_404
FBRT-P-E,NO_FILE,0,,,HTTP_404
FCBP,NO_FILE,0,,,HTTP_404
FCCY,NO_FILE,0,,,HTTP_404
FCRW,NO_FILE,0,,,HTTP_404
FCRX,NO_FILE,0,,,HTTP_404
FCRZ,NO_FILE,0,,,HTTP_404
FDUSG,NO_FILE,0,,,HTTP_404
FDUSL,NO_FILE,0,,,HTTP_404
FDUSZ,NO_FILE,0,,,HTTP_404
FEXDR,NO_FILE,0,,,HTTP_404
FGBIP,OK,1363,2021-04-23,2026-09-25,
FGP,NO_FILE,0,,,HTTP_404
FHN-P-A,NO_FILE,0,,,HTTP_404
FHN-P-B,NO_FILE,0,,,HTTP_404
FHN-P-C,NO_FILE,0,,,HTTP_404
FHN-P-D,NO_FILE,0,,,HTTP_404
FHN-P-E,NO_FILE,0,,,HTTP_404
FHN-P-F,NO_FILE,0,,,HTTP_404
FITB-P-A,NO_FILE,0,,,HTTP_404
FITB-P-I,NO_FILE,0,,,HTTP_404
FITB-P-K,NO_FILE,0,,,HTTP_404
FL,NO_FILE,0,,,HTTP_404
FLG-P-A,NO_FILE,0,,,HTTP_404
FMCI,NO_FILE,0,,,HTTP_404
FMTX,NO_FILE,0,,,HTTP_404
FNA,NO_FILE,0,,,HTTP_404
FNJN,NO_FILE,0,,,HTTP_404
FOSLL,NO_FILE,0,,,HTTP_404
FPI-P-B,NO_FILE,0,,,HTTP_404
FPRX,NO_FILE,0,,,HTTP_404
FRANQ,NO_FILE,0,,,HTTP_404
FREQ,NO_FILE,0,,,HTTP_404
FRGAP,NO_FILE,0,,,HTTP_404
FRT-P-C,NO_FILE,0,,,HTTP_404
FSB,NO_FILE,0,,,HTTP_404
FSCT,NO_FILE,0,,,HTTP_404
FSTX,NO_FILE,0,,,HTTP_404
FTAIN,NO_FILE,0,,,HTTP_404
FTAIO,NO_FILE,0,,,HTTP_404
FTAIP,NO_FILE,0,,,HTTP_404
FTNW,NO_FILE,0,,,HTTP_404
FTPA,NO_FILE,0,,,HTTP_404
FTR,NO_FILE,0,,,HTTP_404
FTSV,NO_FILE,0,,,HTTP_404
FULTP,OK,1487,2020-10-23,2026-09-25,
FUSN,NO_FILE,0,,,HTTP_404
FVE,NO_FILE,0,,,HTTP_404
FXCOR,NO_FILE,0,,,HTTP_404
GACQ,NO_FILE,0,,,HTTP_404
GATO,NO_FILE,0,,,HTTP_404
GBBKR,NO_FILE,0,,,HTTP_404
GBIO,NO_FILE,0,,,HTTP_404
GBLIZ,NO_FILE,0,,,HTTP_404
GBLL,NO_FILE,0,,,HTTP_404
GBT,NO_FILE,0,,,HTTP_404
GCAP,NO_FILE,0,,,HTTP_404
GDNR,NO_FILE,0,,,HTTP_404
GDP,NO_FILE,0,,,HTTP_404
GEENQ,NO_FILE,0,,,HTTP_404
GEGGL,NO_FILE,0,,,HTTP_404
GES,NO_FILE,0,,,HTTP_404
GFGDR,NO_FILE,0,,,HTTP_404
GFN,NO_FILE,0,,,HTTP_404
GFNCP,NO_FILE,0,,,HTTP_404
GFNSL,NO_FILE,0,,,HTTP_404
GFNSZ,NO_FILE,0,,,HTTP_404
GGGVR,NO_FILE,0,,,HTTP_404
GHL,NO_FILE,0,,,HTTP_404
GHSI,NO_FILE,0,,,HTTP_404
GIFI,NO_FILE,0,,,HTTP_404
GIXRT,NO_FILE,0,,,HTTP_404
GL-P-D,NO_FILE,0,,,HTTP_404
GLAQ,NO_FILE,0,,,HTTP_404
GLIBP,NO_FILE,0,,,HTTP_404
GLP-P-A,NO_FILE,0,,,HTTP_404
GLP-P-B,NO_FILE,0,,,HTTP_404
GMS,NO_FILE,0,,,HTTP_404
GMTA,NO_FILE,0,,,HTTP_404
GNC,NO_FILE,0,,,HTTP_404
GNE-P-A,NO_FILE,0,,,HTTP_404
GNL-P-A,NO_FILE,0,,,HTTP_404
GNL-P-B,NO_FILE,0,,,HTTP_404
GNMK,NO_FILE,0,,,HTTP_404
GOODM,NO_FILE,0,,,HTTP_404
GOODO,OK,1322,2021-06-22,2026-09-25,
GORV,NO_FILE,0,,,HTTP_404
GOVN,NO_FILE,0,,,HTTP_404
GPAC,OK,170,2026-01-23,2026-09-25,
GPAQ,NO_FILE,0,,,HTTP_404
GPCOR,NO_FILE,0,,,HTTP_404
GPMT-P-A,NO_FILE,0,,,HTTP_404
GRAF,NO_FILE,0,,,HTTP_404
GRBK-P-A,NO_FILE,0,,,HTTP_404
GREEL,NO_FILE,0,,,HTTP_404
GRNA,NO_FILE,0,,,HTTP_404
GRUB,NO_FILE,0,,,HTTP_404
GRYP,NO_FILE,0,,,HTTP_404
GS-P-A,NO_FILE,0,,,HTTP_404
GS-P-C,NO_FILE,0,,,HTTP_404
GS-P-D,NO_FILE,0,,,HTTP_404
GS-P-J,NO_FILE,0,,,HTTP_404
GS-P-K,NO_FILE,0,,,HTTP_404
GS-P-N,NO_FILE,0,,,HTTP_404
GSB,NO_FILE,0,,,HTTP_404
GTHX,NO_FILE,0,,,HTTP_404
GTLS-P-B,NO_FILE,0,,,HTTP_404
GTS,NO_FILE,0,,,HTTP_404
GTXAP,NO_FILE,0,,,HTTP_404
GTYH,NO_FILE,0,,,HTTP_404
GVP,NO_FILE,0,,,HTTP_404
GWGHQ,NO_FILE,0,,,HTTP_404
GWII,NO_FILE,0,,,HTTP_404
GWPH,NO_FILE,0,,,HTTP_404
HA,NO_FILE,0,,,HTTP_404
HABT,NO_FILE,0,,,HTTP_404
HARP,NO_FILE,0,,,HTTP_404
HBI,NO_FILE,0,,,HTTP_404
HBMD,NO_FILE,0,,,HTTP_404
HBP,NO_FILE,0,,,HTTP_404
HCAPZ,NO_FILE,0,,,HTTP_404
HCCH,NO_FILE,0,,,HTTP_404
HCCHR,NO_FILE,0,,,HTTP_404
HCXZ,NO_FILE,0,,,HTTP_404
HDS,NO_FILE,0,,,HTTP_404
HEES,NO_FILE,0,,,HTTP_404
HGH,NO_FILE,0,,,HTTP_404
HHGCR,NO_FILE,0,,,HTTP_404
HI,NO_FILE,0,,,HTTP_404
HIBB,NO_FILE,0,,,HTTP_404
HIG-P-G,NO_FILE,0,,,HTTP_404
HIL,NO_FILE,0,,,HTTP_404
HLVX,NO_FILE,0,,,HTTP_404
HMAC,NO_FILE,0,,,HTTP_404
HMACR,NO_FILE,0,,,HTTP_404
HMG,NO_FILE,0,,,HTTP_404
HMHC,NO_FILE,0,,,HTTP_404
HMPT,NO_FILE,0,,,HTTP_404
HMST,NO_FILE,0,,,HTTP_404
HNNAZ,NO_FILE,0,,,HTTP_404
HOME,NO_FILE,0,,,HTTP_404
HOUS,NO_FILE,0,,,HTTP_404
HPP-P-C,NO_FILE,0,,,HTTP_404
HPR,NO_FILE,0,,,HTTP_404
HRT,NO_FILE,0,,,HTTP_404
HSII,NO_FILE,0,,,HTTP_404
HT-P-C,NO_FILE,0,,,HTTP_404
HT-P-D,NO_FILE,0,,,HTTP_404
HT-P-E,NO_FILE,0,,,HTTP_404
HTFA,NO_FILE,0,,,HTTP_404
HTFC,NO_FILE,0,,,HTTP_404
HTLF,NO_FILE,0,,,HTTP_404
HTLFP,NO_FILE,0,,,HTTP_404
HUDAR,NO_FILE,0,,,HTTP_404
HVBC,NO_FILE,0,,,HTTP_404
HWCC,NO_FILE,0,,,HTTP_404
HWCPL,NO_FILE,0,,,HTTP_404
HWCPZ,NO_FILE,0,,,HTTP_404
HZN,NO_FILE,0,,,HTTP_404
I,NO_FILE,0,,,HTTP_404
IAS,NO_FILE,0,,,HTTP_404
IAUM,NO_FILE,0,,,HTTP_404
IBKC,NO_FILE,0,,,HTTP_404
ICAD,NO_FILE,0,,,HTTP_404
ICBK,NO_FILE,0,,,HTTP_404
ICCH,NO_FILE,0,,,HTTP_404
ICON,OK,554,2024-07-12,2026-09-25,
ICPT,NO_FILE,0,,,HTTP_404
ICR-P-A,NO_FILE,0,,,HTTP_404
ICVX,NO_FILE,0,,,HTTP_404
IEC,NO_FILE,0,,,HTTP_404
IFF-WI,NO_FILE,0,,,HTTP_404
IGMS,NO_FILE,0,,,HTTP_404
IIN,NO_FILE,0,,,HTTP_404
IIPR-P-A,NO_FILE,0,,,HTTP_404
IMBIL,NO_FILE,0,,,HTTP_404
IMGN,NO_FILE,0,,,HTTP_404
IMGO,NO_FILE,0,,,HTTP_404
IMH-P--B,NO_FILE,0,,,HTTP_404
IMH-P--C,NO_FILE,0,,,HTTP_404
IMMU,NO_FILE,0,,,HTTP_404
INAPQ,NO_FILE,0,,,HTTP_404
INBKL,NO_FILE,0,,,HTTP_404
INBX,OK,584,2024-05-29,2026-09-25,
INFA,NO_FILE,0,,,HTTP_404
INN-P-D,NO_FILE,0,,,HTTP_404
INN-P-E,NO_FILE,0,,,HTTP_404
INN-P-F,NO_FILE,0,,,HTTP_404
INWK,NO_FILE,0,,,HTTP_404
INZY,NO_FILE,0,,,HTTP_404
IOTS,NO_FILE,0,,,HTTP_404
IPHI,NO_FILE,0,,,HTTP_404
ISEE,NO_FILE,0,,,HTTP_404
ISLE,NO_FILE,0,,,HTTP_404
ISO,NO_FILE,0,,,HTTP_404
ITCI,NO_FILE,0,,,HTTP_404
ITG,OK,61,2026-07-01,2026-09-25,
ITI,NO_FILE,0,,,HTTP_404
ITOS,NO_FILE,0,,,HTTP_404
IVAC,NO_FILE,0,,,HTTP_404
IVR-P-A,NO_FILE,0,,,HTTP_404
IVR-P-B,NO_FILE,0,,,HTTP_404
IVR-P-C,NO_FILE,0,,,HTTP_404
JAMF,NO_FILE,0,,,HTTP_404
JCAP,OK,315,2025-06-26,2026-09-25,
JCAP-P-B,NO_FILE,0,,,HTTP_404
JGGCR,NO_FILE,0,,,HTTP_404
JMP,NO_FILE,0,,,HTTP_404
JMPNZ,NO_FILE,0,,,HTTP_404
JNCE,NO_FILE,0,,,HTTP_404
JOANQ,NO_FILE,0,,,HTTP_404
JPM-P-C,NO_FILE,0,,,HTTP_404
JPM-P-D,NO_FILE,0,,,HTTP_404
JPM-P-G,NO_FILE,0,,,HTTP_404
JPM-P-J,NO_FILE,0,,,HTTP_404
JPM-P-K,NO_FILE,0,,,HTTP_404
JPM-P-L,NO_FILE,0,,,HTTP_404
JWACR,NO_FILE,0,,,HTTP_404
KACL,NO_FILE,0,,,HTTP_404
KACLR,NO_FILE,0,,,HTTP_404
KAMN,NO_FILE,0,,,HTTP_404
KBLMR,NO_FILE,0,,,HTTP_404
KCAPL,NO_FILE,0,,,HTTP_404
KDMN,NO_FILE,0,,,HTTP_404
KDNY,NO_FILE,0,,,HTTP_404
KEM,NO_FILE,0,,,HTTP_404
KIM-P-L,NO_FILE,0,,,HTTP_404
KIM-P-M,NO_FILE,0,,,HTTP_404
KIN,NO_FILE,0,,,HTTP_404
KKR-P-A,NO_FILE,0,,,HTTP_404
KKR-P-B,NO_FILE,0,,,HTTP_404
KKR-P-C,NO_FILE,0,,,HTTP_404
KLR,NO_FILE,0,,,HTTP_404
KMPB,OK,1137,2022-03-16,2026-09-25,
KMPH,NO_FILE,0,,,HTTP_404
KNL,NO_FILE,0,,,HTTP_404
KNTE,NO_FILE,0,,,HTTP_404
KOR,NO_FILE,0,,,HTTP_404
KRTX,NO_FILE,0,,,HTTP_404
KSU-P,NO_FILE,0,,,HTTP_404
KYCHR,NO_FILE,0,,,HTTP_404
LABP,NO_FILE,0,,,HTTP_404
LANDM,NO_FILE,0,,,HTTP_404
LANDO,OK,1491,2020-10-19,2026-09-25,
LANDP,OK,828,2023-06-08,2026-09-25,
LATN,NO_FILE,0,,,HTTP_404
LAXXR,NO_FILE,0,,,HTTP_404
LBBB,NO_FILE,0,,,HTTP_404
LBBBR,NO_FILE,0,,,HTTP_404
LBCC,NO_FILE,0,,,HTTP_404
LBPH,NO_FILE,0,,,HTTP_404
LBRDP,NO_FILE,0,,,HTTP_404
LBY,NO_FILE,0,,,HTTP_404
LEAF,NO_FILE,0,,,HTTP_404
LEVL,NO_FILE,0,,,HTTP_404
LEVLP,NO_FILE,0,,,HTTP_404
LFACW,NO_FILE,0,,,HTTP_404
LFT-P-A,NO_FILE,0,,,HTTP_404
LILAR,NO_FILE,0,,,HTTP_404
LILAV,NO_FILE,0,,,HTTP_404
LILKV,NO_FILE,0,,,HTTP_404
LJAQ,NO_FILE,0,,,HTTP_404
LLEX,NO_FILE,0,,,HTTP_404
LM,NO_FILE,0,,,HTTP_404
LMIBL,NO_FILE,0,,,HTTP_404
LMICL,NO_FILE,0,,,HTTP_404
LMMKP,NO_FILE,0,,,HTTP_404
LMNX,NO_FILE,0,,,HTTP_404
LMRK,NO_FILE,0,,,HTTP_404
LMRKO,NO_FILE,0,,,HTTP_404
LMRKP,NO_FILE,0,,,HTTP_404
LNC-P-D,NO_FILE,0,,,HTTP_404
LOAC,NO_FILE,0,,,HTTP_404
LOACR,NO_FILE,0,,,HTTP_404
LOGM,NO_FILE,0,,,HTTP_404
LORL,NO_FILE,0,,,HTTP_404
LTHM,NO_FILE,0,,,HTTP_404
LUMO,NO_FILE,0,,,HTTP_404
LVGO,NO_FILE,0,,,HTTP_404
LXP-P-C,NO_FILE,0,,,HTTP_404
MAA-P-I,NO_FILE,0,,,HTTP_404
MAAQR,NO_FILE,0,,,HTTP_404
MACU,NO_FILE,0,,,HTTP_404
MAXR,NO_FILE,0,,,HTTP_404
MBINM,OK,1004,2022-09-26,2026-09-25,
MBINO,NO_FILE,0,,,HTTP_404
MBINP,NO_FILE,0,,,HTTP_404
MBTCR,NO_FILE,0,,,HTTP_404
MCACR,NO_FILE,0,,,HTTP_404
MCADR,NO_FILE,0,,,HTTP_404
MCAF,NO_FILE,0,,,HTTP_404
MCAFR,NO_FILE,0,,,HTTP_404
MCAGR,NO_FILE,0,,,HTTP_404
MCBC,NO_FILE,0,,,HTTP_404
MCEP,NO_FILE,0,,,HTTP_404
MCF,NO_FILE,0,,,HTTP_404
MCVT,NO_FILE,0,,,HTTP_404
MDC,NO_FILE,0,,,HTTP_404
MDRRP,NO_FILE,0,,,HTTP_404
MDVL,NO_FILE,0,,,HTTP_404
MDWT,NO_FILE,0,,,HTTP_404
MEET,NO_FILE,0,,,HTTP_404
MEME,NO_FILE,0,,,HTTP_404
MET-P-A,NO_FILE,0,,,HTTP_404
MET-P-E,NO_FILE,0,,,HTTP_404
METCL,NO_FILE,0,,,HTTP_404
MFA-P-B,NO_FILE,0,,,HTTP_404
MFA-P-C,NO_FILE,0,,,HTTP_404
MFINL,NO_FILE,0,,,HTTP_404
MFO,NO_FILE,0,,,HTTP_404
MFSF,NO_FILE,0,,,HTTP_404
MGRB,NO_FILE,0,,,HTTP_404
MGRD,NO_FILE,0,,,HTTP_404
MGTA,NO_FILE,0,,,HTTP_404
MH-P-A,NO_FILE,0,,,HTTP_404
MH-P-C,NO_FILE,0,,,HTTP_404
MH-P-D,NO_FILE,0,,,HTTP_404
MHLD,NO_FILE,0,,,HTTP_404
MIK,NO_FILE,0,,,HTTP_404
MILE,NO_FILE,0,,,HTTP_404
MINDP,NO_FILE,0,,,HTTP_404
MINI,NO_FILE,0,,,HTTP_404
MIRO,NO_FILE,0,,,HTTP_404
MITT-P-A,NO_FILE,0,,,HTTP_404
MITT-P-B,NO_FILE,0,,,HTTP_404
MITT-P-C,NO_FILE,0,,,HTTP_404
MIXT,NO_FILE,0,,,HTTP_404
MJCO,NO_FILE,0,,,HTTP_404
MKFG,NO_FILE,0,,,HTTP_404
MLNX,NO_FILE,0,,,HTTP_404
MLPC,NO_FILE,0,,,HTTP_404
MLPY,NO_FILE,0,,,HTTP_404
MMAC,NO_FILE,0,,,HTTP_404
MNDT,NO_FILE,0,,,HTTP_404
MNSBP,OK,1514,2020-09-16,2026-09-25,
MNTA,NO_FILE,0,,,HTTP_404
MNTV,NO_FILE,0,,,HTTP_404
MNTX,NO_FILE,0,,,HTTP_404
MODV,NO_FILE,0,,,HTTP_404
MOFG,NO_FILE,0,,,HTTP_404
MORF,NO_FILE,0,,,HTTP_404
MR,NO_FILE,0,,,HTTP_404
MRCCL,NO_FILE,0,,,HTTP_404
MRLN,OK,455,2024-12-02,2026-09-25,
MRNS,NO_FILE,0,,,HTTP_404
MRSN,NO_FILE,0,,,HTTP_404
MRTX,NO_FILE,0,,,HTTP_404
MRUS,NO_FILE,0,,,HTTP_404
MS-P-A,NO_FILE,0,,,HTTP_404
MS-P-E,NO_FILE,0,,,HTTP_404
MS-P-F,NO_FILE,0,,,HTTP_404
MS-P-I,NO_FILE,0,,,HTTP_404
MS-P-K,NO_FILE,0,,,HTTP_404
MS-P-L,NO_FILE,0,,,HTTP_404
MS-P-P,NO_FILE,0,,,HTTP_404
MSBF,NO_FILE,0,,,HTTP_404
MSBIP,OK,1023,2022-08-29,2026-09-25,
MSP,NO_FILE,0,,,HTTP_404
MTB-P-H,NO_FILE,0,,,HTTP_404
MTCR,NO_FILE,0,,,HTTP_404
MTOR,NO_FILE,0,,,HTTP_404
MTSC,NO_FILE,0,,,HTTP_404
MYL,NO_FILE,0,,,HTTP_404
MYOK,NO_FILE,0,,,HTTP_404
MYOV,NO_FILE,0,,,HTTP_404
NAPA,NO_FILE,0,,,HTTP_404
NARI,NO_FILE,0,,,HTTP_404
NATI,NO_FILE,0,,,HTTP_404
NB,OK,883,2023-03-21,2026-09-25,
NBAC,NO_FILE,0,,,HTTP_404
NBACR,NO_FILE,0,,,HTTP_404
NBL,NO_FILE,0,,,HTTP_404
NBLX,NO_FILE,0,,,HTTP_404
NBSE,NO_FILE,0,,,HTTP_404
NEEPR,NO_FILE,0,,,HTTP_404
NEOS,NO_FILE,0,,,HTTP_404
NES,NO_FILE,0,,,HTTP_404
NESR,OK,557,2024-07-09,2026-09-25,
NEWR,NO_FILE,0,,,HTTP_404
NGA,NO_FILE,0,,,HTTP_404
NGC,NO_FILE,0,,,HTTP_404
NGHC,NO_FILE,0,,,HTTP_404
NGHCP,NO_FILE,0,,,HTTP_404
NGHCZ,NO_FILE,0,,,HTTP_404
NGIO,NO_FILE,0,,,HTTP_404
NGL-P-B,NO_FILE,0,,,HTTP_404
NGLS-P-A,NO_FILE,0,,,HTTP_404
NGM,NO_FILE,0,,,HTTP_404
NI-P-B,NO_FILE,0,,,HTTP_404
NIHD,NO_FILE,0,,,HTTP_404
NIMC,NO_FILE,0,,,HTTP_404
NKLA,NO_FILE,0,,,HTTP_404
NLSN,NO_FILE,0,,,HTTP_404
NLY-P-D,NO_FILE,0,,,HTTP_404
NLY-P-F,NO_FILE,0,,,HTTP_404
NLY-P-G,NO_FILE,0,,,HTTP_404
NLY-P-I,NO_FILE,0,,,HTTP_404
NMFCL,NO_FILE,0,,,HTTP_404
NOAC,NO_FILE,0,,,HTTP_404
NOVA,NO_FILE,0,,,HTTP_404
NOVV,NO_FILE,0,,,HTTP_404
NOVVR,NO_FILE,0,,,HTTP_404
NP,OK,248,2025-10-01,2026-09-25,
NPTN,NO_FILE,0,,,HTTP_404
NREF-P-A,NO_FILE,0,,,HTTP_404
NS-P-A,NO_FILE,0,,,HTTP_404
NS-P-B,NO_FILE,0,,,HTTP_404
NS-P-C,NO_FILE,0,,,HTTP_404
NSA-P-A,NO_FILE,0,,,HTTP_404
NSEC,NO_FILE,0,,,HTTP_404
NTGN,NO_FILE,0,,,HTTP_404
NTTNP,NO_FILE,0,,,HTTP_404
NURO,NO_FILE,0,,,HTTP_404
NVRO,NO_FILE,0,,,HTTP_404
NWHM,NO_FILE,0,,,HTTP_404
NXDT-P-A,NO_FILE,0,,,HTTP_404
NXGN,NO_FILE,0,,,HTTP_404
NYMTO,NO_FILE,0,,,HTTP_404
NYMTP,NO_FILE,0,,,HTTP_404
NYMTZ,NO_FILE,0,,,HTTP_404
OAK-P-A,NO_FILE,0,,,HTTP_404
OAK-P-B,NO_FILE,0,,,HTTP_404
OAS,NO_FILE,0,,,HTTP_404
OBCI,NO_FILE,0,,,HTTP_404
OCDX,NO_FILE,0,,,HTTP_404
OCFCP,NO_FILE,0,,,HTTP_404
ODP,NO_FILE,0,,,HTTP_404
OFG-P-A,NO_FILE,0,,,HTTP_404
OFG-P-B,NO_FILE,0,,,HTTP_404
OFG-P-D,NO_FILE,0,,,HTTP_404
OFSSG,NO_FILE,0,,,HTTP_404
OFSSH,NO_FILE,0,,,HTTP_404
OFSSI,NO_FILE,0,,,HTTP_404
OFSSL,NO_FILE,0,,,HTTP_404
OFSSZ,NO_FILE,0,,,HTTP_404
OMGA,NO_FILE,0,,,HTTP_404
OMIC,NO_FILE,0,,,HTTP_404
OMN,NO_FILE,0,,,HTTP_404
OMP,NO_FILE,0,,,HTTP_404
ONCE,NO_FILE,0,,,HTTP_404
ONCT,NO_FILE,0,,,HTTP_404
ONDK,NO_FILE,0,,,HTTP_404
ONEM,NO_FILE,0,,,HTTP_404
OPOF,NO_FILE,0,,,HTTP_404
OPTN,NO_FILE,0,,,HTTP_404
ORBC,NO_FILE,0,,,HTTP_404
ORSN,NO_FILE,0,,,HTTP_404
ORSNR,NO_FILE,0,,,HTTP_404
ORTX,NO_FILE,0,,,HTTP_404
OSH,NO_FILE,0,,,HTTP_404
OTIV,NO_FILE,0,,,HTTP_404
OXFD,NO_FILE,0,,,HTTP_404
OXSQG,NO_FILE,0,,,HTTP_404
OXSQL,NO_FILE,0,,,HTTP_404
OXSQZ,NO_FILE,0,,,HTTP_404
OYST,NO_FILE,0,,,HTTP_404
PACW,NO_FILE,0,,,HTTP_404
PACWP,NO_FILE,0,,,HTTP_404
PAFO,NO_FILE,0,,,HTTP_404
PAFOR,NO_FILE,0,,,HTTP_404
PATI,NO_FILE,0,,,HTTP_404
PBB,NO_FILE,0,,,HTTP_404
PBC,NO_FILE,0,,,HTTP_404
PBFX,NO_FILE,0,,,HTTP_404
PBIP,NO_FILE,0,,,HTTP_404
PBPB,NO_FILE,0,,,HTTP_404
PBY,NO_FILE,0,,,HTTP_404
PCGU,NO_FILE,0,,,HTTP_404
PDCO,NO_FILE,0,,,HTTP_404
PDLI,NO_FILE,0,,,HTTP_404
PEB-P-C,NO_FILE,0,,,HTTP_404
PEB-P-D,NO_FILE,0,,,HTTP_404
PEB-P-E,NO_FILE,0,,,HTTP_404
PEB-P-F,NO_FILE,0,,,HTTP_404
PEB-P-G,NO_FILE,0,,,HTTP_404
PEB-P-H,NO_FILE,0,,,HTTP_404
PET,NO_FILE,0,,,HTTP_404
PFH,OK,1523,2020-09-02,2026-09-25,
PFIE,NO_FILE,0,,,HTTP_404
PFNX,NO_FILE,0,,,HTTP_404
PFPT,NO_FILE,0,,,HTTP_404
PFSW,NO_FILE,0,,,HTTP_404
PGNX,NO_FILE,0,,,HTTP_404
PGRE,NO_FILE,0,,,HTTP_404
PGTI,NO_FILE,0,,,HTTP_404
PIK,NO_FILE,0,,,HTTP_404
PING,NO_FILE,0,,,HTTP_404
PIRS,NO_FILE,0,,,HTTP_404
PIXY,NO_FILE,0,,,HTTP_404
PJH,NO_FILE,0,,,HTTP_404
PLAN,NO_FILE,0,,,HTTP_404
PLL,NO_FILE,0,,,HTTP_404
PLYA,NO_FILE,0,,,HTTP_404
PLYM,NO_FILE,0,,,HTTP_404
PLYM-P-A,NO_FILE,0,,,HTTP_404
PME,NO_FILE,0,,,HTTP_404
PMT-P-A,NO_FILE,0,,,HTTP_404
PMT-P-B,NO_FILE,0,,,HTTP_404
PMT-P-C,NO_FILE,0,,,HTTP_404
PNC-P-P,NO_FILE,0,,,HTTP_404
PNC-P-Q,NO_FILE,0,,,HTTP_404
PNFPP,NO_FILE,0,,,HTTP_404
PNNTG,NO_FILE,0,,,HTTP_404
PNT,NO_FILE,0,,,HTTP_404
POWWP,OK,1343,2021-05-21,2026-09-25,
PPHPR,NO_FILE,0,,,HTTP_404
PPTA,OK,1408,2021-02-18,2026-09-25,
PRDS,NO_FILE,0,,,HTTP_404
PRFT,NO_FILE,0,,,HTTP_404
PRGX,NO_FILE,0,,,HTTP_404
PRH,NO_FILE,0,,,HTTP_404
PRNB,NO_FILE,0,,,HTTP_404
PRO,NO_FILE,0,,,HTTP_404
PRTK,NO_FILE,0,,,HTTP_404
PRVB,NO_FILE,0,,,HTTP_404
PRVL,NO_FILE,0,,,HTTP_404
PS,OK,104,2026-04-29,2026-09-25,
PSA-P-F,NO_FILE,0,,,HTTP_404
PSA-P-G,NO_FILE,0,,,HTTP_404
PSA-P-H,NO_FILE,0,,,HTTP_404
PSA-P-I,NO_FILE,0,,,HTTP_404
PSA-P-J,NO_FILE,0,,,HTTP_404
PSA-P-K,NO_FILE,0,,,HTTP_404
PSA-P-L,NO_FILE,0,,,HTTP_404
PSA-P-M,NO_FILE,0,,,HTTP_404
PSA-P-N,NO_FILE,0,,,HTTP_404
PSA-P-O,NO_FILE,0,,,HTTP_404
PSA-P-P,NO_FILE,0,,,HTTP_404
PSA-P-Q,NO_FILE,0,,,HTTP_404
PSA-P-R,NO_FILE,0,,,HTTP_404
PSA-P-S,NO_FILE,0,,,HTTP_404
PSEC-P-A,NO_FILE,0,,,HTTP_404
PSTX,NO_FILE,0,,,HTTP_404
PSXP,NO_FILE,0,,,HTTP_404
PTLA,NO_FILE,0,,,HTTP_404
PTVE,NO_FILE,0,,,HTTP_404
PYCR,NO_FILE,0,,,HTTP_404
PYX,NO_FILE,0,,,HTTP_404
QEP,NO_FILE,0,,,HTTP_404
QES,NO_FILE,0,,,HTTP_404
QHC,NO_FILE,0,,,HTTP_404
QOMOR,NO_FILE,0,,,HTTP_404
QTNT,NO_FILE,0,,,HTTP_404
QTS-P-A,NO_FILE,0,,,HTTP_404
QTTTP,NO_FILE,0,,,HTTP_404
QUMU,NO_FILE,0,,,HTTP_404
QUOT,NO_FILE,0,,,HTTP_404
RAPT,NO_FILE,0,,,HTTP_404
RARX,NO_FILE,0,,,HTTP_404
RAVN,NO_FILE,0,,,HTTP_404
RBCP,NO_FILE,0,,,HTTP_404
RC-P-B,NO_FILE,0,,,HTTP_404
RC-P-C,NO_FILE,0,,,HTTP_404
RC-P-D,NO_FILE,0,,,HTTP_404
RC-P-E,NO_FILE,0,,,HTTP_404
RCA,NO_FILE,0,,,HTTP_404
RCB,NO_FILE,0,,,HTTP_404
RCOR,NO_FILE,0,,,HTTP_404
RCP,NO_FILE,0,,,HTTP_404
RDFN,NO_FILE,0,,,HTTP_404
RDUS,NO_FILE,0,,,HTTP_404
REGI,NO_FILE,0,,,HTTP_404
RELI,NO_FILE,0,,,HTTP_404
RESI,NO_FILE,0,,,HTTP_404
RESN,NO_FILE,0,,,HTTP_404
REVE,NO_FILE,0,,,HTTP_404
REVG,NO_FILE,0,,,HTTP_404
REXR-P-A,NO_FILE,0,,,HTTP_404
REXR-P-B,NO_FILE,0,,,HTTP_404
REXR-P-C,NO_FILE,0,,,HTTP_404
RF-P-A,NO_FILE,0,,,HTTP_404
RF-P-B,NO_FILE,0,,,HTTP_404
RF-P-C,NO_FILE,0,,,HTTP_404
RF-P-E,NO_FILE,0,,,HTTP_404
RFACR,NO_FILE,0,,,HTTP_404
RFP,NO_FILE,0,,,HTTP_404
RGLS,NO_FILE,0,,,HTTP_404
RILYG,NO_FILE,0,,,HTTP_404
RILYH,NO_FILE,0,,,HTTP_404
RILYI,NO_FILE,0,,,HTTP_404
RILYK,NO_FILE,0,,,HTTP_404
RILYL,OK,1520,2020-09-08,2026-09-25,
RILYM,NO_FILE,0,,,HTTP_404
RILYO,NO_FILE,0,,,HTTP_404
RILYT,NO_FILE,0,,,HTTP_404
RILYZ,NO_FILE,0,,,HTTP_404
RITM-P-A,NO_FILE,0,,,HTTP_404
RITM-P-B,NO_FILE,0,,,HTTP_404
RITM-P-C,NO_FILE,0,,,HTTP_404
RITM-P-D,NO_FILE,0,,,HTTP_404
RIVE,NO_FILE,0,,,HTTP_404
RJF-P-A,NO_FILE,0,,,HTTP_404
RJF-P-B,NO_FILE,0,,,HTTP_404
RKLY,NO_FILE,0,,,HTTP_404
RLH,NO_FILE,0,,,HTTP_404
RLJ-P-A,NO_FILE,0,,,HTTP_404
RNA,OK,146,2026-02-27,2026-09-25,
RNET,NO_FILE,0,,,HTTP_404
RNR-P-E,NO_FILE,0,,,HTTP_404
RNR-P-F,NO_FILE,0,,,HTTP_404
RNWK,NO_FILE,0,,,HTTP_404
ROC,OK,150,2026-02-23,2026-09-25,
ROCL,NO_FILE,0,,,HTTP_404
ROCR,NO_FILE,0,,,HTTP_404
RPHM,NO_FILE,0,,,HTTP_404
RPT-P-D,NO_FILE,0,,,HTTP_404
RPTX,NO_FILE,0,,,HTTP_404
RST,NO_FILE,0,,,HTTP_404
RTIX,NO_FILE,0,,,HTTP_404
RTLPO,NO_FILE,0,,,HTTP_404
RTLPP,NO_FILE,0,,,HTTP_404
RTLR,NO_FILE,0,,,HTTP_404
RTN,NO_FILE,0,,,HTTP_404
RTW,NO_FILE,0,,,HTTP_404
RUBI,OK,289,2025-08-04,2026-09-25,
RVI,OK,141,2026-03-06,2026-09-25,
RVNC,NO_FILE,0,,,HTTP_404
RWAYL,NO_FILE,0,,,HTTP_404
RWAYZ,NO_FILE,0,,,HTTP_404
RXDX,NO_FILE,0,,,HTTP_404
RYI,NO_FILE,0,,,HTTP_404
RZA,NO_FILE,0,,,HTTP_404
RZB,NO_FILE,0,,,HTTP_404
RZC,NO_FILE,0,,,HTTP_404
SABRP,NO_FILE,0,,,HTTP_404
SAF,NO_FILE,0,,,HTTP_404
SAGAR,NO_FILE,0,,,HTTP_404
SAGE,NO_FILE,0,,,HTTP_404
SAIL,OK,406,2025-02-13,2026-09-25,
SAJ,NO_FILE,0,,,HTTP_404
SAK,NO_FILE,0,,,HTTP_404
SAMA,NO_FILE,0,,,HTTP_404
SASI,NO_FILE,0,,,HTTP_404
SAT,NO_FILE,0,,,HTTP_404
SAY,OK,946,2022-12-16,2026-09-25,
SBBP,NO_FILE,0,,,HTTP_404
SBBX,NO_FILE,0,,,HTTP_404
SCA,NO_FILE,0,,,HTTP_404
SCCB,NO_FILE,0,,,HTTP_404
SCCC,NO_FILE,0,,,HTTP_404
SCCG,NO_FILE,0,,,HTTP_404
SCPH,NO_FILE,0,,,HTTP_404
SCTL,NO_FILE,0,,,HTTP_404
SDI,NO_FILE,0,,,HTTP_404
SDPI,NO_FILE,0,,,HTTP_404
SESG,NO_FILE,0,,,HTTP_404
SF-P-A,NO_FILE,0,,,HTTP_404
SF-P-B,NO_FILE,0,,,HTTP_404
SF-P-C,NO_FILE,0,,,HTTP_404
SF-P-D,NO_FILE,0,,,HTTP_404
SFB,NO_FILE,0,,,HTTP_404
SGB,NO_FILE,0,,,HTTP_404
SGMA,NO_FILE,0,,,HTTP_404
SGTX,NO_FILE,0,,,HTTP_404
SHLO,NO_FILE,0,,,HTTP_404
SHLX,NO_FILE,0,,,HTTP_404
SHO-P-E,NO_FILE,0,,,HTTP_404
SHO-P-F,NO_FILE,0,,,HTTP_404
SHO-P-H,NO_FILE,0,,,HTTP_404
SHO-P-I,NO_FILE,0,,,HTTP_404
SHSP,NO_FILE,0,,,HTTP_404
SHYF,NO_FILE,0,,,HTTP_404
SILA,NO_FILE,0,,,HTTP_404
SILK,NO_FILE,0,,,HTTP_404
SIRE,NO_FILE,0,,,HTTP_404
SITC-P-A,NO_FILE,0,,,HTTP_404
SITC-P-K,NO_FILE,0,,,HTTP_404
SIX,NO_FILE,0,,,HTTP_404
SJIJ,NO_FILE,0,,,HTTP_404
SLCA,NO_FILE,0,,,HTTP_404
SLCT,NO_FILE,0,,,HTTP_404
SLG-P-I,NO_FILE,0,,,HTTP_404
SLNHP,OK,1280,2021-08-20,2026-09-25,
SMED,NO_FILE,0,,,HTTP_404
SMLP,NO_FILE,0,,,HTTP_404
SMLR,NO_FILE,0,,,HTTP_404
SMRTQ,NO_FILE,0,,,HTTP_404
SMTK,OK,582,2024-05-31,2026-09-25,
SMTX,NO_FILE,0,,,HTTP_404
SNCE,NO_FILE,0,,,HTTP_404
SNCR,NO_FILE,0,,,HTTP_404
SNCRL,NO_FILE,0,,,HTTP_404
SNDEQ,NO_FILE,0,,,HTTP_404
SNMP,NO_FILE,0,,,HTTP_404
SNPO,NO_FILE,0,,,HTTP_404
SNV-P-D,NO_FILE,0,,,HTTP_404
SNV-P-E,NO_FILE,0,,,HTTP_404
SNWV,OK,485,2024-10-18,2026-09-25,
SO 6.75 08-01-22,NO_FILE,0,,,HTTP_404
SOHO,NO_FILE,0,,,HTTP_404
SOJA,NO_FILE,0,,,HTTP_404
SOJB,NO_FILE,0,,,HTTP_404
SOJD,OK,1684,2020-01-14,2026-09-25,
SOJE,OK,1509,2020-09-23,2026-09-25,
SOLY,NO_FILE,0,,,HTTP_404
SONN,NO_FILE,0,,,HTTP_404
SORL,NO_FILE,0,,,HTTP_404
SP,NO_FILE,0,,,HTTP_404
SPCE-WS,NO_FILE,0,,,HTTP_404
SPK,NO_FILE,0,,,HTTP_404
SPKAR,NO_FILE,0,,,HTTP_404
SPLK,NO_FILE,0,,,HTTP_404
SPNE,NO_FILE,0,,,HTTP_404
SPNT-P-B,NO_FILE,0,,,HTTP_404
SPPI,NO_FILE,0,,,HTTP_404
SPRT,NO_FILE,0,,,HTTP_404
SPTN,NO_FILE,0,,,HTTP_404
SQFTP,OK,1331,2021-06-09,2026-09-25,
SR-P-A,NO_FILE,0,,,HTTP_404
SRC-P-A,NO_FILE,0,,,HTTP_404
SRDX,NO_FILE,0,,,HTTP_404
SREV,NO_FILE,0,,,HTTP_404
SRG-P-A,NO_FILE,0,,,HTTP_404
SRLP,NO_FILE,0,,,HTTP_404
SRRA,NO_FILE,0,,,HTTP_404
SRT,NO_FILE,0,,,HTTP_404
SSI,NO_FILE,0,,,HTTP_404
SSY,NO_FILE,0,,,HTTP_404
STAG-P-C,NO_FILE,0,,,HTTP_404
STAR-P-D,NO_FILE,0,,,HTTP_404
STAR-P-G,NO_FILE,0,,,HTTP_404
STAR-P-I,NO_FILE,0,,,HTTP_404
STFC,NO_FILE,0,,,HTTP_404
STKL,NO_FILE,0,,,HTTP_404
STML,NO_FILE,0,,,HTTP_404
STMP,NO_FILE,0,,,HTTP_404
STRM,NO_FILE,0,,,HTTP_404
STSA,NO_FILE,0,,,HTTP_404
STT-P-D,NO_FILE,0,,,HTTP_404
STT-P-G,NO_FILE,0,,,HTTP_404
SUMO,NO_FILE,0,,,HTTP_404
SUMR,NO_FILE,0,,,HTTP_404
SURF,NO_FILE,0,,,HTTP_404
SWAV,NO_FILE,0,,,HTTP_404
SWI,NO_FILE,0,,,HTTP_404
SWTX,NO_FILE,0,,,HTTP_404
SYF-P-A,NO_FILE,0,,,HTTP_404
SYNC,NO_FILE,0,,,HTTP_404
SZZL,OK,337,2025-05-23,2026-09-25,
T-P-A,NO_FILE,0,,,HTTP_404
T-P-C,NO_FILE,0,,,HTTP_404
TAST,NO_FILE,0,,,HTTP_404
TAT,NO_FILE,0,,,HTTP_404
TBC,NO_FILE,0,,,HTTP_404
TCO,NO_FILE,0,,,HTTP_404
TCO-P-J,NO_FILE,0,,,HTTP_404
TCO-P-K,NO_FILE,0,,,HTTP_404
TCP,NO_FILE,0,,,HTTP_404
TCRR,NO_FILE,0,,,HTTP_404
TECD,NO_FILE,0,,,HTTP_404
TECTP,NO_FILE,0,,,HTTP_404
TESS,NO_FILE,0,,,HTTP_404
TEUM,NO_FILE,0,,,HTTP_404
TFC-P-F,NO_FILE,0,,,HTTP_404
TFC-P-G,NO_FILE,0,,,HTTP_404
TFC-P-H,NO_FILE,0,,,HTTP_404
TFC-P-I,NO_FILE,0,,,HTTP_404
TFC-P-O,NO_FILE,0,,,HTTP_404
TFC-P-R,NO_FILE,0,,,HTTP_404
TFFP,NO_FILE,0,,,HTTP_404
TGAN,NO_FILE,0,,,HTTP_404
TGE,OK,329,2025-06-05,2026-09-25,
TGI,NO_FILE,0,,,HTTP_404
THCA,NO_FILE,0,,,HTTP_404
THGA,NO_FILE,0,,,HTTP_404
THRD,NO_FILE,0,,,HTTP_404
THRN,NO_FILE,0,,,HTTP_404
THRX,NO_FILE,0,,,HTTP_404
THS,NO_FILE,0,,,HTTP_404
THTI,NO_FILE,0,,,HTTP_404
TIF,NO_FILE,0,,,HTTP_404
TIG,NO_FILE,0,,,HTTP_404
TIVO,NO_FILE,0,,,HTTP_404
TLRA,NO_FILE,0,,,HTTP_404
TNAV,NO_FILE,0,,,HTTP_404
TOTA,NO_FILE,0,,,HTTP_404
TOTAR,NO_FILE,0,,,HTTP_404
TPTA,NO_FILE,0,,,HTTP_404
TPTX,NO_FILE,0,,,HTTP_404
TPVY,NO_FILE,0,,,HTTP_404
TRHC,NO_FILE,0,,,HTTP_404
TRIL,NO_FILE,0,,,HTTP_404
TRMT,NO_FILE,0,,,HTTP_404
TRTN-P-C,NO_FILE,0,,,HTTP_404
TRTN-P-D,NO_FILE,0,,,HTTP_404
TRTN-P-E,NO_FILE,0,,,HTTP_404
TRTX-P-C,NO_FILE,0,,,HTTP_404
TRUE,NO_FILE,0,,,HTTP_404
TSC,NO_FILE,0,,,HTTP_404
TSCAP,NO_FILE,0,,,HTTP_404
TSG,NO_FILE,0,,,HTTP_404
TSRI,NO_FILE,0,,,HTTP_404
TSVT,NO_FILE,0,,,HTTP_404
TTPH,NO_FILE,0,,,HTTP_404
TVTY,NO_FILE,0,,,HTTP_404
TWKS,NO_FILE,0,,,HTTP_404
TWO-P-A,NO_FILE,0,,,HTTP_404
TWO-P-B,NO_FILE,0,,,HTTP_404
TWO-P-C,NO_FILE,0,,,HTTP_404
TWO-P-D,NO_FILE,0,,,HTTP_404
TWO-P-E,NO_FILE,0,,,HTTP_404
TWTR,NO_FILE,0,,,HTTP_404
TYME,NO_FILE,0,,,HTTP_404
UBP,NO_FILE,0,,,HTTP_404
UBP-P-H,NO_FILE,0,,,HTTP_404
UBP-P-K,NO_FILE,0,,,HTTP_404
UCB-P-I,NO_FILE,0,,,HTTP_404
UFS,NO_FILE,0,,,HTTP_404
UMH-P-B,NO_FILE,0,,,HTTP_404
UMH-P-C,NO_FILE,0,,,HTTP_404
UMH-P-D,NO_FILE,0,,,HTTP_404
UNAMQ,NO_FILE,0,,,HTTP_404
UNT,NO_FILE,0,,,HTTP_404
UNVR,NO_FILE,0,,,HTTP_404
UROV,NO_FILE,0,,,HTTP_404
USAK,NO_FILE,0,,,HTTP_404
USAP,NO_FILE,0,,,HTTP_404
USER,NO_FILE,0,,,HTTP_404
UZA,NO_FILE,0,,,HTTP_404
UZB,NO_FILE,0,,,HTTP_404
UZC,NO_FILE,0,,,HTTP_404
UZD,NO_FILE,0,,,HTTP_404
UZE,NO_FILE,0,,,HTTP_404
UZF,NO_FILE,0,,,HTTP_404
VBFC,NO_FILE,0,,,HTTP_404
VBOC,NO_FILE,0,,,HTTP_404
VER-P-F,NO_FILE,0,,,HTTP_404
VERB,NO_FILE,0,,,HTTP_404
VERV,NO_FILE,0,,,HTTP_404
VERY,NO_FILE,0,,,HTTP_404
VG,OK,420,2025-01-24,2026-09-25,
VGR,NO_FILE,0,,,HTTP_404
VIACP,NO_FILE,0,,,HTTP_404
VIASP,NO_FILE,0,,,HTTP_404
VIE,NO_FILE,0,,,HTTP_404
VIGL,NO_FILE,0,,,HTTP_404
VIVKD,NO_FILE,0,,,HTTP_404
VMEO,NO_FILE,0,,,HTTP_404
VNE,NO_FILE,0,,,HTTP_404
VNO-P-K,NO_FILE,0,,,HTTP_404
VNO-P-L,NO_FILE,0,,,HTTP_404
VNO-P-M,NO_FILE,0,,,HTTP_404
VNO-P-N,NO_FILE,0,,,HTTP_404
VOYA-P-B,NO_FILE,0,,,HTTP_404
VRNA,NO_FILE,0,,,HTTP_404
VRTU,NO_FILE,0,,,HTTP_404
VRTV,NO_FILE,0,,,HTTP_404
VSLR,NO_FILE,0,,,HTTP_404
VSTO,NO_FILE,0,,,HTTP_404
VSXY,OK,1302,2021-07-21,2026-09-25,
VTAQR,NO_FILE,0,,,HTTP_404
VTYX,NO_FILE,0,,,HTTP_404
WBC,NO_FILE,0,,,HTTP_404
WBS-P-F,NO_FILE,0,,,HTTP_404
WBS-P-G,NO_FILE,0,,,HTTP_404
WCC-P-A,NO_FILE,0,,,HTTP_404
WEBK,NO_FILE,0,,,HTTP_404
WETH,OK,652,2024-02-21,2026-09-25,
WHFBZ,NO_FILE,0,,,HTTP_404
WHLRL,NO_FILE,0,,,HTTP_404
WIRE,NO_FILE,0,,,HTTP_404
WMGI,NO_FILE,0,,,HTTP_404
WOLF,OK,250,2025-09-29,2026-09-25,
WOW,NO_FILE,0,,,HTTP_404
WPX,NO_FILE,0,,,HTTP_404
WSBCP,NO_FILE,0,,,HTTP_404
WTFCM,NO_FILE,0,,,HTTP_404
WTFCP,NO_FILE,0,,,HTTP_404
WTREP,NO_FILE,0,,,HTTP_404
WTRU,NO_FILE,0,,,HTTP_404
WTT,NO_FILE,0,,,HTTP_404
WW,OK,314,2025-06-27,2026-09-25,
X,NO_FILE,0,,,HTTP_404
XEC,NO_FILE,0,,,HTTP_404
XLNX,NO_FILE,0,,,HTTP_404
XLRN,NO_FILE,0,,,HTTP_404
XRN-P-A,NO_FILE,0,,,HTTP_404
YCBD-P-A,NO_FILE,0,,,HTTP_404
YMAB,NO_FILE,0,,,HTTP_404
YUMA,NO_FILE,0,,,HTTP_404
ZAGG,NO_FILE,0,,,HTTP_404
ZEN,NO_FILE,0,,,HTTP_404
ZEUS,NO_FILE,0,,,HTTP_404
ZFOX,NO_FILE,0,,,HTTP_404
ZGNX,NO_FILE,0,,,HTTP_404
ZGYHR,NO_FILE,0,,,HTTP_404
ZIMV,NO_FILE,0,,,HTTP_404
ZY,NO_FILE,0,,,HTTP_404
ZYNE,NO_FILE,0,,,HTTP_404
