cik,status,facts,mapped,error
874761,OK,56,56,
1579241,OK,56,56,
1411207,OK,32,32,
821026,OK,70,70,
109563,OK,76,76,
866787,OK,93,93,
23217,OK,81,81,
10795,OK,85,85,
723612,OK,75,75,
21665,OK,56,56,
1674862,OK,58,58,
701985,OK,80,80,
215466,OK,56,56,
1627223,OK,82,82,
22444,OK,58,58,
14272,OK,56,56,
816956,OK,78,78,
26172,OK,56,56,
1070412,OK,56,56,
811156,OK,36,36,
723254,OK,62,62,
93410,OK,58,58,
1755672,OK,54,54,
935703,OK,62,62,
1022079,OK,56,56,
915389,OK,83,83,
1286681,OK,56,56,
1048911,OK,93,93,
32604,OK,87,87,
38725,OK,56,56,
40533,OK,50,50,
355811,OK,82,82,
40704,OK,62,62,
40545,OK,56,56,
1408075,OK,56,56,
1123360,OK,56,56,
773840,OK,44,44,
1121788,OK,60,60,
793952,OK,56,56,
49826,OK,64,64,
12659,OK,61,61,
55785,OK,56,56,
833444,OK,58,58,
56873,OK,86,86,
936468,OK,84,84,
92380,OK,52,52,
310158,OK,84,84,
66570,OK,56,56,
73309,OK,84,84,
702165,OK,36,36,
