symbol,report_date,shares_outstanding
AAPL,2017-01-20,20986160000.0
AAPL,2017-03-31,20823260000.0
AAPL,2017-04-01,20823260000.0
AAPL,2017-04-21,20855360000.0
AAPL,2017-06-30,20679128000.0
AAPL,2017-07-01,20679128000.0
AAPL,2017-07-21,20660912000.0
AAPL,2017-09-30,20504804000.0
AAPL,2017-10-20,20537248000.0
AAPL,2017-12-15,20348224000.0
AAPL,2017-12-30,20326604000.0
AAPL,2017-12-31,20326604000.0
AAPL,2018-01-19,20296052000.0
AAPL,2018-03-31,19773128000.0
AAPL,2018-04-20,19660552000.0
AAPL,2018-06-30,19371668000.0
AAPL,2018-07-20,19319704000.0
AAPL,2018-09-29,19019944000.0
AAPL,2018-09-30,19019944000.0
AAPL,2018-10-26,18981592000.0
AAPL,2018-12-29,18919212000.0
AAPL,2018-12-31,18919212000.0
AAPL,2019-01-02,18919212000.0
AAPL,2019-01-18,18861120000.0
AAPL,2019-03-30,18429136000.0
AAPL,2019-03-31,18429136000.0
AAPL,2019-04-22,18404300000.0
AAPL,2019-06-29,18125580000.0
AAPL,2019-06-30,18125580000.0
AAPL,2019-07-19,18076720000.0
AAPL,2019-09-28,17772944000.0
AAPL,2019-09-30,17772944000.0
AAPL,2019-10-18,17773060000.0
AAPL,2019-12-28,17539836000.0
AAPL,2019-12-31,17539836000.0
AAPL,2020-01-02,17536108000.0
AAPL,2020-01-17,17501920000.0
AAPL,2020-03-28,17295948000.0
AAPL,2020-03-31,17295948000.0
AAPL,2020-04-17,17337340000.0
AAPL,2020-06-27,17135756000.0
AAPL,2020-06-30,17135756000.0
AAPL,2020-07-17,17102536000.0
AAPL,2020-09-26,16976762999.0
AAPL,2020-09-30,16976762999.0
AAPL,2020-10-16,17001802000.0
AAPL,2020-12-26,16823262999.0
AAPL,2020-12-28,16823262999.0
AAPL,2020-12-31,16823262999.0
AAPL,2021-01-15,16788096000.0
AAPL,2021-03-27,16686305000.0
AAPL,2021-03-31,16686305000.0
AAPL,2021-04-16,16687631000.0
AAPL,2021-06-26,16556942000.0
AAPL,2021-06-30,16556942000.0
AAPL,2021-07-16,16530166000.0
AAPL,2021-09-25,16426786000.0
AAPL,2021-09-30,16426786000.0
AAPL,2021-10-15,16406397000.0
AAPL,2021-12-25,16340851000.0
AAPL,2021-12-31,16340851000.0
AAPL,2022-01-03,16334371000.0
AAPL,2022-01-14,16319441000.0
AAPL,2022-03-26,16207568000.0
AAPL,2022-03-31,16207568000.0
AAPL,2022-04-15,16185181000.0
AAPL,2022-06-25,16095378000.0
AAPL,2022-06-30,16095378000.0
AAPL,2022-07-15,16070752000.0
AAPL,2022-09-24,15943425000.0
AAPL,2022-09-30,15943425000.0
AAPL,2022-10-14,15908118000.0
AMZN,2017-01-25,9543412400.0
AMZN,2017-02-17,9552294000.0
AMZN,2017-03-29,9558968700.0
AMZN,2017-03-31,9560000000.0
AMZN,2017-04-18,9559510000.0
AMZN,2017-06-30,9600000000.0
AMZN,2017-07-18,9607590300.0
AMZN,2017-09-30,9640000000.0
AMZN,2017-10-18,9637443500.0
AMZN,2017-12-31,9680000000.0
AMZN,2018-01-24,9682143700.0
AMZN,2018-02-20,9692159100.0
AMZN,2018-03-31,9700000000.0
AMZN,2018-04-05,9699394900.0
AMZN,2018-04-18,9704538100.0
AMZN,2018-06-30,9740000000.0
AMZN,2018-07-18,9754823800.0
AMZN,2018-09-30,9780000000.0
AMZN,2018-10-17,9779372600.0
AMZN,2018-12-31,9820000000.0
AMZN,2019-01-23,9824057800.0
AMZN,2019-02-25,9835194900.0
AMZN,2019-03-28,9841067900.0
AMZN,2019-03-31,9840000000.0
AMZN,2019-04-17,9846635500.0
AMZN,2019-06-30,9880000000.0
AMZN,2019-07-17,9893120300.0
AMZN,2019-09-30,9900000000.0
AMZN,2019-10-16,9915944400.0
AMZN,2019-12-31,9960000000.0
AMZN,2020-01-22,9956208900.0
AMZN,2020-02-18,9957122600.0
AMZN,2020-03-31,9980000000.0
AMZN,2020-04-02,9970500500.0
AMZN,2020-04-22,9975520600.0
AMZN,2020-06-30,10020000000.0
AMZN,2020-07-22,10017793000.0
AMZN,2020-09-30,10040000000.0
AMZN,2020-10-21,10035023700.0
AMZN,2020-12-31,10060000000.0
AMZN,2021-01-20,10071294900.0
AMZN,2021-02-16,10071959700.0
AMZN,2021-03-31,10080000000.0
AMZN,2021-04-01,10082332600.0
AMZN,2021-04-21,10086474700.0
AMZN,2021-06-30,10120000000.0
AMZN,2021-07-21,10128810400.0
AMZN,2021-09-30,10140000000.0
AMZN,2021-10-20,10142952400.0
AMZN,2021-12-31,10180000000.0
AMZN,2022-01-26,10176888200.0
AMZN,2022-02-22,10172471800.0
AMZN,2022-03-31,10180000000.0
AMZN,2022-04-20,10174409600.0
AMZN,2022-06-06,10174409600.0
AMZN,2022-06-30,10183000000.0
AMZN,2022-07-20,10187554800.0
AMZN,2022-09-30,10198000000.0
AMZN,2022-10-19,10201654200.0
EA,2017-02-02,308264500.0
EA,2017-03-31,308367000.0
EA,2017-05-22,310028400.0
EA,2017-06-02,309772700.0
EA,2017-06-09,309585300.0
EA,2017-06-30,309000000.0
EA,2017-08-04,308727700.0
EA,2017-09-30,308000000.0
EA,2017-11-02,307925500.0
EA,2017-12-31,307000000.0
EA,2018-02-02,306728000.0
EA,2018-03-31,306000000.0
EA,2018-05-21,306832900.0
EA,2018-06-04,306329800.0
EA,2018-06-08,306111900.0
EA,2018-06-30,305000000.0
EA,2018-08-03,304818300.0
EA,2018-09-30,304000000.0
EA,2018-11-02,302128700.0
EA,2018-12-31,301000000.0
EA,2019-02-04,299595600.0
EA,2019-03-31,298000000.0
EA,2019-05-20,297261200.0
EA,2019-06-06,296649600.0
EA,2019-06-14,296358800.0
EA,2019-06-30,295887000.0
EA,2019-08-02,294707500.0
EA,2019-09-30,293218000.0
EA,2019-11-01,291978900.0
EA,2019-12-31,290609000.0
EA,2020-01-31,289674300.0
EA,2020-03-31,288413000.0
EA,2020-05-18,288687600.0
EA,2020-06-11,288714400.0
EA,2020-06-12,288714400.0
EA,2020-06-30,288754000.0
EA,2020-08-05,288796800.0
EA,2020-09-30,289622000.0
EA,2020-11-06,290077500.0
EA,2020-11-13,289854100.0
EA,2020-12-31,288443000.0
EA,2021-02-04,287626000.0
EA,2021-03-31,286465000.0
EA,2021-05-24,286191200.0
EA,2021-06-04,286041700.0
EA,2021-06-18,285733600.0
EA,2021-06-30,285382000.0
EA,2021-08-06,284581800.0
EA,2021-09-30,283666000.0
EA,2021-11-05,282808100.0
EA,2021-12-31,282117000.0
EA,2022-02-04,281222300.0
EA,2022-03-31,280051000.0
EA,2022-05-23,279893600.0
EA,2022-06-03,279595900.0
EA,2022-06-17,279306100.0
EA,2022-06-30,278952000.0
EA,2022-08-05,278045300.0
EA,2022-09-30,277024000.0
EA,2022-11-04,276080200.0
F,2017-01-31,3974297200.0
F,2017-02-01,3974297200.0
F,2017-03-15,3981897700.0
F,2017-03-31,4055000000.0
F,2017-04-20,3981986300.0
F,2017-06-30,4057000000.0
F,2017-07-19,3971755100.0
F,2017-09-30,4057000000.0
F,2017-10-19,3972302200.0
F,2017-12-31,4071000000.0
F,2018-01-31,3973351700.0
F,2018-03-14,3993171500.0
F,2018-03-31,4069000000.0
F,2018-04-20,3984953700.0
F,2018-06-30,4070000000.0
F,2018-07-20,3985726500.0
F,2018-09-30,4070000000.0
F,2018-10-19,3977903400.0
F,2018-12-31,4071000000.0
F,2019-01-31,3978551700.0
F,2019-03-13,3989519100.0
F,2019-03-31,4082000000.0
F,2019-04-19,3989545900.0
F,2019-06-30,4082000000.0
F,2019-07-19,3989843300.0
F,2019-09-30,4082000000.0
F,2019-10-18,3964897000.0
F,2019-12-31,4071000000.0
F,2020-01-31,3964930300.0
F,2020-03-18,3976687100.0
F,2020-03-31,4094000000.0
F,2020-04-24,3977039900.0
F,2020-06-30,4096000000.0
F,2020-07-24,3978389000.0
F,2020-09-30,4096000000.0
F,2020-10-23,3978427400.0
F,2020-12-31,4096000000.0
F,2021-01-29,3978695000.0
F,2021-03-17,3991198500.0
F,2021-03-31,3991644500.0
F,2021-04-23,3991644500.0
F,2021-06-30,3994764400.0
F,2021-07-23,3994764400.0
F,2021-09-30,3996241500.0
F,2021-10-22,3996241500.0
F,2021-12-31,4004247600.0
F,2022-01-31,4004247600.0
F,2022-03-16,4018818000.0
F,2022-03-31,4019765400.0
F,2022-04-22,4019765400.0
F,2022-06-30,4020237500.0
F,2022-07-22,4020237500.0
F,2022-09-30,4020494100.0
F,2022-10-21,4020494100.0
HD,2017-01-29,1203000000.0
HD,2017-01-31,1203000000.0
HD,2017-03-03,1202918200.0
HD,2017-03-20,1201169000.0
HD,2017-04-30,1197000000.0
HD,2017-05-16,1195555000.0
HD,2017-06-30,1181000000.0
HD,2017-07-31,1181000000.0
HD,2017-08-15,1178817600.0
HD,2017-10-29,1168000000.0
HD,2017-10-31,1168000000.0
HD,2017-11-14,1167748600.0
HD,2018-01-28,1158000000.0
HD,2018-01-31,1158000000.0
HD,2018-03-02,1157269500.0
HD,2018-03-19,1152716900.0
HD,2018-04-29,1154000000.0
HD,2018-04-30,1154000000.0
HD,2018-05-15,1153543600.0
HD,2018-07-29,1145000000.0
HD,2018-07-31,1145000000.0
HD,2018-08-14,1144138200.0
HD,2018-10-28,1131000000.0
HD,2018-10-31,1131000000.0
HD,2018-11-13,1129527800.0
HD,2019-01-31,1105000000.0
HD,2019-02-03,1105000000.0
HD,2019-03-08,1103903500.0
HD,2019-03-25,1102741300.0
HD,2019-04-30,1101000000.0
HD,2019-05-05,1101000000.0
HD,2019-05-21,1100286100.0
HD,2019-07-31,1096000000.0
HD,2019-08-04,1096000000.0
HD,2019-08-20,1095153100.0
HD,2019-10-31,1090000000.0
HD,2019-11-03,1090000000.0
HD,2019-11-19,1090831000.0
HD,2020-01-31,1077000000.0
HD,2020-02-02,1077000000.0
HD,2020-03-06,1074741600.0
HD,2020-03-23,1074116100.0
HD,2020-04-30,1076000000.0
HD,2020-05-03,1076000000.0
HD,2020-05-19,1075522900.0
HD,2020-07-31,1076000000.0
HD,2020-08-02,1076000000.0
HD,2020-08-18,1076455500.0
HD,2020-10-31,1076000000.0
HD,2020-11-01,1076000000.0
HD,2020-11-17,1076600800.0
HD,2021-01-31,1077000000.0
HD,2021-03-05,1077069400.0
HD,2021-03-22,1075223600.0
HD,2021-04-30,1065000000.0
HD,2021-05-02,1065000000.0
HD,2021-05-18,1063258399.0
HD,2021-07-31,1056000000.0
HD,2021-08-01,1056000000.0
HD,2021-08-17,1055358700.0
HD,2021-10-31,1046000000.0
HD,2021-11-16,1044239200.0
HD,2022-01-30,1035000000.0
HD,2022-01-31,1035000000.0
HD,2022-03-04,1033349899.0
HD,2022-03-21,1033365700.0
HD,2022-04-30,1029000000.0
HD,2022-05-01,1029000000.0
HD,2022-05-17,1027754899.0
HD,2022-07-31,1024000000.0
HD,2022-08-16,1023726400.0
HD,2022-10-30,1020000000.0
HD,2022-10-31,1020000000.0
HD,2022-11-15,1019186000.0
HI,2017-01-27,63692600.0
HI,2017-03-31,63300000.0
HI,2017-04-27,62975500.0
HI,2017-06-30,63000000.0
HI,2017-07-27,63027800.0
HI,2017-09-30,63100000.0
HI,2017-11-10,63023200.0
HI,2017-12-15,63216200.0
HI,2017-12-31,63100000.0
HI,2018-01-26,63031100.0
HI,2018-03-31,62700000.0
HI,2018-04-27,62512600.0
HI,2018-06-30,62300000.0
HI,2018-07-27,62311000.0
HI,2018-09-30,62300000.0
HI,2018-11-08,62347300.0
HI,2018-12-14,62527500.0
HI,2018-12-31,62500000.0
HI,2019-01-24,62529600.0
HI,2019-03-31,62600000.0
HI,2019-04-26,62621900.0
HI,2019-06-30,62600000.0
HI,2019-07-05,62664800.0
HI,2019-07-25,62667100.0
HI,2019-09-30,62700000.0
HI,2019-11-07,62744900.0
HI,2019-11-21,74644900.0
HI,2019-12-16,74712400.0
HI,2019-12-31,74700000.0
HI,2020-01-31,74718700.0
HI,2020-03-31,74700000.0
HI,2020-04-30,74718700.0
HI,2020-06-30,74700000.0
HI,2020-07-31,74731200.0
HI,2020-09-30,74800000.0
HI,2020-11-06,74779300.0
HI,2020-12-14,75034300.0
HI,2020-12-31,75100000.0
HI,2021-01-28,75052700.0
HI,2021-03-31,75200000.0
HI,2021-04-29,75248400.0
HI,2021-06-30,74300000.0
HI,2021-07-29,73038400.0
HI,2021-09-30,72700000.0
HI,2021-11-11,72234000.0
HI,2021-12-13,72484300.0
HI,2021-12-31,72600000.0
HI,2022-01-27,72813900.0
HI,2022-03-31,72400000.0
HI,2022-05-04,71712900.0
HI,2022-06-30,69700000.0
HI,2022-07-28,69457400.0
HI,2022-09-30,68900000.0
HI,2022-11-10,68880000.0
HI,2022-12-19,69323500.0
INFA,2021-10-18,273698600.0
INFA,2021-10-27,273698600.0
INFA,2021-10-29,273698600.0
INFA,2021-11-10,278048600.0
INFA,2021-12-03,278199800.0
INFA,2021-12-31,278238600.0
INFA,2022-03-15,279700900.0
INFA,2022-03-18,279795800.0
INFA,2022-03-31,279912300.0
INFA,2022-04-18,279911800.0
INFA,2022-05-03,280018800.0
INFA,2022-06-30,281017400.0
INFA,2022-07-27,281095000.0
INFA,2022-09-30,283006700.0
INFA,2022-11-02,283043100.0
JPM,2017-01-31,3571963200.0
JPM,2017-03-17,3557858400.0
JPM,2017-03-31,3552803800.0
JPM,2017-06-30,3518964400.0
JPM,2017-09-30,3469725600.0
JPM,2017-12-31,3425298800.0
JPM,2018-01-31,3431958500.0
JPM,2018-03-16,3410420300.0
JPM,2018-03-31,3404776900.0
JPM,2018-06-30,3360884100.0
JPM,2018-09-30,3325410700.0
JPM,2018-12-31,3275766200.0
JPM,2019-01-31,3274241700.0
JPM,2019-03-22,3247865100.0
JPM,2019-03-31,3243973000.0
JPM,2019-06-30,3197485000.0
JPM,2019-09-30,3136484900.0
JPM,2019-12-31,3084021300.0
JPM,2020-01-31,3073976600.0
JPM,2020-03-20,3046537100.0
JPM,2020-03-31,3047022900.0
JPM,2020-06-30,3047604500.0
JPM,2020-09-30,3047966600.0
JPM,2020-12-31,3049434500.0
JPM,2021-01-31,3051506400.0
JPM,2021-02-28,3041063500.0
JPM,2021-03-19,3032108200.0
JPM,2021-03-31,3027128100.0
JPM,2021-06-30,2988155400.0
JPM,2021-09-30,2955266100.0
JPM,2021-12-31,2944149100.0
JPM,2022-01-31,2952809000.0
JPM,2022-03-18,2939770200.0
JPM,2022-03-31,2937050500.0
JPM,2022-06-30,2932572400.0
JPM,2022-09-30,2933204900.0
KO,2017-01-01,4288000000.0
KO,2017-02-21,4293461700.0
KO,2017-02-27,4292014600.0
KO,2017-03-31,4273000000.0
KO,2017-04-24,4272559300.0
KO,2017-06-30,4268000000.0
KO,2017-07-24,4265304199.0
KO,2017-09-29,4262000000.0
KO,2017-09-30,4262000000.0
KO,2017-10-23,4260667300.0
KO,2017-12-31,4259000000.0
KO,2018-01-01,4259000000.0
KO,2018-02-16,4265906500.0
KO,2018-02-26,4264499500.0
KO,2018-03-30,4259000000.0
KO,2018-03-31,4259000000.0
KO,2018-04-27,4255262600.0
KO,2018-06-29,4253000000.0
KO,2018-06-30,4253000000.0
KO,2018-07-23,4252922400.0
KO,2018-09-28,4256000000.0
KO,2018-09-30,4256000000.0
KO,2018-10-26,4256513900.0
KO,2018-12-31,4268000000.0
KO,2019-02-15,4275340000.0
KO,2019-02-25,4275161299.0
KO,2019-03-29,4268000000.0
KO,2019-03-31,4268000000.0
KO,2019-04-22,4266115100.0
KO,2019-06-28,4275000000.0
KO,2019-06-30,4275000000.0
KO,2019-07-22,4276027400.0
KO,2019-09-27,4284000000.0
KO,2019-09-30,4284000000.0
KO,2019-10-21,4284491400.0
KO,2019-12-31,4280000000.0
KO,2020-02-19,4290276100.0
KO,2020-02-24,4293401500.0
KO,2020-03-27,4294000000.0
KO,2020-03-31,4294000000.0
KO,2020-04-21,4294891400.0
KO,2020-06-26,4295000000.0
KO,2020-06-30,4295000000.0
KO,2020-07-20,4295438900.0
KO,2020-09-25,4297000000.0
KO,2020-09-30,4297000000.0
KO,2020-10-19,4297434600.0
KO,2020-12-31,4302000000.0
KO,2021-02-19,4306845600.0
KO,2021-02-22,4309311700.0
KO,2021-03-31,4311000000.0
KO,2021-04-02,4311000000.0
KO,2021-04-23,4311680700.0
KO,2021-06-30,4315000000.0
KO,2021-07-02,4315000000.0
KO,2021-07-22,4316618700.0
KO,2021-09-30,4319000000.0
KO,2021-10-01,4319000000.0
KO,2021-10-25,4319420200.0
KO,2021-12-31,4325000000.0
KO,2022-02-18,4335473300.0
KO,2022-02-25,4334994900.0
KO,2022-03-31,4331000000.0
KO,2022-04-01,4331000000.0
KO,2022-04-26,4335028700.0
KO,2022-06-30,4326000000.0
KO,2022-07-01,4326000000.0
KO,2022-07-25,4324629200.0
KO,2022-09-30,4324000000.0
KO,2022-10-24,4324513300.0
MSFT,2017-01-20,7727529800.0
MSFT,2017-03-31,7723000000.0
MSFT,2017-04-21,7720514700.0
MSFT,2017-06-30,7708000000.0
MSFT,2017-07-31,7702244000.0
MSFT,2017-09-29,7715432900.0
MSFT,2017-09-30,7720000000.0
MSFT,2017-10-20,7714590200.0
MSFT,2017-12-31,7705000000.0
MSFT,2018-01-26,7699792900.0
MSFT,2018-03-31,7690000000.0
MSFT,2018-04-20,7683197500.0
MSFT,2018-06-30,7677000000.0
MSFT,2018-07-31,7668217300.0
MSFT,2018-09-26,7677511700.0
MSFT,2018-09-30,7680000000.0
MSFT,2018-10-19,7676218700.0
MSFT,2018-12-31,7683000000.0
MSFT,2019-01-25,7672213400.0
MSFT,2019-03-31,7666000000.0
MSFT,2019-04-18,7662817900.0
MSFT,2019-06-30,7643000000.0
MSFT,2019-07-29,7635409400.0
MSFT,2019-09-30,7634000000.0
MSFT,2019-10-08,7695351700.0
MSFT,2019-10-18,7628805600.0
MSFT,2019-12-31,7611000000.0
MSFT,2020-01-24,7606047000.0
MSFT,2020-03-31,7590000000.0
MSFT,2020-04-24,7583440200.0
MSFT,2020-06-30,7571000000.0
MSFT,2020-07-27,7567652900.0
MSFT,2020-09-30,7564000000.0
MSFT,2020-10-08,7562826100.0
MSFT,2020-10-22,7560496000.0
MSFT,2020-12-31,7546000000.0
MSFT,2021-01-21,7542215800.0
MSFT,2021-03-31,7534000000.0
MSFT,2021-04-22,7531574600.0
MSFT,2021-06-30,7519000000.0
MSFT,2021-07-26,7514891200.0
MSFT,2021-09-30,7507980400.0
MSFT,2021-10-21,7507980400.0
MSFT,2021-12-31,7500000000.0
MSFT,2022-01-20,7496866400.0
MSFT,2022-03-31,7483000000.0
MSFT,2022-04-21,7479033100.0
MSFT,2022-06-30,7464000000.0
MSFT,2022-07-25,7457891900.0
MSFT,2022-09-30,7457000000.0
MSFT,2022-10-12,7456502500.0
MSFT,2022-10-20,7454473100.0
NVDA,2017-01-29,23400000000.0
NVDA,2017-01-31,23400000000.0
NVDA,2017-02-24,23560000000.0
NVDA,2017-03-24,23781479000.0
NVDA,2017-04-30,23805177100.0
NVDA,2017-05-19,23800000000.0
NVDA,2017-07-31,24006851100.0
NVDA,2017-08-18,24000000000.0
NVDA,2017-10-31,24225891000.0
NVDA,2017-11-17,24240000000.0
NVDA,2018-01-28,24240000000.0
NVDA,2018-01-31,24240000000.0
NVDA,2018-02-26,24200000000.0
NVDA,2018-03-22,24281458300.0
NVDA,2018-04-30,24286875700.0
NVDA,2018-05-18,24280000000.0
NVDA,2018-07-31,24320000000.0
NVDA,2018-08-10,24320000000.0
NVDA,2018-10-31,24400000000.0
NVDA,2018-11-09,24400000000.0
NVDA,2019-01-27,24240000000.0
NVDA,2019-01-31,24240000000.0
NVDA,2019-02-15,24240000000.0
NVDA,2019-03-25,24339775000.0
NVDA,2019-04-28,24360000000.0
NVDA,2019-04-30,24360000000.0
NVDA,2019-05-10,24360000000.0
NVDA,2019-07-28,24360000000.0
NVDA,2019-07-31,24360000000.0
NVDA,2019-08-09,24360000000.0
NVDA,2019-10-27,24480000000.0
NVDA,2019-10-31,24480000000.0
NVDA,2019-11-08,24480000000.0
NVDA,2020-01-26,24499423000.0
NVDA,2020-01-31,24480000000.0
NVDA,2020-02-05,25679647700.0
NVDA,2020-02-14,24480000000.0
NVDA,2020-03-22,24604332300.0
NVDA,2020-04-13,24605404200.0
NVDA,2020-04-26,24600000000.0
NVDA,2020-04-30,24600000000.0
NVDA,2020-05-15,24600000000.0
NVDA,2020-07-26,24680000000.0
NVDA,2020-07-31,24680000000.0
NVDA,2020-08-14,24680000000.0
NVDA,2020-09-08,24708555000.0
NVDA,2020-10-25,24760000000.0
NVDA,2020-10-31,24760000000.0
NVDA,2020-11-13,24760000000.0
NVDA,2021-01-31,24800000000.0
NVDA,2021-02-19,24800000000.0
NVDA,2021-03-22,24893805000.0
NVDA,2021-04-05,24895344600.0
NVDA,2021-04-30,24920000000.0
NVDA,2021-05-02,24920000000.0
NVDA,2021-05-21,24920000000.0
NVDA,2021-07-31,24960000000.0
NVDA,2021-08-01,24960000000.0
NVDA,2021-08-13,25000000000.0
NVDA,2021-10-31,25020000000.0
NVDA,2021-11-12,25000000000.0
NVDA,2022-01-30,25060000000.0
NVDA,2022-01-31,25060000000.0
NVDA,2022-03-11,25100000000.0
NVDA,2022-03-21,25039590100.0
NVDA,2022-04-04,25040143500.0
NVDA,2022-04-30,25040000000.0
NVDA,2022-05-01,25040000000.0
NVDA,2022-05-20,25000000000.0
NVDA,2022-07-31,24890000000.0
NVDA,2022-08-19,24900000000.0
NVDA,2022-10-30,24680000000.0
NVDA,2022-10-31,24680000000.0
NVDA,2022-11-11,24600000000.0
VMEO,2021-05-25,164251600.0
VMEO,2021-05-26,164251600.0
VMEO,2021-06-30,164464000.0
VMEO,2021-07-30,164627000.0
VMEO,2021-09-30,165246300.0
VMEO,2021-10-29,165293400.0
VMEO,2021-12-31,166107000.0
VMEO,2022-01-01,166100000.0
VMEO,2022-02-18,166194100.0
VMEO,2022-03-31,166273000.0
VMEO,2022-04-18,166284200.0
VMEO,2022-04-29,166300000.0
VMEO,2022-06-30,166376000.0
VMEO,2022-07-29,166382900.0
VMEO,2022-09-30,166423000.0
VMEO,2022-10-28,166444400.0
XOM,2017-01-31,4146513799.0
XOM,2017-02-28,4239731600.0
XOM,2017-03-31,4237265500.0
XOM,2017-06-30,4237105800.0
XOM,2017-09-30,4237106100.0
XOM,2017-12-31,4239000000.0
XOM,2018-01-31,4237462200.0
XOM,2018-02-28,4235791000.0
XOM,2018-03-31,4233834399.0
XOM,2018-04-04,4235791000.0
XOM,2018-06-30,4233810300.0
XOM,2018-09-30,4233807200.0
XOM,2018-12-31,4237000000.0
XOM,2019-01-31,4234802399.0
XOM,2019-02-28,4233104999.0
XOM,2019-03-31,4231000000.0
XOM,2019-04-03,4233104999.0
XOM,2019-06-30,4231000000.0
XOM,2019-09-30,4231000000.0
XOM,2019-12-31,4234000000.0
XOM,2020-01-31,4232190700.0
XOM,2020-02-29,4230430400.0
XOM,2020-03-31,4228000000.0
XOM,2020-04-02,4230430400.0
XOM,2020-06-30,4228000000.0
XOM,2020-09-30,4228000000.0
XOM,2020-12-31,4233000000.0
XOM,2021-01-31,4233483199.0
XOM,2021-02-28,4233522799.0
XOM,2021-03-29,4233538800.0
XOM,2021-03-31,4234000000.0
XOM,2021-06-30,4234000000.0
XOM,2021-09-30,4234000000.0
XOM,2021-12-31,4239000000.0
XOM,2022-01-31,4233592400.0
XOM,2022-02-28,4225673700.0
XOM,2022-03-31,4213000000.0
XOM,2022-04-01,4213205000.0
XOM,2022-06-30,4168000000.0
XOM,2022-09-30,4118000000.0
