cik,filings,zip_ok,facts,error
874761,0,0,0,TypeError('Cannot compare tz-naive and tz-aware timestamps')
109563,0,0,0,TypeError('Cannot compare tz-naive and tz-aware timestamps')
1579241,0,0,0,TypeError('Cannot compare tz-naive and tz-aware timestamps')
1411207,0,0,0,TypeError('Cannot compare tz-naive and tz-aware timestamps')
821026,0,0,0,TypeError('Cannot compare tz-naive and tz-aware timestamps')
1674862,0,0,0,TypeError('Cannot compare tz-naive and tz-aware timestamps')
866787,0,0,0,TypeError('Cannot compare tz-naive and tz-aware timestamps')
701985,0,0,0,TypeError('Cannot compare tz-naive and tz-aware timestamps')
10795,0,0,0,TypeError('Cannot compare tz-naive and tz-aware timestamps')
14272,0,0,0,TypeError('Cannot compare tz-naive and tz-aware timestamps')
23217,0,0,0,TypeError('Cannot compare tz-naive and tz-aware timestamps')
723612,0,0,0,TypeError('Cannot compare tz-naive and tz-aware timestamps')
1627223,0,0,0,TypeError('Cannot compare tz-naive and tz-aware timestamps')
215466,0,0,0,TypeError('Cannot compare tz-naive and tz-aware timestamps')
21665,0,0,0,TypeError('Cannot compare tz-naive and tz-aware timestamps')
22444,0,0,0,TypeError('Cannot compare tz-naive and tz-aware timestamps')
26172,0,0,0,TypeError('Cannot compare tz-naive and tz-aware timestamps')
811156,0,0,0,TypeError('Cannot compare tz-naive and tz-aware timestamps')
816956,0,0,0,TypeError('Cannot compare tz-naive and tz-aware timestamps')
1070412,0,0,0,TypeError('Cannot compare tz-naive and tz-aware timestamps')
723254,0,0,0,TypeError('Cannot compare tz-naive and tz-aware timestamps')
1755672,0,0,0,TypeError('Cannot compare tz-naive and tz-aware timestamps')
93410,0,0,0,TypeError('Cannot compare tz-naive and tz-aware timestamps')
1022079,0,0,0,TypeError('Cannot compare tz-naive and tz-aware timestamps')
935703,0,0,0,TypeError('Cannot compare tz-naive and tz-aware timestamps')
1286681,0,0,0,TypeError('Cannot compare tz-naive and tz-aware timestamps')
915389,0,0,0,TypeError('Cannot compare tz-naive and tz-aware timestamps')
32604,0,0,0,TypeError('Cannot compare tz-naive and tz-aware timestamps')
1048911,0,0,0,TypeError('Cannot compare tz-naive and tz-aware timestamps')
38725,0,0,0,TypeError('Cannot compare tz-naive and tz-aware timestamps')
40533,0,0,0,TypeError('Cannot compare tz-naive and tz-aware timestamps')
40545,0,0,0,TypeError('Cannot compare tz-naive and tz-aware timestamps')
40704,0,0,0,TypeError('Cannot compare tz-naive and tz-aware timestamps')
355811,0,0,0,TypeError('Cannot compare tz-naive and tz-aware timestamps')
1408075,0,0,0,TypeError('Cannot compare tz-naive and tz-aware timestamps')
1123360,0,0,0,TypeError('Cannot compare tz-naive and tz-aware timestamps')
1121788,0,0,0,TypeError('Cannot compare tz-naive and tz-aware timestamps')
793952,0,0,0,TypeError('Cannot compare tz-naive and tz-aware timestamps')
773840,0,0,0,TypeError('Cannot compare tz-naive and tz-aware timestamps')
12659,0,0,0,TypeError('Cannot compare tz-naive and tz-aware timestamps')
49826,0,0,0,TypeError('Cannot compare tz-naive and tz-aware timestamps')
833444,0,0,0,TypeError('Cannot compare tz-naive and tz-aware timestamps')
55785,0,0,0,TypeError('Cannot compare tz-naive and tz-aware timestamps')
56873,0,0,0,TypeError('Cannot compare tz-naive and tz-aware timestamps')
936468,0,0,0,TypeError('Cannot compare tz-naive and tz-aware timestamps')
92380,0,0,0,TypeError('Cannot compare tz-naive and tz-aware timestamps')
310158,0,0,0,TypeError('Cannot compare tz-naive and tz-aware timestamps')
66570,0,0,0,TypeError('Cannot compare tz-naive and tz-aware timestamps')
702165,0,0,0,TypeError('Cannot compare tz-naive and tz-aware timestamps')
73309,0,0,0,TypeError('Cannot compare tz-naive and tz-aware timestamps')
