cik,status,rows,error
37996,OK,0,
72573,OK,0,
77877,OK,25,
98677,OK,0,
103730,OK,0,
351834,OK,18,
354908,OK,22,
717954,OK,0,
704562,OK,70,
718877,OK,24,
751978,OK,0,
743238,OK,66,
808450,OK,18,
850209,OK,24,
859737,OK,24,
880117,OK,0,
877422,OK,66,
894081,OK,66,
1010612,OK,19,
1012477,OK,66,
1021162,OK,81,
1029142,OK,66,
1085869,OK,89,
1110805,OK,24,
1126975,OK,24,
1136352,OK,24,
1163302,OK,22,
1220754,OK,66,
1260990,OK,69,
1267813,OK,66,
1289850,OK,74,
1338065,OK,27,
1339605,OK,66,
1359841,OK,78,
1378992,OK,24,
1392972,OK,66,
1417398,OK,33,
1428522,OK,64,
1479290,OK,78,
1554859,OK,69,
1481646,OK,30,
1592057,OK,18,
1687221,OK,67,
