ticker,status,rows,error
AAL,OK,842,
AAT,OK,842,
ABOS,OK,381,
ABSI,OK,367,
ACBA,NO_DATA,0,HTTP_404_PERMANENT
ACGLN,OK,401,
ACLS,OK,842,
ACR-P-D,NO_DATA,0,HTTP_404_PERMANENT
ADBE,OK,842,
ADMS,NO_DATA,0,HTTP_404_PERMANENT
ADTH,NO_DATA,0,HTTP_404_PERMANENT
AEI,OK,530,
AERI,NO_DATA,0,HTTP_404_PERMANENT
AFGB,OK,696,
AGFS,NO_DATA,0,HTTP_404_PERMANENT
AGM-P-G,NO_DATA,0,HTTP_404_PERMANENT
AGNT,OK,842,
AHL-P-C,NO_DATA,0,HTTP_404_PERMANENT
AHT-P-I,NO_DATA,0,HTTP_404_PERMANENT
AIOT,OK,842,
AIW,NO_DATA,0,HTTP_404_PERMANENT
AKAM,OK,842,
AL-P-A,NO_DATA,0,HTTP_404_PERMANENT
ALEC,OK,842,
ALHC,OK,448,
ALL-P-H,NO_DATA,0,HTTP_404_PERMANENT
ALNY,OK,842,
ALTA,NO_DATA,0,HTTP_404_PERMANENT
AMAG,NO_DATA,0,HTTP_404_PERMANENT
AMGN,OK,842,
AMKR,OK,842,
AMR,OK,481,
ANAB,OK,842,
ANH-P-B,NO_DATA,0,HTTP_404_PERMANENT
ANVS,OK,740,
APG,OK,677,
APR,NO_DATA,0,HTTP_404_PERMANENT
AQST,OK,842,
ARDX,OK,842,
ARIZR,NO_DATA,0,HTTP_404_PERMANENT
AROW,OK,842,
ARWR,OK,842,
ASIX,OK,842,
ASTC,OK,842,
ATAI,NO_DATA,0,"Data doesn't exist for startDate = 1567296000, endDate = 1672876800"
ATCX,NO_DATA,0,"Data doesn't exist for startDate = 1567296000, endDate = 1672876800"
ATH-P-E,NO_DATA,0,HTTP_404_PERMANENT
ATNI,OK,842,
ATRI,NO_DATA,0,HTTP_404_PERMANENT
AUB,OK,842,
AUUD,OK,475,
AVDX,NO_DATA,0,HTTP_404_PERMANENT
AVNT,OK,842,
AVYA,NO_DATA,0,HTTP_404_PERMANENT
AXNX,NO_DATA,0,HTTP_404_PERMANENT
AXTA,OK,842,
AZZ,OK,842,
BASE,NO_DATA,0,HTTP_404_PERMANENT
BBSI,OK,842,
BCC,OK,842,
BCTX,OK,842,
BDXB,NO_DATA,0,HTTP_404_PERMANENT
BFC,OK,842,
BGFV,NO_DATA,0,HTTP_404_PERMANENT
BHFAL,OK,842,
BHVN,AMBIGUOUS_TICKER_REUSE,0,
BKCC,NO_DATA,0,HTTP_404_PERMANENT
BLCO,OK,167,
BLMN,OK,842,
BMI,OK,842,
BNED,OK,842,
BOCH,NO_DATA,0,HTTP_404_PERMANENT
BOTJ,OK,842,
BRAC,NO_DATA,0,HTTP_404_PERMANENT
BRKR,OK,842,
BRX,OK,842,
BTBD,OK,287,
BWAC,NO_DATA,0,HTTP_404_PERMANENT
BWSN,NO_DATA,0,HTTP_404_PERMANENT
BYND,OK,842,
CABA,OK,804,
CAI-P-A,NO_DATA,0,HTTP_404_PERMANENT
CAP,NO_DATA,0,HTTP_404_PERMANENT
CAS,NO_DATA,0,"Data doesn't exist for startDate = 1567296000, endDate = 1672876800"
CBAN,OK,842,
CBOE,OK,842,
CCBG,OK,842,
CCLDP,NO_DATA,0,HTTP_404_PERMANENT
CCS,OK,842,
CDLX,OK,842,
CDR-P-C,NO_DATA,0,HTTP_404_PERMANENT
CEG,OK,242,
CERE,NO_DATA,0,HTTP_404_PERMANENT
CFB,NO_DATA,0,HTTP_404_PERMANENT
CG,OK,842,
CHDN,OK,842,
CHMG,OK,842,
CHS,NO_DATA,0,HTTP_404_PERMANENT
CHX,NO_DATA,0,HTTP_404_PERMANENT
CIM-P-D,NO_DATA,0,HTTP_404_PERMANENT
CIVB,OK,842,
CLDR,NO_DATA,0,HTTP_404_PERMANENT
CLIM,NO_DATA,0,"Data doesn't exist for startDate = 1567296000, endDate = 1672876800"
CLPT,OK,842,
CLXT,NO_DATA,0,HTTP_404_PERMANENT
CMI,OK,842,
CMPX,OK,443,
CNA,OK,842,
CNNE,OK,842,
CNS,OK,842,
CNX,OK,842,
CODI-P-B,NO_DATA,0,HTTP_404_PERMANENT
COFS,OK,842,
CONE,NO_DATA,0,HTTP_404_PERMANENT
COUR,OK,445,
CPHC,OK,842,
CPS,OK,842,
CRDF,OK,842,
CRL,OK,842,
CRSP,OK,842,
CSCO,OK,842,
CSR-P-C,NO_DATA,0,HTTP_404_PERMANENT
CTAA,NO_DATA,0,"Data doesn't exist for startDate = 1567296000, endDate = 1672876800"
CTMX,OK,842,
CTVA,OK,842,
CUBI-P-C,NO_DATA,0,HTTP_404_PERMANENT
CURV,OK,381,
CVGW,NO_DATA,0,HTTP_404_PERMANENT
CVT,NO_DATA,0,HTTP_404_PERMANENT
CXDO,OK,842,
CYTK,OK,842,
DARE,OK,842,
DBP,OK,842,
DC,OK,189,
DCPH,NO_DATA,0,HTTP_404_PERMANENT
DEI,OK,842,
DGII,OK,842,
DICE,NO_DATA,0,"Data doesn't exist for startDate = 1567296000, endDate = 1672876800"
DLHC,OK,842,
DLR-P-K,NO_DATA,0,HTTP_404_PERMANENT
DNLI,OK,842,
DOO,OK,842,
DRAY,NO_DATA,0,"Data doesn't exist for startDate = 1567296000, endDate = 1672876800"
DRRX,NO_DATA,0,HTTP_404_PERMANENT
DSSI,NO_DATA,0,HTTP_404_PERMANENT
DTM,OK,381,
DUKB,OK,842,
DWSN,OK,842,
DXPE,OK,842,
EBAY,OK,842,
ECL,OK,842,
EDR,NO_DATA,0,HTTP_404_PERMANENT
EFOR,OK,842,
EGP,OK,842,
ELAN,OK,842,
ELVT,NO_DATA,0,HTTP_404_PERMANENT
EMN,OK,842,
ENOV,OK,842,
ENTX,OK,842,
EPC,OK,842,
EPSN,OK,842,
EQIX,OK,842,
ESCA,OK,842,
ESQ,OK,842,
ET-P-C,NO_DATA,0,HTTP_404_PERMANENT
ETP-P-C,NO_DATA,0,HTTP_404_PERMANENT
EVBN,NO_DATA,0,HTTP_404_PERMANENT
EWBC,OK,842,
EXPE,OK,842,
FA,OK,387,
FBIOP,OK,842,
FC,OK,842,
FCRD,NO_DATA,0,HTTP_404_PERMANENT
FDS,OK,842,
FEIM,OK,842,
FFIC,NO_DATA,0,HTTP_404_PERMANENT
FGP,NO_DATA,0,HTTP_404_PERMANENT
FHN-P-E,NO_DATA,0,HTTP_404_PERMANENT
FISI,OK,842,
FIX,OK,842,
FLIC,NO_DATA,0,HTTP_404_PERMANENT
FLXS,OK,842,
FNA,NO_DATA,0,HTTP_404_PERMANENT
FNWD,OK,842,
FOSLL,NO_DATA,0,HTTP_404_PERMANENT
FREQ,NO_DATA,0,HTTP_404_PERMANENT
FRST,OK,842,
FSEA,OK,842,
FTAIP,NO_DATA,0,HTTP_404_PERMANENT
FTNT,OK,842,
FULTP,OK,553,
FWRG,OK,317,
FYBR,NO_DATA,0,HTTP_404_PERMANENT
GATO,NO_DATA,0,HTTP_404_PERMANENT
GBT,NO_DATA,0,HTTP_404_PERMANENT
GDNR,NO_DATA,0,HTTP_404_PERMANENT
GEOS,OK,842,
GFNCP,NO_DATA,0,HTTP_404_PERMANENT
GIC,OK,842,
GIXRT,NO_DATA,0,HTTP_404_PERMANENT
GLP-P-A,NO_DATA,0,HTTP_404_PERMANENT
GNC,NO_DATA,0,HTTP_404_PERMANENT
GNRC,OK,842,
GOODM,NO_DATA,0,HTTP_404_PERMANENT
GPAQ,NO_DATA,0,HTTP_404_PERMANENT
GPOR,OK,412,
GRC,OK,842,
GRWG,OK,842,
GS-P-N,NO_DATA,0,HTTP_404_PERMANENT
GTEC,OK,842,
GTS,NO_DATA,0,HTTP_404_PERMANENT
GWB,NO_DATA,0,HTTP_404_PERMANENT
GXO,OK,367,
HALO,OK,842,
HBIO,OK,842,
HCC,OK,842,
HCWB,OK,369,
HELE,OK,842,
HHH,OK,842,
HIPO,OK,500,
HLX,NO_DATA,0,"Data doesn't exist for startDate = 1567296000, endDate = 1672876800"
HMSY,NO_DATA,0,HTTP_404_PERMANENT
HOLO,OK,356,
HOVNP,OK,842,
HPR,NO_DATA,0,HTTP_404_PERMANENT
HRTG,OK,842,
HT-P-C,NO_DATA,0,HTTP_404_PERMANENT
HTGC,OK,842,
HUDAR,NO_DATA,0,HTTP_404_PERMANENT
HWC,OK,842,
HZN,NO_DATA,0,HTTP_404_PERMANENT
IBIO,OK,842,
ICCH,NO_DATA,0,HTTP_404_PERMANENT
ICVX,NO_DATA,0,HTTP_404_PERMANENT
IFF,OK,842,
IKT,OK,511,
IMH-P--B,NO_DATA,0,HTTP_404_PERMANENT
IMVT,OK,842,
INBX,NO_DATA,0,"Data doesn't exist for startDate = 1567296000, endDate = 1672876800"
INKT,OK,307,
INO,OK,842,
INTC,OK,842,
INZY,NO_DATA,0,HTTP_404_PERMANENT
IPGP,OK,842,
IRD,OK,842,
ISBA,OK,842,
ISTR,OK,842,
ITRI,OK,842,
IVR-P-C,NO_DATA,0,HTTP_404_PERMANENT
JAKK,OK,842,
JBSS,OK,842,
JHG,NO_DATA,0,HTTP_404_PERMANENT
JNJ,OK,842,
JPM-P-G,NO_DATA,0,HTTP_404_PERMANENT
JVA,OK,842,
KALV,NO_DATA,0,"Data doesn't exist for startDate = 1567296000, endDate = 1672876800"
KDNY,NO_DATA,0,HTTP_404_PERMANENT
KFY,OK,842,
KKR,OK,842,
KLXE,OK,842,
KNDI,OK,842,
KOPN,OK,842,
KR,OK,842,
KRON,NO_DATA,0,HTTP_404_PERMANENT
KTB,OK,842,
KZR,NO_DATA,0,HTTP_404_PERMANENT
LANDP,NO_DATA,0,"Data doesn't exist for startDate = 1567296000, endDate = 1672876800"
LBAI,NO_DATA,0,HTTP_404_PERMANENT
LCID,OK,578,
LECO,OK,842,
LFACW,NO_DATA,0,
LH,OK,842,
LIND,OK,842,
LKQ,OK,842,
LMMKP,NO_DATA,0,HTTP_404_PERMANENT
LMT,OK,842,
LNTH,OK,842,
LOGM,NO_DATA,0,HTTP_404_PERMANENT
LPLA,OK,842,
LRN,OK,842,
LTC,OK,842,
LUMN,OK,842,
LW,OK,842,
LYEL,OK,391,
MAAQR,NO_DATA,0,HTTP_404_PERMANENT
MASS,OK,514,
MBINO,NO_DATA,0,HTTP_404_PERMANENT
MCACR,NO_DATA,0,HTTP_404_PERMANENT
MCEP,NO_DATA,0,HTTP_404_PERMANENT
MCVT,NO_DATA,0,"Data doesn't exist for startDate = 1567296000, endDate = 1672876800"
MDRRP,NO_DATA,0,HTTP_404_PERMANENT
MEDP,OK,842,
MET-P-E,NO_DATA,0,HTTP_404_PERMANENT
MFO,NO_DATA,0,HTTP_404_PERMANENT
MGNX,OK,842,
MGYR,OK,842,
MIDD,OK,842,
MIRO,NO_DATA,0,HTTP_404_PERMANENT
MJCO,NO_DATA,0,HTTP_404_PERMANENT
MLKN,OK,842,
MMAC,NO_DATA,0,HTTP_404_PERMANENT
MNKD,OK,842,
MNTK,OK,492,
MOFG,NO_DATA,0,HTTP_404_PERMANENT
MPB,OK,842,
MRBK,OK,842,
MRLN,NO_DATA,0,"Data doesn't exist for startDate = 1567296000, endDate = 1672876800"
MS,OK,842,
MSA,OK,842,
MSI,OK,842,
MTEX,OK,842,
MTSI,OK,842,
MUX,OK,842,
MYE,OK,842,
NABL,OK,370,
NB,NO_DATA,0,"Data doesn't exist for startDate = 1567296000, endDate = 1672876800"
NBTB,OK,842,
NDSN,OK,842,
NEPH,OK,842,
NFBK,NO_DATA,0,"Data doesn't exist for startDate = 1567296000, endDate = 1672876800"
NGIO,NO_DATA,0,HTTP_404_PERMANENT
NGVT,OK,842,
NJR,OK,842,
NLY-P-D,NO_DATA,0,HTTP_404_PERMANENT
NNBR,OK,842,
NOW,OK,842,
NREF,OK,733,
NS-P-A,NO_DATA,0,HTTP_404_PERMANENT
NSLR,OK,842,
NTGN,NO_DATA,0,HTTP_404_PERMANENT
NTRSO,OK,801,
NUTX,OK,190,
NVNO,OK,842,
NWL,OK,842,
NXH,OK,842,
NYMTZ,NO_DATA,0,HTTP_404_PERMANENT
OBK,OK,842,
ODC,OK,842,
OFIX,OK,842,
OGE,OK,842,
OLN,OK,842,
OMF,OK,842,
ONCT,NO_DATA,0,HTTP_404_PERMANENT
ONTO,OK,803,
OPRX,OK,842,
ORI,OK,842,
ORSNR,NO_DATA,0,HTTP_404_PERMANENT
OSUR,OK,842,
OUT,OK,842,
OXSQ,OK,842,
PACWP,NO_DATA,0,HTTP_404_PERMANENT
PARR,OK,842,
PAYX,OK,842,
PBHC,OK,842,
PCGU,NO_DATA,0,HTTP_404_PERMANENT
PCVX,OK,646,
PDLI,NO_DATA,0,HTTP_404_PERMANENT
PEB-P-H,NO_DATA,0,HTTP_404_PERMANENT
PESI,OK,842,
PFH,OK,589,
PG,OK,842,
PHAT,OK,804,
PING,NO_DATA,0,HTTP_404_PERMANENT
PKOH,OK,842,
PLD,OK,842,
PLUG,OK,842,
PMBC,NO_DATA,0,HTTP_404_PERMANENT
PMTS,OK,842,
PNNT,OK,842,
PODD,OK,842,
PPBI,NO_DATA,0,HTTP_404_PERMANENT
PPTA,OK,474,
PRFT,NO_DATA,0,HTTP_404_PERMANENT
PRLB,OK,842,
PRSO,OK,842,
PRVL,NO_DATA,0,HTTP_404_PERMANENT
PSA-P-K,NO_DATA,0,HTTP_404_PERMANENT
PSA-P-S,NO_DATA,0,HTTP_404_PERMANENT
PSX,OK,842,
PTRS,NO_DATA,0,HTTP_404_PERMANENT
PXD,NO_DATA,0,HTTP_404_PERMANENT
QDEL,OK,842,
QOMOR,NO_DATA,0,HTTP_404_PERMANENT
QTWO,OK,842,
RAIL,OK,842,
RBC,OK,842,
RC-P-E,NO_DATA,0,HTTP_404_PERMANENT
RCMT,OK,842,
RDVT,OK,842,
REGN,OK,842,
RESN,NO_DATA,0,HTTP_404_PERMANENT
REXR-P-C,NO_DATA,0,HTTP_404_PERMANENT
RFACR,NO_DATA,0,HTTP_404_PERMANENT
RGP,OK,842,
RILY,OK,842,
RILYO,NO_DATA,0,HTTP_404_PERMANENT
RITM-P-D,NO_DATA,0,HTTP_404_PERMANENT
RKLY,NO_DATA,0,HTTP_404_PERMANENT
RM,OK,842,
RNAM,NO_DATA,0,HTTP_404_PERMANENT
RNWK,NO_DATA,0,HTTP_404_PERMANENT
ROIV,OK,522,
RPT,OK,842,
RSG,OK,842,
RTN,NO_DATA,0,HTTP_404_PERMANENT
RVPH,OK,517,
RXST,OK,361,
RZB,NO_DATA,0,HTTP_404_PERMANENT
SAFE,OK,842,
SAJ,OK,42,
SASR,NO_DATA,0,HTTP_404_PERMANENT
SBH,OK,842,
SCCG,OK,91,
SCPH,NO_DATA,0,HTTP_404_PERMANENT
SEDG,OK,842,
SF,OK,842,
SFM,OK,842,
SGLY,OK,842,
SHLX,NO_DATA,0,HTTP_404_PERMANENT
SHPH,OK,87,
SIGI,OK,842,
SITC-P-A,NO_DATA,0,HTTP_404_PERMANENT
SKT,OK,842,
SLCA,NO_DATA,0,HTTP_404_PERMANENT
SLNG,OK,842,
SLV,OK,842,
SMID,OK,842,
SMSI,OK,842,
SNCR,NO_DATA,0,HTTP_404_PERMANENT
SNEX,OK,842,
SNV,NO_DATA,0,HTTP_404_PERMANENT
SOHO,NO_DATA,0,HTTP_404_PERMANENT
SON,OK,842,
SP,NO_DATA,0,HTTP_404_PERMANENT
SPNE,NO_DATA,0,HTTP_404_PERMANENT
SPSC,OK,842,
SRC-P-A,NO_DATA,0,HTTP_404_PERMANENT
SRPT,OK,842,
SSI,NO_DATA,0,HTTP_404_PERMANENT
STAG-P-C,NO_DATA,0,HTTP_404_PERMANENT
STFC,NO_DATA,0,HTTP_404_PERMANENT
STOK,OK,842,
STRS,OK,842,
STX,OK,842,
SURG,OK,842,
SWIM,OK,429,
SXT,OK,842,
SYPR,OK,842,
TALK,NO_DATA,0,"Data doesn't exist for startDate = 1567296000, endDate = 1672876800"
TBBK,OK,842,
TCBS,OK,371,
TCPC,OK,842,
TECD,NO_DATA,0,HTTP_404_PERMANENT
TER,OK,842,
TFC-P-G,NO_DATA,0,HTTP_404_PERMANENT
TG,OK,842,
THC,OK,842,
THRX,NO_DATA,0,HTTP_404_PERMANENT
TIPT,OK,842,
TLRA,NO_DATA,0,HTTP_404_PERMANENT
TMUS,OK,842,
TNON,OK,174,
TPB,OK,842,
TPTA,NO_DATA,0,HTTP_404_PERMANENT
TREE,OK,842,
TRMT,NO_DATA,0,HTTP_404_PERMANENT
TRTN-P-D,NO_DATA,0,HTTP_404_PERMANENT
TRVI,OK,842,
TSRI,NO_DATA,0,HTTP_404_PERMANENT
TTMI,OK,842,
TVTY,NO_DATA,0,HTTP_404_PERMANENT
TWO-P-C,NO_DATA,0,HTTP_404_PERMANENT
TXRH,OK,842,
UAMY,OK,842,
UDMY,NO_DATA,0,HTTP_404_PERMANENT
UFS,NO_DATA,0,HTTP_404_PERMANENT
ULH,OK,842,
UNAMQ,NO_DATA,0,HTTP_404_PERMANENT
UNT,NO_DATA,0,HTTP_404_PERMANENT
URI,OK,842,
USFD,OK,842,
UTMD,OK,842,
UZE,OK,517,
VATE,OK,842,
VEEE,OK,368,
VERY,NO_DATA,0,HTTP_404_PERMANENT
VICI,OK,842,
VKTX,OK,842,
VNDA,OK,842,
VOR,OK,482,
VRM,NO_DATA,0,"Data doesn't exist for startDate = 1567296000, endDate = 1672876800"
VRTV,NO_DATA,0,HTTP_404_PERMANENT
VSXY,OK,368,
VVOS,OK,519,
WASH,OK,842,
WCC,OK,842,
WEC,OK,842,
WFCF,OK,842,
WHLRL,NO_DATA,0,
WLDN,OK,842,
WMK,OK,842,
WPC,OK,842,
WSC,OK,842,
WTFCP,NO_DATA,0,HTTP_404_PERMANENT
WULF,OK,842,
XBIO,OK,842,
XERS,OK,842,
XNCR,OK,842,
XRN-P-A,NO_DATA,0,HTTP_404_PERMANENT
YMAB,NO_DATA,0,HTTP_404_PERMANENT
ZEN,NO_DATA,0,HTTP_404_PERMANENT
ZNTL,OK,694,
AAAU,OK,842,
AAME,OK,842,
ABCB,OK,842,
ABR-P-B,NO_DATA,0,HTTP_404_PERMANENT
ABUS,OK,842,
ACCD,NO_DATA,0,HTTP_404_PERMANENT
ACHC,OK,842,
ACNB,OK,842,
ACRV,OK,34,
ADEA,OK,842,
ADPT,OK,842,
ADVM,NO_DATA,0,HTTP_404_PERMANENT
AEMD,OK,842,
AEVA,OK,720,
AFGE,OK,578,
AGM-P-A,NO_DATA,0,HTTP_404_PERMANENT
AGNCL,OK,81,
AGS,NO_DATA,0,HTTP_404_PERMANENT
AHT,OK,842,
AIFF,OK,842,
AIRG,OK,842,
AIZP,NO_DATA,0,HTTP_404_PERMANENT
AKLI,NO_DATA,0,HTTP_404_PERMANENT
ALB,OK,842,
ALGM,OK,549,
ALKS,OK,842,
ALLK,NO_DATA,0,HTTP_404_PERMANENT
ALRM,OK,842,
ALV,OK,842,
AMCR,OK,842,
AMH-P-F,NO_DATA,0,HTTP_404_PERMANENT
AMNB,NO_DATA,0,HTTP_404_PERMANENT
AMTI,NO_DATA,0,HTTP_404_PERMANENT
ANDE,OK,842,
ANIP,OK,842,
AP,OK,842,
APLE,OK,842,
APTV-P-A,NO_DATA,0,HTTP_404_PERMANENT
ARA,NO_DATA,0,HTTP_404_PERMANENT
ARES-P-A,NO_DATA,0,HTTP_404_PERMANENT
ARLO,OK,842,
ARR-P-C,NO_DATA,0,HTTP_404_PERMANENT
ASB-P-E,NO_DATA,0,HTTP_404_PERMANENT
ASNS,OK,162,
ASTI,OK,92,
ATCO-P-E,NO_DATA,0,HTTP_404_PERMANENT
ATER,OK,842,
ATLC,OK,842,
ATOS,OK,842,
ATSG,NO_DATA,0,HTTP_404_PERMANENT
AUGX,NO_DATA,0,HTTP_404_PERMANENT
AVAV,OK,842,
AVHI,NO_DATA,0,HTTP_404_PERMANENT
AVT,OK,842,
AWR,OK,842,
AXP,OK,842,
AYLA,NO_DATA,0,HTTP_404_PERMANENT
BAFN,OK,501,
BBAI,OK,443,
BBY,OK,842,
BCML,OK,842,
BDN,OK,842,
BEEM,OK,842,
BFRI,OK,297,
BGS,OK,842,
BHFAO,OK,663,
BITE,NO_DATA,0,HTTP_404_PERMANENT
BKE,OK,842,
BLEUR,NO_DATA,0,HTTP_404_PERMANENT
BLUE,NO_DATA,0,HTTP_404_PERMANENT
BMRN,OK,842,
BNIXR,NO_DATA,0,HTTP_404_PERMANENT
BOKF,OK,842,
BPMC,NO_DATA,0,HTTP_404_PERMANENT
BREW,NO_DATA,0,"Data doesn't exist for startDate = 1567296000, endDate = 1672876800"
BRMK,NO_DATA,0,HTTP_404_PERMANENT
BSM,OK,842,
BV,OK,842,
BWBBP,OK,348,
BXP,OK,842,
C,OK,842,
CACC,OK,842,
CAL,OK,842,
CAR,OK,842,
CASS,OK,842,
CBB-P-B,NO_DATA,0,HTTP_404_PERMANENT
CBU,OK,842,
CCF,NO_DATA,0,HTTP_404_PERMANENT
CCNE,OK,842,
CCXI,NO_DATA,0,"Data doesn't exist for startDate = 1567296000, endDate = 1672876800"
CDNA,OK,842,
CDW,OK,842,
CELZ,OK,842,
CERT,OK,519,
CFFI,OK,842,
CGEM,OK,501,
CHGG,OK,842,
CHMI-P-B,NO_DATA,0,HTTP_404_PERMANENT
CHSCN,OK,842,
CIIT,OK,842,
CING,OK,270,
CLAQR,NO_DATA,0,HTTP_404_PERMANENT
CLDX,OK,842,
CLMT,OK,842,
CLSK,OK,842,
CMCO,OK,842,
CMO-P-E,NO_DATA,0,HTTP_404_PERMANENT
CMS-P-C,NO_DATA,0,HTTP_404_PERMANENT
CNDT,OK,842,
CNOB,OK,842,
CNST,NO_DATA,0,HTTP_404_PERMANENT
CNXN,OK,842,
COF-P-I,NO_DATA,0,HTTP_404_PERMANENT
COKE,OK,842,
COOP,NO_DATA,0,HTTP_404_PERMANENT
CPAH,NO_DATA,0,HTTP_404_PERMANENT
CPLG,NO_DATA,0,HTTP_404_PERMANENT
CRAI,OK,842,
CRGEQ,NO_DATA,0,HTTP_404_PERMANENT
CRNC,OK,833,
CRUS,OK,842,
CSII,NO_DATA,0,HTTP_404_PERMANENT
CSV,OK,842,
CTG,NO_DATA,0,HTTP_404_PERMANENT
CTRE,OK,842,
CTY,NO_DATA,0,HTTP_404_PERMANENT
CUBI-P-F,NO_DATA,0,HTTP_404_PERMANENT
CVBF,OK,842,
CVLT,OK,842,
CW,OK,842,
CXW,OK,842,
CZNC,OK,842,
DBB,OK,842,
DBRG-P-I,NO_DATA,0,HTTP_404_PERMANENT
DCOM,OK,842,
DD,OK,842,
DEST,NO_DATA,0,HTTP_404_PERMANENT
DHC,OK,842,
DIVC,NO_DATA,0,HTTP_404_PERMANENT
DLR,OK,842,
DLX,OK,842,
DNUT,OK,381,
DOUG,OK,255,
DRH-P-A,NO_DATA,0,HTTP_404_PERMANENT
DRVN,OK,495,
DTE,OK,842,
DTST,OK,842,
DV,OK,431,
DX-P-B,NO_DATA,0,HTTP_404_PERMANENT
EA,NO_DATA,0,"Data doesn't exist for startDate = 1567296000, endDate = 1672876800"
EBF,OK,842,
ECPG,OK,842,
EEFT,OK,842,
EFSI,OK,842,
EHTH,OK,842,
ELF,OK,842,
EMBCV,NO_DATA,0,HTTP_404_PERMANENT
ENBA,NO_DATA,0,HTTP_404_PERMANENT
ENS,OK,842,
ENVB,OK,842,
EPR,OK,842,
EQC,NO_DATA,0,HTTP_404_PERMANENT
EQT,OK,842,
ESI,OK,842,
ESSC,NO_DATA,0,"Data doesn't exist for startDate = 1567296000, endDate = 1672876800"
ETD,OK,842,
ETTX,NO_DATA,0,HTTP_404_PERMANENT
EVOK,NO_DATA,0,HTTP_404_PERMANENT
EXC,OK,842,
EXTN,NO_DATA,0,HTTP_404_PERMANENT
FARO,NO_DATA,0,HTTP_404_PERMANENT
FBM,NO_DATA,0,HTTP_404_PERMANENT
FCCY,NO_DATA,0,HTTP_404_PERMANENT
FCRZ,NO_DATA,0,HTTP_404_PERMANENT
FDUSL,NO_DATA,0,HTTP_404_PERMANENT
FENC,OK,842,
FFNW,NO_DATA,0,HTTP_404_PERMANENT
FHN,OK,842,
FIBK,OK,842,
FITB-P-A,NO_DATA,0,HTTP_404_PERMANENT
FL,NO_DATA,0,HTTP_404_PERMANENT
FLNT,OK,842,
FMBI,NO_DATA,0,HTTP_404_PERMANENT
FNGR,OK,842,
FONR,NO_DATA,0,HTTP_404_PERMANENT
FPI-P-B,NO_DATA,0,HTTP_404_PERMANENT
FRME,OK,842,
FRTA,NO_DATA,0,HTTP_404_PERMANENT
FSLR,OK,842,
FTEK,OK,842,
FTR,NO_DATA,0,HTTP_404_PERMANENT
FUSN,NO_DATA,0,HTTP_404_PERMANENT
FXC,OK,842,
GACQ,NO_DATA,0,HTTP_404_PERMANENT
GBCI,OK,842,
GCO,OK,842,
GEENQ,NO_DATA,0,HTTP_404_PERMANENT
GEVO,OK,842,
GGG,OK,842,
GIGL,NO_DATA,0,"Data doesn't exist for startDate = 1567296000, endDate = 1672876800"
GL-P-D,NO_DATA,0,HTTP_404_PERMANENT
GLUE,OK,386,
GNL,OK,842,
GNTY,NO_DATA,0,HTTP_404_PERMANENT
GORV,NO_DATA,0,HTTP_404_PERMANENT
GPI,OK,842,
GPX,NO_DATA,0,HTTP_404_PERMANENT
GRNA,NO_DATA,0,HTTP_404_PERMANENT
GS-P-A,NO_DATA,0,HTTP_404_PERMANENT
GSBC,OK,842,
GTIM,OK,842,
GURE,OK,842,
GWII,NO_DATA,0,HTTP_404_PERMANENT
HABT,NO_DATA,0,HTTP_404_PERMANENT
HASI,OK,842,
HBP,NO_DATA,0,HTTP_404_PERMANENT
HCCI,NO_DATA,0,HTTP_404_PERMANENT
HD,OK,842,
HGBL,OK,842,
HIBB,NO_DATA,0,HTTP_404_PERMANENT
HLIO,OK,842,
HMG,NO_DATA,0,HTTP_404_PERMANENT
HNNAZ,NO_DATA,0,HTTP_404_PERMANENT
HOME,NO_DATA,0,HTTP_404_PERMANENT
HPE,OK,842,
HRB,OK,842,
HSIC,OK,842,
HTB,OK,842,
HTLF,NO_DATA,0,HTTP_404_PERMANENT
HUN,OK,842,
HWCPZ,OK,643,
IAA,NO_DATA,0,HTTP_404_PERMANENT
IBOC,OK,842,
ICHR,OK,842,
IDN,OK,842,
III,OK,842,
IMA,OK,448,
IMMU,NO_DATA,0,HTTP_404_PERMANENT
INAPQ,NO_DATA,0,HTTP_404_PERMANENT
INDT,NO_DATA,0,HTTP_404_PERMANENT
INN,OK,842,
INSG,OK,842,
INTZ,OK,842,
IOSP,OK,842,
IPM,OK,842,
IRM,OK,842,
ISLE,NO_DATA,0,HTTP_404_PERMANENT
ITG,NO_DATA,0,"Data doesn't exist for startDate = 1567296000, endDate = 1672876800"
IVAC,NO_DATA,0,HTTP_404_PERMANENT
IVZ,OK,842,
JAQC,NO_DATA,0,HTTP_404_PERMANENT
JCI,OK,842,
JLL,OK,842,
JOBY,OK,542,
JPM-P-L,NO_DATA,0,HTTP_404_PERMANENT
JYNT,OK,842,
KBLMR,NO_DATA,0,HTTP_404_PERMANENT
KEM,NO_DATA,0,HTTP_404_PERMANENT
KIM,OK,842,
KKR-P-C,NO_DATA,0,HTTP_404_PERMANENT
KMPH,NO_DATA,0,HTTP_404_PERMANENT
KNTE,NO_DATA,0,HTTP_404_PERMANENT
KOS,OK,842,
KREF,OK,842,
KRT,OK,435,
KTTA,OK,329,
LABP,NO_DATA,0,HTTP_404_PERMANENT
LASR,OK,842,
LBC,NO_DATA,0,HTTP_404_PERMANENT
LCUT,OK,842,
LEG,NO_DATA,0,"Data doesn't exist for startDate = 1567296000, endDate = 1672876800"
LFST,OK,396,
LILAR,NO_DATA,0,HTTP_404_PERMANENT
LITE,OK,842,
LM,NO_DATA,0,HTTP_404_PERMANENT
LMNX,NO_DATA,0,"Data doesn't exist for startDate = 1567296000, endDate = 1672876800"
LNG,OK,842,
LOAN,OK,842,
LOPE,OK,842,
LPX,OK,842,
LSCC,OK,842,
LTRN,OK,647,
LUV,OK,842,
LXFR,OK,842,
LZ,OK,382,
MACU,NO_DATA,0,HTTP_404_PERMANENT
MAXR,NO_DATA,0,HTTP_404_PERMANENT
MBOT,OK,842,
MCAFR,NO_DATA,0,HTTP_404_PERMANENT
MCHP,OK,842,
MD,OK,842,
MDVL,NO_DATA,0,HTTP_404_PERMANENT
MELI,OK,842,
MFA-P-B,NO_DATA,0,HTTP_404_PERMANENT
MGEE,OK,842,
MGRB,OK,571,
MH-P-D,NO_DATA,0,HTTP_404_PERMANENT
MIME,NO_DATA,0,HTTP_404_PERMANENT
MITT,OK,842,
MKL,OK,842,
MLNX,NO_DATA,0,HTTP_404_PERMANENT
MMM,OK,842,
MNRO,OK,842,
MO,OK,842,
MORN,OK,842,
MPT,OK,842,
MRCCL,NO_DATA,0,HTTP_404_PERMANENT
MRO,NO_DATA,0,HTTP_404_PERMANENT
MS-P-F,NO_DATA,0,HTTP_404_PERMANENT
MSBI,OK,842,
MTB,OK,842,
MTN,OK,842,
MTX,OK,842,
MVST,OK,842,
MYL,NO_DATA,0,HTTP_404_PERMANENT
NARI,NO_DATA,0,HTTP_404_PERMANENT
NBIX,OK,842,
NCPL,OK,842,
NEO,OK,842,
NESR,NO_DATA,0,"Data doesn't exist for startDate = 1567296000, endDate = 1672876800"
NGA,NO_DATA,0,HTTP_404_PERMANENT
NGLS-P-A,NO_DATA,0,HTTP_404_PERMANENT
NI,OK,842,
NKTR,OK,842,
NLY-P-I,NO_DATA,0,HTTP_404_PERMANENT
NOV,OK,842,
NPK,OK,842,
NRIM,OK,842,
NSA,NO_DATA,0,HTTP_404_PERMANENT
NSSC,OK,842,
NTLA,OK,842,
NTUS,NO_DATA,0,HTTP_404_PERMANENT
NVAX,OK,842,
NVST,OK,831,
NX,OK,842,
NXRT,OK,842,
OAK-P-A,NO_DATA,0,HTTP_404_PERMANENT
OCDX,NO_DATA,0,HTTP_404_PERMANENT
OESX,OK,842,
OFSSG,NO_DATA,0,HTTP_404_PERMANENT
OHI,OK,842,
OM,OK,581,
OMN,NO_DATA,0,HTTP_404_PERMANENT
ONEM,NO_DATA,0,HTTP_404_PERMANENT
OPCH,OK,842,
ORA,OK,842,
ORLY,OK,842,
OSH,NO_DATA,0,HTTP_404_PERMANENT
OTIS,OK,705,
OVLY,OK,842,
OXSQZ,NO_DATA,0,HTTP_404_PERMANENT
PAG,OK,842,
PATK,OK,842,
PBBK,NO_DATA,0,HTTP_404_PERMANENT
PBY,NO_DATA,0,HTTP_404_PERMANENT
PCRX,OK,842,
PDCE,NO_DATA,0,HTTP_404_PERMANENT
PEB-P-C,NO_DATA,0,HTTP_404_PERMANENT
PEGA,OK,842,
PFBI,NO_DATA,0,HTTP_404_PERMANENT
PFLT,OK,842,
PGNX,NO_DATA,0,HTTP_404_PERMANENT
PHUN,OK,842,
PJH,NO_DATA,0,HTTP_404_PERMANENT
PLAN,NO_DATA,0,HTTP_404_PERMANENT
PLOW,OK,842,
PLXS,OK,842,
PMN,OK,842,
PNC,OK,842,
PNRG,OK,842,
POST,OK,842,
PPG,OK,842,
PRAH,NO_DATA,0,HTTP_404_PERMANENT
PRGX,NO_DATA,0,HTTP_404_PERMANENT
PRNB,NO_DATA,0,HTTP_404_PERMANENT
PRTH,OK,842,
PSA-P-F,NO_DATA,0,HTTP_404_PERMANENT
PSA-P-N,NO_DATA,0,HTTP_404_PERMANENT
PSIX,OK,842,
PTCT,OK,842,
PUMP,OK,842,
PYPL,OK,842,
QHC,NO_DATA,0,HTTP_404_PERMANENT
QSR,OK,842,
QUMU,NO_DATA,0,HTTP_404_PERMANENT
RARE,OK,842,
RBNC,NO_DATA,0,HTTP_404_PERMANENT
RCB,NO_DATA,0,HTTP_404_PERMANENT
RCUS,OK,842,
REBN,OK,100,
RELL,OK,842,
REVG,NO_DATA,0,HTTP_404_PERMANENT
RF,OK,842,
RGCO,OK,842,
RGTI,OK,430,
RILYI,NO_DATA,0,HTTP_404_PERMANENT
RILYZ,OK,355,
RJF,OK,842,
RLI,OK,842,
RMCF,OK,842,
RNET,NO_DATA,0,HTTP_404_PERMANENT
ROCK,OK,842,
ROP,OK,842,
RRBI,OK,842,
RSVR,OK,504,
RUN,OK,842,
RWAYL,OK,109,
RYI,NO_DATA,0,HTTP_404_PERMANENT
S,OK,382,
SAGAR,NO_DATA,0,HTTP_404_PERMANENT
SAMA,NO_DATA,0,HTTP_404_PERMANENT
SBBP,NO_DATA,0,HTTP_404_PERMANENT
SBUX,OK,842,
SCI,OK,842,
SCWO,OK,842,
SEM,NO_DATA,0,HTTP_404_PERMANENT
SF-P-C,NO_DATA,0,HTTP_404_PERMANENT
SGB,NO_DATA,0,HTTP_404_PERMANENT
SGTX,NO_DATA,0,HTTP_404_PERMANENT
SHO-P-F,NO_DATA,0,HTTP_404_PERMANENT
SHYF,NO_DATA,0,HTTP_404_PERMANENT
SILO,OK,501,
SITM,OK,786,
SKYE,OK,842,
SLG,OK,842,
SLNO,NO_DATA,0,HTTP_404_PERMANENT
SMBC,OK,842,
SMMF,NO_DATA,0,HTTP_404_PERMANENT
SMTK,NO_DATA,0,"Data doesn't exist for startDate = 1567296000, endDate = 1672876800"
SND,OK,842,
SNOA,OK,842,
SNWV,NO_DATA,0,"Data doesn't exist for startDate = 1567296000, endDate = 1672876800"
SOJB,NO_DATA,0,HTTP_404_PERMANENT
SONO,OK,842,
SPGI,OK,842,
SPOK,OK,842,
SPXC,OK,842,
SRDX,NO_DATA,0,HTTP_404_PERMANENT
SRT,NO_DATA,0,HTTP_404_PERMANENT
SSTK,OK,842,
STAR-P-I,NO_DATA,0,HTTP_404_PERMANENT
STKS,OK,842,
STRL,OK,842,
STT,OK,842,
SUMO,NO_DATA,0,HTTP_404_PERMANENT
SVRA,OK,842,
SWKS,OK,842,
SYF-P-A,NO_DATA,0,HTTP_404_PERMANENT
T,OK,842,
TARS,OK,558,
TBI,OK,842,
TCMD,OK,842,
TCRX,OK,371,
TECX,OK,842,
TEUM,NO_DATA,0,HTTP_404_PERMANENT
TFC-P-O,NO_DATA,0,HTTP_404_PERMANENT
TGI,NO_DATA,0,HTTP_404_PERMANENT
THGA,NO_DATA,0,HTTP_404_PERMANENT
THTI,NO_DATA,0,HTTP_404_PERMANENT
TIVO,NO_DATA,0,HTTP_404_PERMANENT
TMC,OK,332,
TNC,OK,842,
TOL,OK,842,
TPCS,OK,842,
TPVY,NO_DATA,0,HTTP_404_PERMANENT
TRHC,NO_DATA,0,HTTP_404_PERMANENT
TRNS,OK,842,
TRTX-P-C,NO_DATA,0,HTTP_404_PERMANENT
TSCAP,NO_DATA,0,HTTP_404_PERMANENT
TTC,OK,842,
TUSK,OK,842,
TWIN,OK,842,
TWST,OK,842,
TYME,NO_DATA,0,HTTP_404_PERMANENT
UBP,NO_DATA,0,HTTP_404_PERMANENT
UEIC,OK,842,
UHT,OK,842,
UMH,OK,842,
UNFI,OK,842,
UPST,OK,516,
USAK,NO_DATA,0,HTTP_404_PERMANENT
USLM,OK,842,
UVSP,OK,842,
VAC,OK,842,
VBTX,NO_DATA,0,HTTP_404_PERMANENT
VER-P-F,NO_DATA,0,HTTP_404_PERMANENT
VGR,NO_DATA,0,HTTP_404_PERMANENT
VIGL,NO_DATA,0,HTTP_404_PERMANENT
VMC,OK,842,
VNO-P-K,NO_DATA,0,HTTP_404_PERMANENT
VPG,OK,842,
VRNS,OK,842,
VSH,OK,842,
VTR,OK,842,
VWTR,NO_DATA,0,HTTP_404_PERMANENT
WBC,NO_DATA,0,HTTP_404_PERMANENT
WD,OK,842,
WES,OK,842,
WHF,OK,842,
WINA,OK,842,
WLKP,OK,842,
WMT,OK,842,
WRAP,OK,842,
WSR,NO_DATA,0,"Data doesn't exist for startDate = 1567296000, endDate = 1672876800"
WTREP,NO_DATA,0,HTTP_404_PERMANENT
WWD,OK,842,
XEC,NO_DATA,0,HTTP_404_PERMANENT
XHR,OK,842,
XOS,OK,522,
XYL,OK,842,
YUMA,NO_DATA,0,HTTP_404_PERMANENT
ZGNX,NO_DATA,0,HTTP_404_PERMANENT
ZWS,OK,842,
AACI,NO_DATA,0,"Data doesn't exist for startDate = 1567296000, endDate = 1672876800"
AAOI,OK,842,
ABCL,OK,519,
ABR-P-C,NO_DATA,0,HTTP_404_PERMANENT
ABVC,OK,842,
ACCO,OK,842,
ACHV,OK,842,
ACNT,OK,842,
ACT,OK,328,
ADI,OK,842,
ADRT,NO_DATA,0,HTTP_404_PERMANENT
AE,NO_DATA,0,HTTP_404_PERMANENT
AEO,OK,842,
AEYE,OK,842,
AFGH,NO_DATA,0,HTTP_404_PERMANENT
AGM-P-C,NO_DATA,0,HTTP_404_PERMANENT
AGNCM,OK,842,
AGTC,NO_DATA,0,HTTP_404_PERMANENT
AHT-P-D,NO_DATA,0,HTTP_404_PERMANENT
AIMC,NO_DATA,0,HTTP_404_PERMANENT
AIRS,OK,297,
AJG,OK,842,
AKR,OK,842,
ALBO,NO_DATA,0,HTTP_404_PERMANENT
ALGN,OK,842,
ALKT,OK,436,
ALLO,OK,842,
ALRS,OK,842,
ALXN,NO_DATA,0,HTTP_404_PERMANENT
AMD,OK,842,
AMH-P-G,NO_DATA,0,HTTP_404_PERMANENT
AMP,OK,842,
AMTX,OK,842,
ANET,OK,842,
ANIX,OK,842,
APA,OK,842,
APLS,NO_DATA,0,HTTP_404_PERMANENT
APVO,OK,842,
ARAV,NO_DATA,0,HTTP_404_PERMANENT
ARGO,NO_DATA,0,HTTP_404_PERMANENT
ARLP,OK,842,
ARRY,OK,559,
ASB-P-F,NO_DATA,0,HTTP_404_PERMANENT
ASPI,OK,37,
ASUR,OK,842,
ATCO-P-G,NO_DATA,0,HTTP_404_PERMANENT
ATEX,OK,842,
ATLCL,OK,280,
ATPC,NO_DATA,0,"Data doesn't exist for startDate = 1567296000, endDate = 1672876800"
ATVI,NO_DATA,0,HTTP_404_PERMANENT
AUID,OK,394,
AVB,NO_DATA,0,"Data doesn't exist for startDate = 1567296000, endDate = 1672876800"
AVID,NO_DATA,0,HTTP_404_PERMANENT
AVTR,OK,842,
AX,OK,842,
AXR,OK,842,
AYTU,OK,842,
BALL,OK,842,
BBDC,OK,842,
BC,OK,842,
BCOV,NO_DATA,0,HTTP_404_PERMANENT
BDSI,NO_DATA,0,HTTP_404_PERMANENT
BEEP,NO_DATA,0,"Data doesn't exist for startDate = 1567296000, endDate = 1672876800"
BFS,OK,842,
BGSF,OK,842,
BHFAP,OK,842,
BITW,OK,520,
BKNG,OK,842,
BLFS,OK,842,
BMAQ,NO_DATA,0,HTTP_404_PERMANENT
BMTC,NO_DATA,0,HTTP_404_PERMANENT
BNL,OK,579,
BOKFL,NO_DATA,0,HTTP_404_PERMANENT
BPMP,NO_DATA,0,HTTP_404_PERMANENT
BRFH,OK,842,
BRO,OK,842,
BSRR,OK,842,
BVSN,NO_DATA,0,HTTP_404_PERMANENT
BWEN,OK,842,
BXP-P-B,NO_DATA,0,HTTP_404_PERMANENT
C-P-J,NO_DATA,0,HTTP_404_PERMANENT
CADL,OK,364,
CALB,NO_DATA,0,HTTP_404_PERMANENT
CARE,OK,842,
CAT,OK,842,
CBFV,OK,842,
CBZ,OK,842,
CCI,OK,842,
CCNEP,OK,597,
CCZ,OK,746,
CDNS,OK,842,
CDXS,OK,842,
CEMI,NO_DATA,0,HTTP_404_PERMANENT
CETX,OK,842,
CFFN,OK,842,
CGNX,OK,842,
CHK,NO_DATA,0,HTTP_404_PERMANENT
CHNG,NO_DATA,0,HTTP_404_PERMANENT
CHSCO,OK,842,
CIM,OK,842,
CIO,NO_DATA,0,HTTP_404_PERMANENT
CLAR,OK,842,
CLF,OK,842,
CLNE,OK,842,
CLST,OK,309,
CMCT,OK,842,
CMP,OK,842,
CMSA,OK,842,
CNET,OK,842,
CNOBP,OK,351,
CNTA,NO_DATA,0,HTTP_404_PERMANENT
COCO,OK,303,
COF-P-J,NO_DATA,0,HTTP_404_PERMANENT
COLB,OK,842,
COR,OK,842,
CPAY,OK,842,
CPN,NO_DATA,0,HTTP_404_PERMANENT
CRBG,OK,76,
CRHM,NO_DATA,0,HTTP_404_PERMANENT
CRNX,NO_DATA,0,"Data doesn't exist for startDate = 1567296000, endDate = 1672876800"
CRVL,OK,842,
CSL,OK,842,
CSW,OK,842,
CTIC,NO_DATA,0,HTTP_404_PERMANENT
CTRN,OK,842,
CTZ,NO_DATA,0,HTTP_404_PERMANENT
CUE,OK,842,
CVCO,OK,842,
CVLY,NO_DATA,0,HTTP_404_PERMANENT
CWBC,OK,842,
CYBE,NO_DATA,0,HTTP_404_PERMANENT
D,OK,842,
DBC,OK,842,
DBRG-P-J,NO_DATA,0,HTTP_404_PERMANENT
DCOMP,NO_DATA,0,HTTP_404_PERMANENT
DDD,OK,842,
DFIN,OK,842,
DHCNI,OK,842,
DJCO,OK,842,
DLR-P-C,NO_DATA,0,HTTP_404_PERMANENT
DMAC,OK,842,
DO,NO_DATA,0,HTTP_404_PERMANENT
DOV,OK,842,
DRI,OK,842,
DSEY,NO_DATA,0,HTTP_404_PERMANENT
DTE 6.25,NO_DATA,0,HTTP_404_PERMANENT
DTW,OK,842,
DVA,OK,842,
DX-P-C,NO_DATA,0,HTTP_404_PERMANENT
EAF,OK,842,
EBMT,OK,842,
ECVT,OK,842,
EEX,NO_DATA,0,HTTP_404_PERMANENT
EFX,OK,842,
EIDX,NO_DATA,0,HTTP_404_PERMANENT
ELME,OK,842,
EMCF,NO_DATA,0,HTTP_404_PERMANENT
ENBL,NO_DATA,0,HTTP_404_PERMANENT
ENSC,OK,842,
ENVX,OK,504,
EPR-P-C,NO_DATA,0,HTTP_404_PERMANENT
EQC-P-D,NO_DATA,0,HTTP_404_PERMANENT
ERAS,OK,371,
ESMT,NO_DATA,0,HTTP_404_PERMANENT
ESTA,OK,842,
ETFC,NO_DATA,0,HTTP_404_PERMANENT
EUCR,NO_DATA,0,HTTP_404_PERMANENT
EVRG,OK,842,
EXEL,OK,842,
EXTR,OK,842,
FAST,OK,842,
FBP,OK,842,
FCEL,OK,842,
FCUV,OK,842,
FDUSZ,NO_DATA,0,HTTP_404_PERMANENT
FERG,OK,842,
FFWM,NO_DATA,0,HTTP_404_PERMANENT
FHN-P-A,NO_DATA,0,HTTP_404_PERMANENT
FICO,OK,842,
FITB-P-I,NO_DATA,0,HTTP_404_PERMANENT
FLEX,OK,842,
FLO,OK,842,
FMC,OK,842,
FNJN,NO_DATA,0,HTTP_404_PERMANENT
FORA,NO_DATA,0,HTTP_404_PERMANENT
FPRX,NO_DATA,0,HTTP_404_PERMANENT
FRMEP,OK,600,
FSB,NO_DATA,0,HTTP_404_PERMANENT
FSTX,NO_DATA,0,HTTP_404_PERMANENT
FTFT,OK,842,
FTSV,NO_DATA,0,HTTP_404_PERMANENT
FVCB,OK,842,
FXCOR,NO_DATA,0,HTTP_404_PERMANENT
GALT,OK,842,
GBDC,OK,842,
GCP,NO_DATA,0,HTTP_404_PERMANENT
GEG,OK,842,
GFED,NO_DATA,0,HTTP_404_PERMANENT
GGGVR,NO_DATA,0,HTTP_404_PERMANENT
GILD,OK,842,
GLAQ,NO_DATA,0,HTTP_404_PERMANENT
GLUU,NO_DATA,0,HTTP_404_PERMANENT
GNL-P-A,NO_DATA,0,HTTP_404_PERMANENT
GO,OK,842,
GOSS,OK,842,
GPK,OK,842,
GRA,NO_DATA,0,HTTP_404_PERMANENT
GRNQ,OK,842,
GS-P-C,NO_DATA,0,HTTP_404_PERMANENT
GSBD,OK,842,
GTLS,NO_DATA,0,HTTP_404_PERMANENT
GV,NO_DATA,0,"Data doesn't exist for startDate = 1567296000, endDate = 1672876800"
GWPH,NO_DATA,0,HTTP_404_PERMANENT
HAE,OK,842,
HAYN,NO_DATA,0,HTTP_404_PERMANENT
HBT,OK,814,
HCI,OK,842,
HDS,NO_DATA,0,HTTP_404_PERMANENT
HGH,NO_DATA,0,HTTP_404_PERMANENT
HIG,OK,842,
HLIT,OK,842,
HMHC,NO_DATA,0,HTTP_404_PERMANENT
HNRG,OK,842,
HON,OK,842,
HPK,OK,842,
HRC,NO_DATA,0,HTTP_404_PERMANENT
HSII,NO_DATA,0,HTTP_404_PERMANENT
HTBK,NO_DATA,0,HTTP_404_PERMANENT
HTLFP,NO_DATA,0,HTTP_404_PERMANENT
HURC,OK,842,
HWKN,OK,842,
IART,OK,842,
IBP,OK,842,
ICON,NO_DATA,0,"Data doesn't exist for startDate = 1567296000, endDate = 1672876800"
IDYA,OK,842,
IIIN,OK,842,
IMAX,OK,842,
IMMX,OK,264,
INBK,OK,842,
INFA,NO_DATA,0,HTTP_404_PERMANENT
INN-P-D,NO_DATA,0,HTTP_404_PERMANENT
INSM,OK,842,
INVA,OK,842,
IOTS,NO_DATA,0,HTTP_404_PERMANENT
IPSC,OK,390,
IRMD,OK,842,
ISNS,NO_DATA,0,HTTP_404_PERMANENT
ITGR,OK,842,
IVDA,OK,842,
IZEA,OK,842,
JAZZ,OK,842,
JCTC,OK,842,
JMP,NO_DATA,0,HTTP_404_PERMANENT
JOE,OK,842,
JRSH,OK,842,
KACL,NO_DATA,0,HTTP_404_PERMANENT
KBR,OK,842,
KEX,OK,842,
KIM-P-L,NO_DATA,0,HTTP_404_PERMANENT
KLAC,OK,842,
KMPR,OK,842,
KO,OK,842,
KOSS,OK,842,
KRG,OK,842,
KRTX,NO_DATA,0,HTTP_404_PERMANENT
KURA,OK,842,
LAKE,OK,842,
LATN,NO_DATA,0,HTTP_404_PERMANENT
LBCC,NO_DATA,0,HTTP_404_PERMANENT
LDOS,OK,842,
LEGH,OK,842,
LFT,OK,842,
LILAV,NO_DATA,0,HTTP_404_PERMANENT
LIVE,OK,842,
LMAT,OK,842,
LMRK,NO_DATA,0,HTTP_404_PERMANENT
LNKB,NO_DATA,0,HTTP_404_PERMANENT
LOB,OK,842,
LORL,NO_DATA,0,HTTP_404_PERMANENT
LQDA,OK,842,
LSI,NO_DATA,0,HTTP_404_PERMANENT
LTRX,OK,842,
LVGO,NO_DATA,0,HTTP_404_PERMANENT
LXP,OK,842,
LZB,OK,842,
MAIN,OK,842,
MBCN,NO_DATA,0,HTTP_404_PERMANENT
MBRX,OK,842,
MCAGR,NO_DATA,0,
MCK,OK,842,
MDC,NO_DATA,0,HTTP_404_PERMANENT
MDWT,NO_DATA,0,HTTP_404_PERMANENT
MEME,NO_DATA,0,"Data doesn't exist for startDate = 1567296000, endDate = 1672876800"
MFA-P-C,NO_DATA,0,HTTP_404_PERMANENT
MGI,NO_DATA,0,HTTP_404_PERMANENT
MGRC,OK,842,
MHK,OK,842,
MIND,OK,842,
MITT-P-A,NO_DATA,0,HTTP_404_PERMANENT
MKSI,OK,842,
MLP,OK,842,
MMP,NO_DATA,0,HTTP_404_PERMANENT
MNSB,OK,842,
MOD,OK,842,
MOS,OK,842,
MPU,OK,842,
MRCY,OK,842,
MRSN,NO_DATA,0,HTTP_404_PERMANENT
MS-P-I,NO_DATA,0,HTTP_404_PERMANENT
MSBIP,OK,89,
MTB-P-H,NO_DATA,0,HTTP_404_PERMANENT
MTOR,NO_DATA,0,HTTP_404_PERMANENT
MTZ,OK,842,
MX,OK,842,
MYOK,NO_DATA,0,HTTP_404_PERMANENT
NATI,NO_DATA,0,HTTP_404_PERMANENT
NBL,NO_DATA,0,HTTP_404_PERMANENT
NCRA,OK,501,
NEOG,OK,842,
NEU,OK,842,
NGC,NO_DATA,0,HTTP_404_PERMANENT
NGM,NO_DATA,0,HTTP_404_PERMANENT
NI-P-B,NO_DATA,0,HTTP_404_PERMANENT
NKTX,OK,627,
NMFC,OK,842,
NOVA,NO_DATA,0,HTTP_404_PERMANENT
NPKI,OK,842,
NRIX,OK,617,
NSA-P-A,NO_DATA,0,HTTP_404_PERMANENT
NSTS,OK,242,
NTRA,OK,842,
NTWK,OK,842,
NVCR,OK,842,
NVTS,OK,304,
NXDT,OK,842,
NXST,OK,842,
OAK-P-B,NO_DATA,0,HTTP_404_PERMANENT
OCFC,OK,842,
OFG,OK,842,
OFSSH,OK,298,
OII,OK,842,
OMC,OK,842,
OMP,NO_DATA,0,HTTP_404_PERMANENT
ONFO,OK,90,
OPEN,OK,642,
ORBC,NO_DATA,0,HTTP_404_PERMANENT
ORMP,OK,842,
OSIS,OK,842,
OTIV,NO_DATA,0,HTTP_404_PERMANENT
OVV,OK,842,
OYST,NO_DATA,0,HTTP_404_PERMANENT
PALI,OK,842,
PAVM,OK,842,
PBC,NO_DATA,0,HTTP_404_PERMANENT
PBYI,OK,842,
PCSA,OK,842,
PDCO,NO_DATA,0,HTTP_404_PERMANENT
PEB-P-D,NO_DATA,0,HTTP_404_PERMANENT
PEN,OK,842,
PFC,NO_DATA,0,HTTP_404_PERMANENT
PFNX,NO_DATA,0,HTTP_404_PERMANENT
PGNY,OK,804,
PI,OK,842,
PK,OK,842,
PLAY,OK,842,
PLPC,OK,842,
PLYA,NO_DATA,0,HTTP_404_PERMANENT
PMT,OK,842,
PNC-P-P,NO_DATA,0,HTTP_404_PERMANENT
PNT,NO_DATA,0,HTTP_404_PERMANENT
POWI,OK,842,
PPHPR,NO_DATA,0,HTTP_404_PERMANENT
PRAX,OK,558,
PRH,OK,94,
PRO,NO_DATA,0,HTTP_404_PERMANENT
PRTK,NO_DATA,0,HTTP_404_PERMANENT
PSA-P-G,NO_DATA,0,HTTP_404_PERMANENT
PSA-P-O,NO_DATA,0,HTTP_404_PERMANENT
PSMT,OK,842,
PTEN,OK,842,
PVBC,NO_DATA,0,HTTP_404_PERMANENT
PYX,NO_DATA,0,HTTP_404_PERMANENT
QLYS,OK,842,
QTNT,NO_DATA,0,HTTP_404_PERMANENT
QUOT,NO_DATA,0,HTTP_404_PERMANENT
RARX,NO_DATA,0,HTTP_404_PERMANENT
RC,OK,842,
RCEL,OK,842,
RDFN,NO_DATA,0,HTTP_404_PERMANENT
REFI,OK,270,
RELY,OK,323,
REX,OK,842,
RF-P-A,NO_DATA,0,HTTP_404_PERMANENT
RGEN,OK,842,
RHP,OK,842,
RILYK,NO_DATA,0,HTTP_404_PERMANENT
RITM,OK,842,
RJF-P-A,NO_DATA,0,HTTP_404_PERMANENT
RLJ,OK,842,
RMD,OK,842,
RNR,OK,842,
ROCL,NO_DATA,0,HTTP_404_PERMANENT
ROST,OK,842,
RRC,OK,842,
RTIX,NO_DATA,0,HTTP_404_PERMANENT
RUTH,NO_DATA,0,HTTP_404_PERMANENT
RWAYZ,NO_DATA,0,HTTP_404_PERMANENT
RYM,OK,488,
SABR,OK,842,
SAGE,NO_DATA,0,HTTP_404_PERMANENT
SANA,OK,483,
SBBX,NO_DATA,0,HTTP_404_PERMANENT
SC,NO_DATA,0,HTTP_404_PERMANENT
SCKT,OK,842,
SCYX,OK,842,
SENS,OK,842,
SF-P-D,NO_DATA,0,HTTP_404_PERMANENT
SGC,OK,842,
SGU,OK,842,
SHO-P-H,NO_DATA,0,HTTP_404_PERMANENT
SIBN,OK,842,
SINT,OK,842,
SIX,NO_DATA,0,HTTP_404_PERMANENT
SKYT,NO_DATA,0,"Data doesn't exist for startDate = 1567296000, endDate = 1672876800"
SLG-P-I,NO_DATA,0,HTTP_404_PERMANENT
SLP,OK,842,
SMBK,OK,842,
SMMT,OK,842,
SMTX,NO_DATA,0,HTTP_404_PERMANENT
SNDA,OK,842,
SNPO,NO_DATA,0,HTTP_404_PERMANENT
SNX,OK,842,
SOJC,OK,842,
SORL,NO_DATA,0,HTTP_404_PERMANENT
SPH,OK,842,
SPPI,NO_DATA,0,HTTP_404_PERMANENT
SQFTP,OK,397,
SREV,NO_DATA,0,HTTP_404_PERMANENT
SRTS,OK,842,
SSY,NO_DATA,0,HTTP_404_PERMANENT
STBA,OK,842,
STLD,OK,842,
STRM,NO_DATA,0,HTTP_404_PERMANENT
STT-P-D,NO_DATA,0,HTTP_404_PERMANENT
SUMR,NO_DATA,0,HTTP_404_PERMANENT
SWAG,OK,290,
SWN,NO_DATA,0,HTTP_404_PERMANENT
SYK,OK,842,
T-P-A,NO_DATA,0,HTTP_404_PERMANENT
TAST,NO_DATA,0,HTTP_404_PERMANENT
TBIO,OK,390,
TCO,NO_DATA,0,HTTP_404_PERMANENT
TDG,OK,842,
TEL,OK,842,
TEVA,OK,842,
TFC-P-R,NO_DATA,0,HTTP_404_PERMANENT
TGL,OK,101,
THO,OK,842,
TIF,NO_DATA,0,HTTP_404_PERMANENT
TKNO,OK,385,
TMCI,OK,429,
TNDM,OK,842,
TOMZ,OK,842,
TPH,NO_DATA,0,HTTP_404_PERMANENT
TR,OK,842,
TRIL,NO_DATA,0,HTTP_404_PERMANENT
TRS,OK,842,
TRU,OK,842,
TSG,NO_DATA,0,HTTP_404_PERMANENT
TTEC,OK,842,
TVC,OK,842,
TWKS,NO_DATA,0,HTTP_404_PERMANENT
TWTR,NO_DATA,0,HTTP_404_PERMANENT
TYRA,OK,329,
UBP-P-H,NO_DATA,0,HTTP_404_PERMANENT
UFCS,OK,842,
UI,OK,842,
UMH-P-B,NO_DATA,0,HTTP_404_PERMANENT
UNH,OK,842,
UPWK,OK,842,
USAP,NO_DATA,0,HTTP_404_PERMANENT
USNA,OK,842,
UZA,NO_DATA,0,HTTP_404_PERMANENT
VAL,OK,423,
VC,OK,842,
VERB,NO_DATA,0,HTTP_404_PERMANENT
VHC,OK,842,
VIR,OK,814,
VMD,OK,842,
VNO-P-L,NO_DATA,0,HTTP_404_PERMANENT
VRA,OK,842,
VRNT,NO_DATA,0,"Data doesn't exist for startDate = 1567296000, endDate = 1672876800"
VSLR,NO_DATA,0,HTTP_404_PERMANENT
VTRS,OK,842,
VYGR,OK,842,
WBS,NO_DATA,0,"Data doesn't exist for startDate = 1567296000, endDate = 1672876800"
WDC,OK,842,
WEST,OK,304,
WHFBZ,NO_DATA,0,HTTP_404_PERMANENT
WING,OK,842,
WLL,NO_DATA,0,HTTP_404_PERMANENT
WNC,OK,842,
WRLD,OK,842,
WST,OK,842,
WTRG,OK,842,
WY,OK,842,
XEL,OK,842,
XIFR,OK,842,
XPON,OK,191,
YCBD-P-A,NO_DATA,0,HTTP_404_PERMANENT
YUMC,OK,842,
ZGYHR,NO_DATA,0,HTTP_404_PERMANENT
ZY,NO_DATA,0,HTTP_404_PERMANENT
AA,OK,842,
AAM-P-B,NO_DATA,0,HTTP_404_PERMANENT
ABBV,OK,842,
ABR-P-A,NO_DATA,0,HTTP_404_PERMANENT
ABTX,NO_DATA,0,HTTP_404_PERMANENT
ACC,NO_DATA,0,HTTP_404_PERMANENT
ACGLP,NO_DATA,0,HTTP_404_PERMANENT
ACM,OK,842,
ACRS,OK,842,
ADC-P-A,NO_DATA,0,HTTP_404_PERMANENT
ADP,OK,842,
ADUS,OK,842,
AEL,NO_DATA,0,HTTP_404_PERMANENT
AESC,NO_DATA,0,HTTP_404_PERMANENT
AFGD,OK,652,
AGL,OK,435,
AGNC,OK,842,
AGR,NO_DATA,0,HTTP_404_PERMANENT
AHRT-P-A,NO_DATA,0,HTTP_404_PERMANENT
AIC,NO_DATA,0,HTTP_404_PERMANENT
AIR,OK,842,
AIZN,OK,530,
AKCA,NO_DATA,0,HTTP_404_PERMANENT
ALACR,NO_DATA,0,HTTP_404_PERMANENT
ALG,OK,842,
ALK,OK,842,
ALLE,OK,842,
ALPN,NO_DATA,0,HTTP_404_PERMANENT
ALTO,OK,842,
AMBA,OK,842,
AMH-P-E,NO_DATA,0,HTTP_404_PERMANENT
AMN,OK,842,
AMTD,OK,842,
ANDAR,NO_DATA,0,HTTP_404_PERMANENT
ANIK,OK,842,
AOSL,OK,842,
API,OK,636,
APTV,OK,842,
AR,OK,842,
AREB,OK,229,
ARL,OK,842,
ARR,OK,842,
ASB-P-D,NO_DATA,0,HTTP_404_PERMANENT
ASMB,OK,842,
ASTH,OK,842,
ATCO-P-D,NO_DATA,0,HTTP_404_PERMANENT
ATEN,OK,842,
ATKR,OK,842,
ATOM,OK,842,
ATRS,NO_DATA,0,HTTP_404_PERMANENT
AUC,OK,842,
AVAH,OK,426,
AVGR,NO_DATA,0,HTTP_404_PERMANENT
AVO,OK,568,
AWK,OK,842,
AXON,OK,842,
AYI,OK,842,
BA,OK,842,
BB,OK,842,
BBWI,OK,842,
BCIC,OK,842,
BDC,OK,842,
BEAT,AMBIGUOUS_TICKER_REUSE,0,
BFIN,NO_DATA,0,"Data doesn't exist for startDate = 1567296000, endDate = 1672876800"
BGLC,OK,501,
BHFAN,OK,540,
BIIB,OK,842,
BKDT,NO_DATA,0,HTTP_404_PERMANENT
BLDR,OK,842,
BLNK,OK,842,
BMRC,OK,842,
BNGO,OK,842,
BOH-P-A,NO_DATA,0,HTTP_404_PERMANENT
BPFH,NO_DATA,0,HTTP_404_PERMANENT
BRBR,OK,809,
BRLIR,NO_DATA,0,HTTP_404_PERMANENT
BSET,OK,842,
BURL,OK,842,
BWB,OK,842,
BX,OK,842,
BZH,OK,842,
CAC,OK,842,
CAKE,OK,842,
CAPR,OK,842,
CASI,NO_DATA,0,HTTP_404_PERMANENT
CBAY,NO_DATA,0,HTTP_404_PERMANENT
CBT,OK,842,
CCCC,OK,568,
CCMP,NO_DATA,0,HTTP_404_PERMANENT
CCSIV,NO_DATA,0,HTTP_404_PERMANENT
CDMOP,NO_DATA,0,HTTP_404_PERMANENT
CDTX,NO_DATA,0,HTTP_404_PERMANENT
CELH,OK,842,
CERS,OK,842,
CFBK,OK,842,
CGC,OK,842,
CHEF,OK,842,
CHMI-P-A,NO_DATA,0,HTTP_404_PERMANENT
CHSCM,OK,842,
CIFR,OK,556,
CINF,OK,842,
CL,OK,842,
CLDT-P-A,NO_DATA,0,HTTP_404_PERMANENT
CLMB,OK,842,
CLRO,OK,842,
CMC,OK,842,
CMO,NO_DATA,0,HTTP_404_PERMANENT
CMS,OK,842,
CNCE,NO_DATA,0,HTTP_404_PERMANENT
CNO-P-A,NO_DATA,0,HTTP_404_PERMANENT
CNSP,OK,794,
CNXM,NO_DATA,0,HTTP_404_PERMANENT
COF,OK,842,
COHU,OK,842,
COOK,OK,362,
COWNZ,NO_DATA,0,HTTP_404_PERMANENT
CPK,OK,842,
CPTN,NO_DATA,0,HTTP_404_PERMANENT
CREX,OK,842,
CRMD,OK,842,
CRTO,OK,842,
CSGS,NO_DATA,0,HTTP_404_PERMANENT
CSTR,NO_DATA,0,HTTP_404_PERMANENT
CTEK,NO_DATA,0,HTTP_404_PERMANENT
CTRA,NO_DATA,0,HTTP_404_PERMANENT
CTXS,NO_DATA,0,HTTP_404_PERMANENT
CUBI-P-E,NO_DATA,0,HTTP_404_PERMANENT
CVA,NO_DATA,0,HTTP_404_PERMANENT
CVIA,NO_DATA,0,HTTP_404_PERMANENT
CVX,OK,842,
CXP,NO_DATA,0,HTTP_404_PERMANENT
CZFS,OK,842,
DBA,OK,842,
DBRG-P-H,NO_DATA,0,HTTP_404_PERMANENT
DCI,OK,842,
DCTH,OK,842,
DERM,OK,287,
DGX,OK,842,
DINO,OK,842,
DLPN,OK,842,
DLTR,OK,842,
DNR,NO_DATA,0,HTTP_404_PERMANENT
DORM,OK,842,
DRH,OK,842,
DRUA,NO_DATA,0,HTTP_404_PERMANENT
DTB,OK,565,
DTSS,OK,842,
DUOT,OK,842,
DX,OK,842,
DYN,OK,579,
EBC,OK,559,
ECOR,OK,842,
EDUC,OK,842,
EFSCP,OK,288,
EHC,OK,842,
ELEV,NO_DATA,0,HTTP_404_PERMANENT
EMBC,OK,199,
ENB,OK,842,
ENR,OK,842,
ENVA,OK,842,
EPIX,NO_DATA,0,HTTP_404_PERMANENT
EQ,OK,842,
EQRX,NO_DATA,0,HTTP_404_PERMANENT
ESGR,NO_DATA,0,HTTP_404_PERMANENT
ESSA,NO_DATA,0,HTTP_404_PERMANENT
ET-P-E,NO_DATA,0,HTTP_404_PERMANENT
ETSY,OK,842,
EVEX,OK,165,
EXAS,NO_DATA,0,HTTP_404_PERMANENT
EXR,OK,842,
FANG,OK,842,
FBK,OK,842,
FCBP,NO_DATA,0,HTTP_404_PERMANENT
FCRX,NO_DATA,0,HTTP_404_PERMANENT
FDUSG,NO_DATA,0,HTTP_404_PERMANENT
FEMY,OK,390,
FFIV,OK,842,
FHLT,NO_DATA,0,HTTP_404_PERMANENT
FHTX,OK,553,
FITB,OK,842,
FKWL,OK,842,
FLL,OK,842,
FMBH,OK,842,
FNF,OK,842,
FOLD,NO_DATA,0,HTTP_404_PERMANENT
FPI,OK,842,
FRGI,NO_DATA,0,HTTP_404_PERMANENT
FRT-P-C,NO_DATA,0,HTTP_404_PERMANENT
FSK,OK,842,
FTDR,OK,842,
FTPA,NO_DATA,0,"Data doesn't exist for startDate = 1567296000, endDate = 1672876800"
FUSB,OK,842,
FXB,OK,842,
GABC,OK,842,
GBBKR,NO_DATA,0,HTTP_404_PERMANENT
GCBC,OK,842,
GE,OK,842,
GES,NO_DATA,0,HTTP_404_PERMANENT
GFNSZ,NO_DATA,0,HTTP_404_PERMANENT
GIFT,OK,501,
GL,OK,842,
GLSI,OK,573,
GNK,OK,842,
GNTX,OK,842,
GOODO,OK,388,
GPCOR,NO_DATA,0,HTTP_404_PERMANENT
GPRE,OK,842,
GRMN,OK,842,
GS,OK,842,
GSB,NO_DATA,0,HTTP_404_PERMANENT
GTHX,NO_DATA,0,HTTP_404_PERMANENT
GTYH,NO_DATA,0,HTTP_404_PERMANENT
GWH,OK,505,
HA,NO_DATA,0,HTTP_404_PERMANENT
HAS,OK,842,
HBNC,OK,842,
HCCHR,NO_DATA,0,HTTP_404_PERMANENT
HCXZ,NO_DATA,0,HTTP_404_PERMANENT
HFFG,OK,842,
HI,NO_DATA,0,HTTP_404_PERMANENT
HLF,OK,842,
HMACR,NO_DATA,0,HTTP_404_PERMANENT
HNNA,OK,842,
HOMB,OK,842,
HP,OK,842,
HQY,OK,842,
HSCS,OK,139,
HT-P-E,NO_DATA,0,HTTP_404_PERMANENT
HTLD,OK,842,
HUMA,OK,527,
HWCPL,NO_DATA,0,HTTP_404_PERMANENT
I,NO_DATA,0,HTTP_404_PERMANENT
IBM,OK,842,
ICFI,OK,842,
IDCC,OK,842,
IGMS,NO_DATA,0,HTTP_404_PERMANENT
ILPT,OK,842,
IMMR,OK,842,
INAB,OK,361,
INDP,OK,842,
INMB,OK,842,
INSE,OK,842,
INTU,OK,842,
IONS,OK,842,
IPI,OK,842,
IRIX,OK,842,
ISEE,NO_DATA,0,HTTP_404_PERMANENT
ITCI,NO_DATA,0,HTTP_404_PERMANENT
ITW,OK,842,
IVVD,OK,356,
JANX,OK,395,
JCAP-P-B,NO_DATA,0,HTTP_404_PERMANENT
JJSF,OK,842,
JOANQ,NO_DATA,0,HTTP_404_PERMANENT
JPM-P-K,NO_DATA,0,HTTP_404_PERMANENT
JWN,NO_DATA,0,HTTP_404_PERMANENT
KBH,OK,842,
KE,OK,842,
KIDS,OK,842,
KKR-P-B,NO_DATA,0,HTTP_404_PERMANENT
KMPB,OK,203,
KNSL,OK,842,
KORE,NO_DATA,0,HTTP_404_PERMANENT
KRC,OK,842,
KRP,OK,842,
KTOS,OK,842,
LAB,OK,842,
LASE,OK,66,
LBBBR,NO_DATA,0,
LCNB,OK,842,
LEE,OK,842,
LFMDP,OK,315,
LII,OK,842,
LIQT,OK,842,
LLY,OK,842,
LMNR,OK,842,
LNC-P-D,NO_DATA,0,HTTP_404_PERMANENT
LOACR,NO_DATA,0,HTTP_404_PERMANENT
LOOP,OK,842,
LPSN,OK,842,
LSBK,OK,842,
LTHM,NO_DATA,0,HTTP_404_PERMANENT
LUNG,OK,569,
LWLG,OK,842,
LYV,OK,842,
MACK,NO_DATA,0,HTTP_404_PERMANENT
MATX,OK,842,
MBIO,OK,842,
MCAF,NO_DATA,0,HTTP_404_PERMANENT
MCFT,OK,842,
MCY,OK,842,
MDU,OK,842,
MEI,OK,842,
MFA,OK,842,
MG,OK,842,
MGR,OK,842,
MH-P-C,NO_DATA,0,HTTP_404_PERMANENT
MILE,NO_DATA,0,HTTP_404_PERMANENT
MITK,OK,842,
MKFG,NO_DATA,0,HTTP_404_PERMANENT
MLNK,NO_DATA,0,HTTP_404_PERMANENT
MMLP,OK,842,
MNPR,OK,766,
MNTX,NO_DATA,0,HTTP_404_PERMANENT
MORF,NO_DATA,0,HTTP_404_PERMANENT
MPLX,OK,842,
MRCC,NO_DATA,0,HTTP_404_PERMANENT
MRNS,NO_DATA,0,HTTP_404_PERMANENT
MS-P-E,NO_DATA,0,HTTP_404_PERMANENT
MSBF,NO_DATA,0,HTTP_404_PERMANENT
MSP,NO_DATA,0,HTTP_404_PERMANENT
MTH,OK,842,
MTW,OK,842,
MVIS,OK,842,
MYGN,OK,842,
NAPA,NO_DATA,0,HTTP_404_PERMANENT
NBACR,NO_DATA,0,HTTP_404_PERMANENT
NCMI,OK,842,
NEEPR,NO_DATA,0,HTTP_404_PERMANENT
NES,NO_DATA,0,HTTP_404_PERMANENT
NFLX,OK,842,
NGL-P-B,NO_DATA,0,HTTP_404_PERMANENT
NHTC,OK,842,
NKSH,OK,842,
NLY-P-G,NO_DATA,0,HTTP_404_PERMANENT
NODK,OK,842,
NPCE,OK,430,
NRGV,OK,447,
NS-P-C,NO_DATA,0,HTTP_404_PERMANENT
NSPR,OK,842,
NTIC,OK,842,
NTTNP,NO_DATA,0,HTTP_404_PERMANENT
NUWE,OK,842,
NVRO,NO_DATA,0,HTTP_404_PERMANENT
NWPX,OK,842,
NXPL,OK,842,
OABI,OK,318,
OCC,OK,842,
ODP,NO_DATA,0,HTTP_404_PERMANENT
OFS,OK,842,
OGS,OK,842,
OLPX,NO_DATA,0,"Data doesn't exist for startDate = 1567296000, endDate = 1672876800"
OMIC,NO_DATA,0,HTTP_404_PERMANENT
ONDS,OK,524,
OPBK,OK,842,
OPXS,OK,842,
ORKA,OK,842,
OSG,OK,842,
OTEX,OK,842,
OVID,OK,842,
OXSQL,NO_DATA,0,HTTP_404_PERMANENT
PAFOR,NO_DATA,0,HTTP_404_PERMANENT
PATI,NO_DATA,0,HTTP_404_PERMANENT
PBB,NO_DATA,0,HTTP_404_PERMANENT
PBPB,NO_DATA,0,HTTP_404_PERMANENT
PCOR,OK,410,
PD,OK,842,
PEB,OK,842,
PEG,OK,842,
PETS,OK,842,
PFIS,OK,842,
PGEN,OK,842,
PHR,OK,842,
PIXY,NO_DATA,0,HTTP_404_PERMANENT
PLAG,OK,842,
PLMR,OK,842,
PLUS,OK,842,
PME,NO_DATA,0,HTTP_404_PERMANENT
PNBK,OK,842,
PNR,OK,842,
POOL,OK,842,
PPD,NO_DATA,0,HTTP_404_PERMANENT
PRAA,OK,842,
PRGO,OK,842,
PRME,OK,52,
PRTA,OK,842,
PSA,OK,842,
PSA-P-M,NO_DATA,0,HTTP_404_PERMANENT
PSEC-P-A,NO_DATA,0,HTTP_404_PERMANENT
PTC,OK,842,
PULM,OK,842,
PYCR,NO_DATA,0,HTTP_404_PERMANENT
QES,NO_DATA,0,HTTP_404_PERMANENT
QRVO,OK,842,
QUIK,OK,842,
RAPT,NO_DATA,0,HTTP_404_PERMANENT
RBKB,OK,842,
RCAT,OK,842,
RCP,NO_DATA,0,HTTP_404_PERMANENT
REAL,OK,842,
RELI,NO_DATA,0,HTTP_404_PERMANENT
REVE,NO_DATA,0,HTTP_404_PERMANENT
REZI,OK,842,
RGA,OK,842,
RGS,OK,842,
RILYH,NO_DATA,0,HTTP_404_PERMANENT
RILYT,OK,490,
RJET,OK,842,
RLH,NO_DATA,0,HTTP_404_PERMANENT
RMBS,OK,842,
RNDB,NO_DATA,0,HTTP_404_PERMANENT
ROC,NO_DATA,0,"Data doesn't exist for startDate = 1567296000, endDate = 1672876800"
ROL,OK,842,
RPTX,NO_DATA,0,HTTP_404_PERMANENT
RST,NO_DATA,0,HTTP_404_PERMANENT
RUBI,NO_DATA,0,"Data doesn't exist for startDate = 1567296000, endDate = 1672876800"
RWAY,OK,303,
RYAM,OK,842,
RZLT,OK,842,
SAFT,OK,842,
SAL,NO_DATA,0,HTTP_404_PERMANENT
SAY,OK,12,
SBSI,OK,842,
SCHL,OK,842,
SCTL,NO_DATA,0,HTTP_404_PERMANENT
SELF,OK,842,
SF-P-B,NO_DATA,0,HTTP_404_PERMANENT
SG,OK,283,
SGRY,OK,842,
SHO-P-E,NO_DATA,0,HTTP_404_PERMANENT
SHW,OK,842,
SILK,NO_DATA,0,HTTP_404_PERMANENT
SITE,OK,842,
SKYA,OK,182,
SLDB,OK,842,
SLNHP,OK,346,
SM,OK,842,
SMLR,NO_DATA,0,HTTP_404_PERMANENT
SMTI,OK,842,
SNCY,NO_DATA,0,HTTP_404_PERMANENT
SNMP,NO_DATA,0,HTTP_404_PERMANENT
SNV-P-E,NO_DATA,0,HTTP_404_PERMANENT
SOJA,NO_DATA,0,HTTP_404_PERMANENT
SONN,NO_DATA,0,HTTP_404_PERMANENT
SPFI,OK,842,
SPNT-P-B,NO_DATA,0,HTTP_404_PERMANENT
SPWH,OK,842,
SRCL,NO_DATA,0,HTTP_404_PERMANENT
SRRK,OK,842,
SSRM,OK,842,
STAR-P-G,NO_DATA,0,HTTP_404_PERMANENT
STKL,NO_DATA,0,HTTP_404_PERMANENT
STRA,OK,842,
STSA,NO_DATA,0,HTTP_404_PERMANENT
SUI,OK,842,
SVC,OK,842,
SWKH,NO_DATA,0,HTTP_404_PERMANENT
SYF,OK,842,
SZZL,NO_DATA,0,"Data doesn't exist for startDate = 1567296000, endDate = 1672876800"
TARA,OK,842,
TBCH,OK,842,
TCI,OK,842,
TCRT,OK,842,
TECTP,NO_DATA,0,"Data doesn't exist for startDate = 1567296000, endDate = 1672876800"
TESS,NO_DATA,0,HTTP_404_PERMANENT
TFC-P-I,NO_DATA,0,HTTP_404_PERMANENT
TGE,NO_DATA,0,"Data doesn't exist for startDate = 1567296000, endDate = 1672876800"
THG,OK,842,
THS,NO_DATA,0,HTTP_404_PERMANENT
TITN,OK,842,
TLS,OK,534,
TNAV,NO_DATA,0,HTTP_404_PERMANENT
TNYA,OK,361,
TPCO,NO_DATA,0,HTTP_404_PERMANENT
TPVG,OK,842,
TRGP,OK,842,
TRNO,OK,842,
TRTX,OK,842,
TSC,NO_DATA,0,HTTP_404_PERMANENT
TSVT,NO_DATA,0,HTTP_404_PERMANENT
TTWO,OK,842,
TWI,OK,842,
TWO-P-E,NO_DATA,0,HTTP_404_PERMANENT
TYL,OK,842,
UBER,OK,842,
UE,OK,842,
UGA,OK,842,
UMBF,OK,842,
UNF,OK,842,
UPLD,OK,842,
USAC,OK,842,
USL,OK,842,
UVE,OK,842,
VABK,OK,842,
VBOC,NO_DATA,0,HTTP_404_PERMANENT
VER,NO_DATA,0,HTTP_404_PERMANENT
VG,NO_DATA,0,"Data doesn't exist for startDate = 1567296000, endDate = 1672876800"
VIE,NO_DATA,0,HTTP_404_PERMANENT
VLYPO,OK,842,
VNO,OK,842,
VOYA-P-B,NO_DATA,0,HTTP_404_PERMANENT
VRNA,NO_DATA,0,HTTP_404_PERMANENT
VSEC,OK,842,
VTGN,OK,842,
VVX,OK,842,
WBA,NO_DATA,0,HTTP_404_PERMANENT
WCN,OK,842,
WERN,OK,842,
WH,OK,842,
WIFI,NO_DATA,0,HTTP_404_PERMANENT
WLK,OK,842,
WMS,OK,842,
WRAC,NO_DATA,0,HTTP_404_PERMANENT
WSM,OK,842,
WTM,OK,842,
WW,NO_DATA,0,"Data doesn't exist for startDate = 1567296000, endDate = 1672876800"
XCUR,OK,842,
XGN,OK,830,
XONE,OK,76,
XXII,OK,842,
YUM,OK,842,
ZFOX,NO_DATA,0,HTTP_404_PERMANENT
ZUMZ,OK,842,
AAIC-P-C,NO_DATA,0,HTTP_404_PERMANENT
AAP,OK,842,
ABG,OK,842,
ABR-P-E,NO_DATA,0,HTTP_404_PERMANENT
ACAD,OK,842,
ACET,OK,842,
ACIA,NO_DATA,0,HTTP_404_PERMANENT
ACR,OK,842,
ACXP,OK,385,
ADM,OK,842,
ADSW,NO_DATA,0,HTTP_404_PERMANENT
AEGN,NO_DATA,0,HTTP_404_PERMANENT
AEPPL,NO_DATA,0,HTTP_404_PERMANENT
AFCG,OK,453,
AGBAR,NO_DATA,0,HTTP_404_PERMANENT
AGM-P-E,NO_DATA,0,HTTP_404_PERMANENT
AGNCO,OK,824,
AGYS,OK,842,
AHT-P-G,NO_DATA,0,HTTP_404_PERMANENT
AIMT,NO_DATA,0,HTTP_404_PERMANENT
AIRTP,OK,842,
AJXA,NO_DATA,0,HTTP_404_PERMANENT
AKUS,NO_DATA,0,HTTP_404_PERMANENT
ALDX,OK,842,
ALGS,OK,558,
ALL-P-B,NO_DATA,0,HTTP_404_PERMANENT
ALLY,OK,842,
ALSN,OK,842,
ALZN,OK,393,
AMED,NO_DATA,0,HTTP_404_PERMANENT
AMJ,NO_DATA,0,HTTP_404_PERMANENT
AMPH,OK,842,
AMZN,OK,842,
ANG-P-B,NO_DATA,0,HTTP_404_PERMANENT
ANSS,NO_DATA,0,HTTP_404_PERMANENT
APE,NO_DATA,0,HTTP_404_PERMANENT
APOG,OK,842,
AQB,OK,842,
ARC,NO_DATA,0,HTTP_404_PERMANENT
ARI,OK,842,
ARNA,NO_DATA,0,HTTP_404_PERMANENT
ARVN,OK,842,
ASFI,NO_DATA,0,HTTP_404_PERMANENT
ASPS,OK,842,
ASYS,OK,842,
ATCO-P-I,NO_DATA,0,HTTP_404_PERMANENT
ATH-P-C,NO_DATA,0,HTTP_404_PERMANENT
ATLO,OK,842,
ATRA,OK,842,
ATXS,NO_DATA,0,HTTP_404_PERMANENT
AURA,OK,297,
AVD,OK,842,
AVLR,NO_DATA,0,HTTP_404_PERMANENT
AVXL,OK,842,
AXGN,OK,842,
AXS-P-E,NO_DATA,0,HTTP_404_PERMANENT
AZPN,NO_DATA,0,HTTP_404_PERMANENT
BANC-P-E,NO_DATA,0,HTTP_404_PERMANENT
BBLG,OK,309,
BC/PB,NO_DATA,0,HTTP_404_PERMANENT
BCRX,OK,842,
BDTX,OK,738,
BERY,NO_DATA,0,HTTP_404_PERMANENT
BFS-P-E,NO_DATA,0,HTTP_404_PERMANENT
BHE,OK,842,
BHR-P-B,NO_DATA,0,HTTP_404_PERMANENT
BJDX,OK,289,
BL,OK,842,
BLIN,OK,842,
BMCH,NO_DATA,0,HTTP_404_PERMANENT
BMYRT,NO_DATA,0,HTTP_404_PERMANENT
BNTCW,NO_DATA,0,HTTP_404_PERMANENT
BOOM,OK,842,
BPYUP,NO_DATA,0,HTTP_404_PERMANENT
BRID,OK,842,
BRT,OK,842,
BSX,OK,842,
BW-P-A,NO_DATA,0,HTTP_404_PERMANENT
BWMN,OK,419,
BY,OK,842,
C-P-S,NO_DATA,0,HTTP_404_PERMANENT
CAH,OK,842,
CALX,OK,842,
CARR,OK,705,
CATY,OK,842,
CBL-P-E,NO_DATA,0,HTTP_404_PERMANENT
CCAP,OK,737,
CCLD,OK,842,
CCOI,OK,842,
CDIO,OK,244,
CDR,NO_DATA,0,HTTP_404_PERMANENT
CDZIP,OK,382,
CENX,OK,842,
CEVA,OK,842,
CFR,OK,842,
CHCO,OK,842,
CHKAQ,NO_DATA,0,HTTP_404_PERMANENT
CHRS,OK,842,
CHUY,NO_DATA,0,HTTP_404_PERMANENT
CIM-P-B,NO_DATA,0,HTTP_404_PERMANENT
CIR,NO_DATA,0,"Data doesn't exist for startDate = 1567296000, endDate = 1672876800"
CLCT,NO_DATA,0,HTTP_404_PERMANENT
CLGX,NO_DATA,0,HTTP_404_PERMANENT
CLOER,NO_DATA,0,HTTP_404_PERMANENT
CLVT-P-A,NO_DATA,0,HTTP_404_PERMANENT
CMD,NO_DATA,0,HTTP_404_PERMANENT
CMPR,OK,842,
CMSD,OK,842,
CNK,OK,842,
CNP-P-B,NO_DATA,0,HTTP_404_PERMANENT
CNTY,OK,842,
CODA,OK,842,
COF-P-L,NO_DATA,0,HTTP_404_PERMANENT
COLL,OK,842,
CORX,NO_DATA,0,HTTP_404_PERMANENT
CPE,NO_DATA,0,HTTP_404_PERMANENT
CPRT,OK,842,
CRBU,OK,366,
CRIS,OK,842,
CROX,OK,842,
CRWS,OK,842,
CSPR,NO_DATA,0,HTTP_404_PERMANENT
CSWCL,NO_DATA,0,HTTP_404_PERMANENT
CTLP,NO_DATA,0,HTTP_404_PERMANENT
CTSO,OK,842,
CUBE,OK,842,
CULP,OK,842,
CVET,NO_DATA,0,HTTP_404_PERMANENT
CVS,OK,842,
CWK,OK,842,
CYN,OK,304,
DAN,OK,842,
DBGI,OK,414,
DBTX,NO_DATA,0,HTTP_404_PERMANENT
DCP-P-B,NO_DATA,0,HTTP_404_PERMANENT
DEA,OK,842,
DFS,NO_DATA,0,HTTP_404_PERMANENT
DHX,OK,842,
DKL,OK,842,
DLR-P-I,NO_DATA,0,HTTP_404_PERMANENT
DNB,NO_DATA,0,HTTP_404_PERMANENT
DOCN,OK,450,
DPSI,NO_DATA,0,HTTP_404_PERMANENT
DRMA,OK,351,
DSGR,OK,842,
DTIL,OK,842,
DUK,OK,842,
DVCR,NO_DATA,0,HTTP_404_PERMANENT
DXCM,OK,842,
EARN,OK,842,
EBSB,NO_DATA,0,HTTP_404_PERMANENT
EDBL,OK,168,
EFC-P-A,NO_DATA,0,HTTP_404_PERMANENT
EGLE,NO_DATA,0,"Data doesn't exist for startDate = 1567296000, endDate = 1672876800"
EIGI,NO_DATA,0,HTTP_404_PERMANENT
ELSE,NO_DATA,0,"Data doesn't exist for startDate = 1567296000, endDate = 1672876800"
EMKR,NO_DATA,0,HTTP_404_PERMANENT
ENERR,NO_DATA,0,HTTP_404_PERMANENT
ENTA,OK,842,
EOLS,OK,842,
EPR-P-G,NO_DATA,0,HTTP_404_PERMANENT
EQH-P-A,NO_DATA,0,HTTP_404_PERMANENT
ES,OK,842,
ESOA,OK,842,
ESXB,NO_DATA,0,HTTP_404_PERMANENT
ETNB,NO_DATA,0,HTTP_404_PERMANENT
EVA,NO_DATA,0,HTTP_404_PERMANENT
EVTC,OK,842,
EXP,OK,842,
EYPT,OK,842,
FBC,NO_DATA,0,HTTP_404_PERMANENT
FBRT-P-E,NO_DATA,0,HTTP_404_PERMANENT
FCN,OK,842,
FDBC,OK,842,
FE,OK,842,
FEXDR,NO_DATA,0,HTTP_404_PERMANENT
FGBIP,OK,429,
FHN-P-C,NO_DATA,0,HTTP_404_PERMANENT
FIP,OK,117,
FIVE,OK,842,
FLG-P-A,NO_DATA,0,HTTP_404_PERMANENT
FLS,OK,842,
FMTX,NO_DATA,0,HTTP_404_PERMANENT
FNRN,OK,842,
FORR,OK,842,
FRANQ,NO_DATA,0,HTTP_404_PERMANENT
FRPH,OK,842,
FSBW,OK,842,
FTAIN,NO_DATA,0,HTTP_404_PERMANENT
FTI,OK,842,
FULC,OK,842,
FWDI,OK,842,
FXF,OK,842,
GANX,OK,453,
GBLIZ,NO_DATA,0,HTTP_404_PERMANENT
GD,OK,842,
GEN,OK,842,
GFGDR,NO_DATA,0,HTTP_404_PERMANENT
GHL,NO_DATA,0,HTTP_404_PERMANENT
GIS,OK,842,
GLIBP,NO_DATA,0,HTTP_404_PERMANENT
GMS,NO_DATA,0,HTTP_404_PERMANENT
GNMK,NO_DATA,0,HTTP_404_PERMANENT
GOLF,OK,842,
GOVX,OK,573,
GPMT-P-A,NO_DATA,0,HTTP_404_PERMANENT
GRBK,OK,842,
GRPN,OK,842,
GS-P-J,NO_DATA,0,HTTP_404_PERMANENT
GSIT,OK,842,
GTM,OK,652,
GVP,NO_DATA,0,HTTP_404_PERMANENT
GWRS,OK,842,
HAIN,OK,842,
HBCP,OK,842,
HCAPZ,NO_DATA,0,HTTP_404_PERMANENT
HCSG,OK,842,
HEES,NO_DATA,0,HTTP_404_PERMANENT
HHGC,NO_DATA,0,HTTP_404_PERMANENT
HII,OK,842,
HLT,OK,842,
HMPT,NO_DATA,0,HTTP_404_PERMANENT
HOFT,OK,842,
HOUR,OK,249,
HPP-P-C,NO_DATA,0,HTTP_404_PERMANENT
HRMY,OK,599,
HSTM,OK,842,
HTFA,NO_DATA,0,HTTP_404_PERMANENT
HUBS,OK,842,
HVBC,NO_DATA,0,HTTP_404_PERMANENT
HYFM,OK,520,
IAU,OK,842,
ICAD,NO_DATA,0,HTTP_404_PERMANENT
ICR-P-A,NO_DATA,0,HTTP_404_PERMANENT
IEP,OK,842,
IIPR,OK,842,
IMGN,NO_DATA,0,HTTP_404_PERMANENT
IMNN,OK,842,
INBKZ,OK,842,
INGN,OK,842,
INN-P-F,NO_DATA,0,HTTP_404_PERMANENT
INSW,OK,842,
INVH,OK,842,
IPAR,OK,842,
IPWR,OK,842,
IRT,OK,842,
ISPC,OK,391,
ITIC,OK,842,
IVR-P-A,NO_DATA,0,HTTP_404_PERMANENT
JACK,OK,842,
JBL,OK,842,
JELD,OK,842,
JMSB,OK,842,
JPM-P-C,NO_DATA,0,HTTP_404_PERMANENT
JSM,OK,842,
KAI,OK,842,
KD,OK,302,
KFFB,OK,842,
KIN,NO_DATA,0,HTTP_404_PERMANENT
KLR,NO_DATA,0,HTTP_404_PERMANENT
KMX,OK,842,
KODK,OK,842,
KPRX,OK,842,
KRNY,OK,842,
KSU,NO_DATA,0,HTTP_404_PERMANENT
KYCHR,NO_DATA,0,HTTP_404_PERMANENT
LANDM,NO_DATA,0,HTTP_404_PERMANENT
LAW,OK,368,
LBRDP,NO_DATA,0,"Data doesn't exist for startDate = 1567296000, endDate = 1672876800"
LEA,OK,842,
LEVLP,NO_DATA,0,HTTP_404_PERMANENT
LFVN,OK,842,
LIN,OK,842,
LJAQ,NO_DATA,0,HTTP_404_PERMANENT
LMIBL,NO_DATA,0,HTTP_404_PERMANENT
LMRKP,NO_DATA,0,HTTP_404_PERMANENT
LNSR,OK,568,
LOGC,OK,516,
LPCN,OK,842,
LRCX,OK,842,
LSTR,OK,842,
LUCY,OK,99,
LVS,OK,842,
LXRX,OK,842,
MAA,OK,842,
MANH,OK,842,
MBIN,OK,842,
MBTCR,NO_DATA,0,HTTP_404_PERMANENT
MCBC,NO_DATA,0,HTTP_404_PERMANENT
MCRI,OK,842,
MDLA,NO_DATA,0,HTTP_404_PERMANENT
MEC,OK,842,
MET,OK,842,
MFIN,OK,842,
MGM,OK,842,
MGTA,NO_DATA,0,HTTP_404_PERMANENT
MHLD,NO_DATA,0,HTTP_404_PERMANENT
MINI,NO_DATA,0,HTTP_404_PERMANENT
MITT-P-C,NO_DATA,0,HTTP_404_PERMANENT
MLAB,OK,842,
MLPY,NO_DATA,0,HTTP_404_PERMANENT
MMSI,OK,842,
MNST,OK,842,
MODN,NO_DATA,0,HTTP_404_PERMANENT
MOVE,OK,451,
MR,NO_DATA,0,HTTP_404_PERMANENT
MRK,OK,842,
MRTX,NO_DATA,0,HTTP_404_PERMANENT
MS-P-L,NO_DATA,0,HTTP_404_PERMANENT
MSEX,OK,842,
MTD,OK,842,
MTRX,OK,842,
MUR,OK,842,
MXIM,NO_DATA,0,HTTP_404_PERMANENT
MYRG,OK,842,
NAV,NO_DATA,0,HTTP_404_PERMANENT
NBR,OK,842,
NDAQ,OK,842,
NEOS,NO_DATA,0,HTTP_404_PERMANENT
NEX,NO_DATA,0,HTTP_404_PERMANENT
NGHCP,NO_DATA,0,HTTP_404_PERMANENT
NGS,OK,842,
NIHD,NO_DATA,0,HTTP_404_PERMANENT
NLSN,NO_DATA,0,HTTP_404_PERMANENT
NMTC,OK,842,
NOVV,NO_DATA,0,HTTP_404_PERMANENT
NPTN,NO_DATA,0,HTTP_404_PERMANENT
NRXP,OK,842,
NSEC,NO_DATA,0,HTTP_404_PERMANENT
NTAP,OK,842,
NTRP,OK,842,
NUE,OK,842,
NVDA,OK,842,
NWFL,OK,842,
NXGL,OK,260,
NYMTO,NO_DATA,0,HTTP_404_PERMANENT
OBCI,NO_DATA,0,HTTP_404_PERMANENT
OCGN,OK,842,
OFG-P-B,NO_DATA,0,HTTP_404_PERMANENT
OFSSL,NO_DATA,0,HTTP_404_PERMANENT
OLB,OK,842,
OMER,OK,842,
ONC,OK,842,
ONL,OK,280,
OPOF,NO_DATA,0,HTTP_404_PERMANENT
ORCL,OK,842,
ORRF,OK,842,
OSPN,OK,842,
OTTR,OK,842,
OXFD,NO_DATA,0,HTTP_404_PERMANENT
PACB,OK,842,
PANW,OK,842,
PAYO,OK,558,
PBFX,NO_DATA,0,HTTP_404_PERMANENT
PCB,OK,842,
PCT,OK,625,
PDFS,OK,842,
PEB-P-F,NO_DATA,0,HTTP_404_PERMANENT
PEP,OK,842,
PFG,OK,842,
PFS,OK,842,
PGTI,NO_DATA,0,HTTP_404_PERMANENT
PIK,NO_DATA,0,HTTP_404_PERMANENT
PKE,OK,842,
PLBY,OK,591,
PLSE,OK,842,
PLYM-P-A,NO_DATA,0,HTTP_404_PERMANENT
PMT-P-B,NO_DATA,0,HTTP_404_PERMANENT
PNFP,OK,842,
PNW,OK,842,
POWW,OK,842,
PPL,OK,842,
PRDO,OK,842,
PRIM,OK,842,
PROV,OK,842,
PRVA,OK,426,
PSA-P-I,NO_DATA,0,HTTP_404_PERMANENT
PSA-P-Q,NO_DATA,0,HTTP_404_PERMANENT
PSNL,OK,842,
PTLA,NO_DATA,0,HTTP_404_PERMANENT
PWOD,NO_DATA,0,HTTP_404_PERMANENT
QBTS,OK,519,
QNST,OK,842,
QTS-P-A,NO_DATA,0,HTTP_404_PERMANENT
QXL,OK,842,
RAVN,NO_DATA,0,HTTP_404_PERMANENT
RC-P-C,NO_DATA,0,HTTP_404_PERMANENT
RCKY,OK,842,
RDNT,OK,842,
REG,OK,842,
RES,OK,842,
REXR-P-A,NO_DATA,0,HTTP_404_PERMANENT
RF-P-C,NO_DATA,0,HTTP_404_PERMANENT
RGLS,NO_DATA,0,HTTP_404_PERMANENT
RIG,OK,842,
RILYM,NO_DATA,0,HTTP_404_PERMANENT
RITM-P-B,NO_DATA,0,HTTP_404_PERMANENT
RKDA,OK,842,
RLMD,OK,842,
RMTI,OK,842,
RNR-P-F,NO_DATA,0,HTTP_404_PERMANENT
ROG,OK,842,
RPD,OK,842,
RRX,OK,842,
RTLPP,NO_DATA,0,HTTP_404_PERMANENT
RVMD,OK,729,
RXDX,NO_DATA,0,HTTP_404_PERMANENT
RYTM,OK,842,
SABS,OK,480,
SAIC,OK,842,
SAR,OK,842,
SBFG,OK,842,
SCCB,NO_DATA,0,HTTP_404_PERMANENT
SCM,OK,842,
SDI,NO_DATA,0,HTTP_404_PERMANENT
SESG,NO_DATA,0,HTTP_404_PERMANENT
SFBC,OK,842,
SGHT,OK,372,
SHC,OK,533,
SHOE,OK,842,
SIG,OK,842,
SIRI,OK,842,
SJIJ,NO_DATA,0,HTTP_404_PERMANENT
SKYX,OK,226,
SLM,OK,842,
SLRC,OK,842,
SMED,NO_DATA,0,HTTP_404_PERMANENT
SMPL,OK,842,
SNBR,NO_DATA,0,HTTP_404_PERMANENT
SNDX,OK,842,
SNR,NO_DATA,0,HTTP_404_PERMANENT
SO 6.75 08-01-22,NO_DATA,0,HTTP_404_PERMANENT
SOJE,OK,575,
SOVO,NO_DATA,0,HTTP_404_PERMANENT
SPKAR,NO_DATA,0,HTTP_404_PERMANENT
SPRO,OK,842,
SR-P-A,NO_DATA,0,HTTP_404_PERMANENT
SRI,OK,842,
SSBK,NO_DATA,0,HTTP_404_PERMANENT
STAA,OK,842,
STEL,NO_DATA,0,HTTP_404_PERMANENT
STMP,NO_DATA,0,HTTP_404_PERMANENT
STRR,AMBIGUOUS_TICKER_REUSE,0,
STTK,OK,563,
SUPN,OK,842,
SWBI,OK,842,
SWX,OK,842,
SYNA,OK,842,
TACO,NO_DATA,0,"Data doesn't exist for startDate = 1567296000, endDate = 1672876800"
TAYD,OK,842,
TBPH,NO_DATA,0,
TCO-P-K,NO_DATA,0,HTTP_404_PERMANENT
TDY,OK,842,
TENB,OK,842,
TFC,OK,842,
TFSL,OK,842,
TGNA,NO_DATA,0,HTTP_404_PERMANENT
THRD,NO_DATA,0,HTTP_404_PERMANENT
TIL,OK,453,
TLF,OK,842,
TMHC,NO_DATA,0,HTTP_404_PERMANENT
TNGX,OK,588,
TOTAR,NO_DATA,0,HTTP_404_PERMANENT
TPR,OK,842,
TRDA,OK,297,
TRMB,OK,842,
TRTN,NO_DATA,0,HTTP_404_PERMANENT
TRUP,OK,842,
TSLA,OK,842,
TTGT,OK,842,
TVRD,OK,842,
TWO-P-A,NO_DATA,0,HTTP_404_PERMANENT
TXN,OK,842,
U,OK,578,
UCB,OK,842,
UFPI,OK,842,
ULBI,OK,842,
UMH-P-D,NO_DATA,0,HTTP_404_PERMANENT
UNM,OK,842,
URBN,OK,842,
USCR,NO_DATA,0,HTTP_404_PERMANENT
UTI,OK,842,
UZC,NO_DATA,0,HTTP_404_PERMANENT
VANI,OK,842,
VCYT,OK,842,
VERU,OK,842,
VIASP,NO_DATA,0,"Data doesn't exist for startDate = 1567296000, endDate = 1672876800"
VIVKD,NO_DATA,0,HTTP_404_PERMANENT
VMI,OK,842,
VNO-P-N,NO_DATA,0,HTTP_404_PERMANENT
VRE,NO_DATA,0,HTTP_404_PERMANENT
VRTS,OK,842,
VSTM,OK,842,
VTYX,NO_DATA,0,HTTP_404_PERMANENT
WAB,OK,842,
WBS-P-G,NO_DATA,0,HTTP_404_PERMANENT
WEAV,OK,288,
WEX,OK,842,
WHLR,OK,842,
WKHS,OK,842,
WMC,NO_DATA,0,HTTP_404_PERMANENT
WOLF,NO_DATA,0,"Data doesn't exist for startDate = 1567296000, endDate = 1672876800"
WSBCP,NO_DATA,0,HTTP_404_PERMANENT
WTFC,OK,842,
WTT,NO_DATA,0,HTTP_404_PERMANENT
X,NO_DATA,0,HTTP_404_PERMANENT
XENE,OK,842,
XLO,OK,302,
XRAY,OK,842,
YETI,OK,842,
ZBH,OK,842,
ZIXI,NO_DATA,0,HTTP_404_PERMANENT
A,OK,842,
AAM-P-A,NO_DATA,0,HTTP_404_PERMANENT
AAWW,NO_DATA,0,HTTP_404_PERMANENT
ABR,OK,842,
ABT,OK,842,
ACBI,NO_DATA,0,HTTP_404_PERMANENT
ACGLO,OK,842,
ACLX,NO_DATA,0,HTTP_404_PERMANENT
ACRE,OK,842,
ADC,OK,842,
ADNT,OK,842,
ADTN,OK,842,
AEIS,OK,842,
AES,OK,842,
AFGC,OK,746,
AGIO,OK,842,
AGN,NO_DATA,0,HTTP_404_PERMANENT
AGO,OK,842,
AHRT,OK,842,
AIBBR,NO_DATA,0,HTTP_404_PERMANENT
AIP,OK,299,
AIZ,OK,842,
AKBA,OK,842,
ALAC,NO_DATA,0,HTTP_404_PERMANENT
ALEX,NO_DATA,0,HTTP_404_PERMANENT
ALIM,NO_DATA,0,HTTP_404_PERMANENT
ALL-P-I,NO_DATA,0,HTTP_404_PERMANENT
ALOT,NO_DATA,0,"Data doesn't exist for startDate = 1567296000, endDate = 1672876800"
ALTG-P-A,NO_DATA,0,HTTP_404_PERMANENT
AMAL,OK,842,
AMH-P-D,NO_DATA,0,HTTP_404_PERMANENT
AMLX,OK,249,
AMSF,OK,842,
ANAT,NO_DATA,0,HTTP_404_PERMANENT
ANH-P-C,NO_DATA,0,HTTP_404_PERMANENT
AORT,OK,842,
APGN,NO_DATA,0,HTTP_404_PERMANENT
APRE,OK,820,
AQUA,NO_DATA,0,HTTP_404_PERMANENT
ARE,OK,842,
ARKR,OK,842,
ARQT,OK,738,
ASB,OK,842,
ASLE,OK,842,
ASTE,OK,842,
ATCO,NO_DATA,0,HTTP_404_PERMANENT
ATEC,OK,842,
ATI,OK,842,
ATO,OK,842,
ATRO,OK,842,
AUB-P-A,NO_DATA,0,HTTP_404_PERMANENT
AVA,OK,842,
AVEO,NO_DATA,0,HTTP_404_PERMANENT
AVNW,OK,842,
AWI,OK,842,
AXO,NO_DATA,0,HTTP_404_PERMANENT
AXTI,OK,842,
B,OK,842,
BAX,OK,842,
BBW,OK,842,
BCDA,OK,842,
BCYC,OK,842,
BEAM,OK,734,
BFH,OK,842,
BGG,NO_DATA,0,HTTP_404_PERMANENT
BHFAM,OK,288,
BIAF,OK,86,
BKD,OK,842,
BLD,NO_DATA,0,HTTP_404_PERMANENT
BLNE,OK,842,
BMRA,OK,842,
BNFT,NO_DATA,0,HTTP_404_PERMANENT
BOH,OK,842,
BPAC,NO_DATA,0,"Data doesn't exist for startDate = 1567296000, endDate = 1672876800"
BRACR,NO_DATA,0,HTTP_404_PERMANENT
BRLI,NO_DATA,0,HTTP_404_PERMANENT
BSBK,OK,748,
BTCS,OK,842,
BWAQR,NO_DATA,0,HTTP_404_PERMANENT
BWXT,OK,842,
BYRN,OK,842,
CABO,OK,842,
CAIIP,NO_DATA,0,HTTP_404_PERMANENT
CAPL,OK,842,
CASH,OK,842,
CBAT,OK,842,
CBRL,OK,842,
CCC,OK,567,
CCLP,NO_DATA,0,HTTP_404_PERMANENT
CCSI,OK,318,
CDMO,NO_DATA,0,HTTP_404_PERMANENT
CDRE,OK,293,
CELC,OK,842,
CERN,NO_DATA,0,HTTP_404_PERMANENT
CFBI,NO_DATA,0,HTTP_404_PERMANENT
CGBD,OK,842,
CHE,OK,842,
CHMI,OK,842,
CHSCL,OK,842,
CIEN,OK,842,
CINC,NO_DATA,0,HTTP_404_PERMANENT
CKPT,NO_DATA,0,HTTP_404_PERMANENT
CLDT,OK,842,
CLIR,OK,842,
CLRB,OK,842,
CLYM,OK,354,
CMMB,OK,842,
CMRX,NO_DATA,0,HTTP_404_PERMANENT
CNC,OK,842,
CNO,OK,842,
CNSL,NO_DATA,0,HTTP_404_PERMANENT
CNXC,OK,531,
CODX,OK,842,
COGT,OK,842,
COO,OK,842,
COWNL,NO_DATA,0,HTTP_404_PERMANENT
CPIX,OK,842,
CPT,OK,842,
CRDO,OK,236,
CRM,OK,842,
CRSR,OK,575,
CSGP,OK,842,
CSTL,OK,842,
CTAS,OK,842,
CTO-P-A,NO_DATA,0,HTTP_404_PERMANENT
CTXR,OK,842,
CUBI-P-D,NO_DATA,0,HTTP_404_PERMANENT
CUZ,OK,842,
CVI,OK,842,
CVV,OK,842,
CXO,NO_DATA,0,HTTP_404_PERMANENT
CYTT,NO_DATA,0,HTTP_404_PERMANENT
DAWN,NO_DATA,0,HTTP_404_PERMANENT
DBRG-P-G,NO_DATA,0,HTTP_404_PERMANENT
DCGO,OK,515,
DCT,AMBIGUOUS_TICKER_REUSE,0,
DENN,NO_DATA,0,HTTP_404_PERMANENT
DGL,NO_DATA,0,HTTP_404_PERMANENT
DIN,OK,842,
DLPH,NO_DATA,0,HTTP_404_PERMANENT
DLR-P-L,NO_DATA,0,HTTP_404_PERMANENT
DNOW,OK,842,
DOOR,NO_DATA,0,HTTP_404_PERMANENT
DRE,NO_DATA,0,HTTP_404_PERMANENT
DRS,OK,842,
DT,OK,842,
DTQ,NO_DATA,0,HTTP_404_PERMANENT
DUKH,NO_DATA,0,"Data doesn't exist for startDate = 1567296000, endDate = 1672876800"
DWTX,OK,515,
DY,OK,842,
EBAYL,NO_DATA,0,HTTP_404_PERMANENT
ECOM,NO_DATA,0,HTTP_404_PERMANENT
EDSA,OK,842,
EFSC,OK,842,
EHAB,NO_DATA,0,HTTP_404_PERMANENT
ELDN,OK,842,
EMAN,NO_DATA,0,HTTP_404_PERMANENT
EMR,OK,842,
ENPH,OK,842,
ENV,NO_DATA,0,HTTP_404_PERMANENT
EPD,OK,842,
EPZM,NO_DATA,0,HTTP_404_PERMANENT
EQM,NO_DATA,0,HTTP_404_PERMANENT
ESE,OK,842,
ESS,OK,842,
ET-P-D,NO_DATA,0,HTTP_404_PERMANENT
ETRN,NO_DATA,0,HTTP_404_PERMANENT
EVCM,OK,381,
EWTX,OK,448,
EXPO,OK,842,
FAF,OK,842,
FBIZ,OK,842,
FCAP,OK,842,
FCRW,NO_DATA,0,HTTP_404_PERMANENT
FDUS,OK,842,
FELE,OK,842,
FFIN,OK,842,
FHB,OK,842,
FHN-P-F,NO_DATA,0,HTTP_404_PERMANENT
FISV,OK,842,
FIZZ,OK,842,
FLIR,NO_DATA,0,HTTP_404_PERMANENT
FLYW,OK,406,
FNCB,NO_DATA,0,HTTP_404_PERMANENT
FOE,NO_DATA,0,HTTP_404_PERMANENT
FOXF,OK,842,
FRGAP,NO_DATA,0,HTTP_404_PERMANENT
FRT,OK,842,
FSFG,NO_DATA,0,HTTP_404_PERMANENT
FTCI,OK,426,
FTNW,NO_DATA,0,HTTP_404_PERMANENT
FUN,AMBIGUOUS_TICKER_REUSE,0,
FXA,OK,842,
G,OK,842,
GATX,OK,842,
GCAP,NO_DATA,0,HTTP_404_PERMANENT
GDP,NO_DATA,0,HTTP_404_PERMANENT
GERN,OK,842,
GFNSL,NO_DATA,0,HTTP_404_PERMANENT
GIFI,NO_DATA,0,HTTP_404_PERMANENT
GKOS,OK,842,
GLP-P-B,NO_DATA,0,HTTP_404_PERMANENT
GNE-P-A,NO_DATA,0,HTTP_404_PERMANENT
GNSS,OK,842,
GOODN,OK,825,
GPC,OK,842,
GPP,NO_DATA,0,HTTP_404_PERMANENT
GREEL,OK,308,
GRYP,NO_DATA,0,HTTP_404_PERMANENT
GSAT,OK,842,
GTES,OK,842,
GTXAP,NO_DATA,0,HTTP_404_PERMANENT
GWGHQ,NO_DATA,0,HTTP_404_PERMANENT
GYRO,OK,842,
HARP,NO_DATA,0,HTTP_404_PERMANENT
HBMD,NO_DATA,0,HTTP_404_PERMANENT
HCCH,NO_DATA,0,HTTP_404_PERMANENT
HCXY,OK,842,
HES,NO_DATA,0,HTTP_404_PERMANENT
HHS,OK,842,
HIW,OK,842,
HMAC,NO_DATA,0,HTTP_404_PERMANENT
HNI,OK,842,
HOLX,NO_DATA,0,HTTP_404_PERMANENT
HOWL,OK,424,
HQI,OK,842,
HRZN,OK,842,
HT-P-D,NO_DATA,0,HTTP_404_PERMANENT
HTH,OK,842,
HUM,OK,842,
HWCC,NO_DATA,0,HTTP_404_PERMANENT
HZO,OK,842,
IBKC,NO_DATA,0,HTTP_404_PERMANENT
ICE,OK,842,
IDA,OK,842,
IFF-WI,NO_DATA,0,HTTP_404_PERMANENT
ILMN,OK,842,
IMH-P--C,NO_DATA,0,HTTP_404_PERMANENT
IMXI,OK,842,
INCY,OK,842,
INM,OK,842,
INOD,OK,842,
INTG,OK,842,
IONQ,OK,505,
IPHI,NO_DATA,0,HTTP_404_PERMANENT
IRDM,OK,842,
ISBC,NO_DATA,0,HTTP_404_PERMANENT
IT,OK,842,
ITT,OK,842,
IVT,OK,842,
JAMF,NO_DATA,0,HTTP_404_PERMANENT
JCAP,NO_DATA,0,"Data doesn't exist for startDate = 1567296000, endDate = 1672876800"
JILL,OK,842,
JNPR,NO_DATA,0,HTTP_404_PERMANENT
JPM-P-J,NO_DATA,0,HTTP_404_PERMANENT
JWACR,NO_DATA,0,HTTP_404_PERMANENT
KAMN,NO_DATA,0,HTTP_404_PERMANENT
KDP,OK,842,
KHC,OK,842,
KKR-P-A,NO_DATA,0,HTTP_404_PERMANENT
KMB,OK,842,
KNL,NO_DATA,0,HTTP_404_PERMANENT
KOR,NO_DATA,0,HTTP_404_PERMANENT
KRA,NO_DATA,0,HTTP_404_PERMANENT
KROS,OK,691,
KTCC,OK,842,
L,OK,842,
LARK,OK,842,
LBBB,NO_DATA,0,HTTP_404_PERMANENT
LCII,OK,842,
LEDS,OK,842,
LFMD,OK,842,
LHCG,NO_DATA,0,HTTP_404_PERMANENT
LINK,OK,842,
LLEX,NO_DATA,0,HTTP_404_PERMANENT
LMND,OK,632,
LNC,OK,842,
LOAC,NO_DATA,0,HTTP_404_PERMANENT
LONA,OK,578,
LPRO,NO_DATA,0,"Data doesn't exist for startDate = 1567296000, endDate = 1672876800"
LSAK,OK,842,
LTH,OK,313,
LUMO,NO_DATA,0,HTTP_404_PERMANENT
LWAY,OK,842,
LYTS,OK,842,
MAC,OK,842,
MATV,OK,842,
MBINP,NO_DATA,0,HTTP_404_PERMANENT
MCADR,NO_DATA,0,HTTP_404_PERMANENT
MCF,NO_DATA,0,HTTP_404_PERMANENT
MCW,NO_DATA,0,HTTP_404_PERMANENT
MDT,OK,842,
MEET,NO_DATA,0,HTTP_404_PERMANENT
METCL,NO_DATA,0,HTTP_404_PERMANENT
MFSF,NO_DATA,0,HTTP_404_PERMANENT
MGPI,OK,842,
MH-P-A,NO_DATA,0,HTTP_404_PERMANENT
MIK,NO_DATA,0,HTTP_404_PERMANENT
MIST,OK,842,
MKC-V,OK,842,
MLM,OK,842,
MMI,OK,842,
MNOV,OK,842,
MNTV,NO_DATA,0,HTTP_404_PERMANENT
MOH,OK,842,
MPC,OK,842,
MRC,NO_DATA,0,HTTP_404_PERMANENT
MRNA,OK,842,
MS-P-A,NO_DATA,0,HTTP_404_PERMANENT
MSB,OK,842,
MSON,NO_DATA,0,HTTP_404_PERMANENT
MTG,OK,842,
MTUS,OK,842,
MVBF,OK,842,
MYFW,OK,842,
NAII,OK,842,
NBAC,NO_DATA,0,HTTP_404_PERMANENT
NCLH,OK,842,
NEE,OK,842,
NERV,OK,842,
NFG,OK,842,
NGL,OK,842,
NHI,OK,842,
NKLA,NO_DATA,0,HTTP_404_PERMANENT
NLY-P-F,NO_DATA,0,HTTP_404_PERMANENT
NOAC,NO_DATA,0,HTTP_404_PERMANENT
NP,NO_DATA,0,"Data doesn't exist for startDate = 1567296000, endDate = 1672876800"
NREF-P-A,NO_DATA,0,HTTP_404_PERMANENT
NS-P-B,NO_DATA,0,HTTP_404_PERMANENT
NSP,OK,842,
NTGR,OK,842,
NTST,OK,603,
NUVA,NO_DATA,0,HTTP_404_PERMANENT
NVR,OK,842,
NWN,OK,842,
NXL,OK,76,
O,OK,842,
OC,OK,842,
ODFL,OK,842,
OFLX,OK,842,
OGN,OK,414,
OLP,OK,842,
OMGA,NO_DATA,0,HTTP_404_PERMANENT
ONDK,NO_DATA,0,HTTP_404_PERMANENT
OOMA,OK,842,
OPTN,NO_DATA,0,HTTP_404_PERMANENT
ORIC,OK,680,
ORTX,NO_DATA,0,HTTP_404_PERMANENT
OSW,OK,842,
OVBC,OK,842,
OXSQG,OK,408,
PAFO,NO_DATA,0,HTTP_404_PERMANENT
PASG,OK,719,
PB,OK,842,
PBIP,NO_DATA,0,HTTP_404_PERMANENT
PCH,NO_DATA,0,HTTP_404_PERMANENT
PCYO,OK,842,
PDSB,OK,842,
PEBK,OK,842,
PET,NO_DATA,0,HTTP_404_PERMANENT
PFIE,NO_DATA,0,HTTP_404_PERMANENT
PGC,OK,842,
PHIO,OK,842,
PIRS,NO_DATA,0,HTTP_404_PERMANENT
PLAB,OK,842,
PLL,NO_DATA,0,HTTP_404_PERMANENT
PLUR,OK,842,
PMCB,OK,842,
PMVP,OK,573,
PNNTG,NO_DATA,0,HTTP_404_PERMANENT
POLA,OK,842,
PPCB,OK,842,
PRA,NO_DATA,0,HTTP_404_PERMANENT
PRG,OK,842,
PRLD,OK,573,
PRSP,NO_DATA,0,HTTP_404_PERMANENT
PS,NO_DATA,0,"Data doesn't exist for startDate = 1567296000, endDate = 1672876800"
PSA-P-L,NO_DATA,0,HTTP_404_PERMANENT
PSEC,OK,842,
PSXP,NO_DATA,0,HTTP_404_PERMANENT
PTVE,NO_DATA,0,HTTP_404_PERMANENT
PXLW,OK,842,
QEP,NO_DATA,0,HTTP_404_PERMANENT
QRHC,OK,842,
QUBT,OK,842,
RAMP,OK,842,
RBCP,NO_DATA,0,HTTP_404_PERMANENT
RCA,NO_DATA,0,HTTP_404_PERMANENT
RCOR,NO_DATA,0,HTTP_404_PERMANENT
RDW,OK,497,
REKR,OK,842,
REVB,OK,536,
REYN,OK,738,
RFP,NO_DATA,0,HTTP_404_PERMANENT
RGR,OK,842,
RILYG,OK,272,
RILYP,OK,819,
RIVE,NO_DATA,0,HTTP_404_PERMANENT
RLAY,OK,623,
RMBI,OK,842,
RNAZ,OK,377,
RNXT,OK,342,
ROK,OK,842,
RPT-P-D,NO_DATA,0,HTTP_404_PERMANENT
RSSS,OK,842,
RTW,NO_DATA,0,HTTP_404_PERMANENT
RVSB,OK,842,
RXT,OK,609,
RZC,OK,58,
SAFM,NO_DATA,0,HTTP_404_PERMANENT
SAK,NO_DATA,0,HTTP_404_PERMANENT
SAT,NO_DATA,0,"Data doesn't exist for startDate = 1567296000, endDate = 1672876800"
SBOW,NO_DATA,0,HTTP_404_PERMANENT
SCCO,OK,842,
SCSC,OK,842,
SEIC,OK,842,
SF-P-A,NO_DATA,0,HTTP_404_PERMANENT
SFST,OK,842,
SGMA,NO_DATA,0,HTTP_404_PERMANENT
SHO,OK,842,
SHSP,NO_DATA,0,HTTP_404_PERMANENT
SILA,NO_DATA,0,HTTP_404_PERMANENT
SITC-P-K,NO_DATA,0,HTTP_404_PERMANENT
SKY,OK,842,
SLCT,NO_DATA,0,HTTP_404_PERMANENT
SLNH,OK,842,
SLVM,OK,323,
SMLP,NO_DATA,0,HTTP_404_PERMANENT
SMTC,OK,842,
SNCRL,NO_DATA,0,HTTP_404_PERMANENT
SNGX,OK,842,
SNV-P-D,NO_DATA,0,HTTP_404_PERMANENT
SOHU,OK,842,
SONM,OK,842,
SPCE-WS,NO_DATA,0,HTTP_404_PERMANENT
SPNT,OK,842,
SPTN,NO_DATA,0,HTTP_404_PERMANENT
SRCE,OK,842,
SRRA,NO_DATA,0,HTTP_404_PERMANENT
SSNC,OK,842,
STAR-P-D,NO_DATA,0,HTTP_404_PERMANENT
STIM,OK,842,
STOR,NO_DATA,0,HTTP_404_PERMANENT
STRT,OK,842,
STXB,NO_DATA,0,HTTP_404_PERMANENT
SVBI,NO_DATA,0,HTTP_404_PERMANENT
SWK,OK,842,
SYBT,OK,842,
SYY,OK,842,
TALO,OK,842,
TBC,NO_DATA,0,HTTP_404_PERMANENT
TCBX,OK,290,
TCRR,NO_DATA,0,HTTP_404_PERMANENT
TECH,OK,842,
TERN,NO_DATA,0,HTTP_404_PERMANENT
TFC-P-H,NO_DATA,0,HTTP_404_PERMANENT
TGAN,NO_DATA,0,HTTP_404_PERMANENT
THCA,NO_DATA,0,HTTP_404_PERMANENT
THRY,OK,842,
TISI,OK,842,
TLRY,OK,842,
TMX,NO_DATA,0,HTTP_404_PERMANENT
TNXP,OK,842,
TPC,OK,842,
TPTX,NO_DATA,0,HTTP_404_PERMANENT
TREX,OK,842,
TRN,OK,842,
TRTN-P-E,NO_DATA,0,HTTP_404_PERMANENT
TSBK,OK,842,
TSSI,OK,842,
TTPH,NO_DATA,0,HTTP_404_PERMANENT
TWAV,OK,842,
TWO-P-D,NO_DATA,0,HTTP_404_PERMANENT
TXT,OK,842,
UAN,OK,842,
UDR,OK,842,
UG,OK,842,
ULTA,OK,842,
UNCY,OK,375,
UNVR,NO_DATA,0,HTTP_404_PERMANENT
UROV,NO_DATA,0,HTTP_404_PERMANENT
USIO,OK,842,
UUP,OK,842,
UZF,OK,406,
VBFC,NO_DATA,0,HTTP_404_PERMANENT
VEL,OK,747,
VFF,OK,842,
VICR,OK,842,
VLY,OK,842,
VNE,NO_DATA,0,HTTP_404_PERMANENT
VOYA,OK,842,
VRME,OK,842,
VSAT,OK,842,
VTAQR,NO_DATA,0,HTTP_404_PERMANENT
VVV,OK,842,
WATT,OK,842,
WCC-P-A,NO_DATA,0,HTTP_404_PERMANENT
WELL,OK,842,
WGO,OK,842,
WHLRP,OK,842,
WLFC,OK,842,
WMPN,NO_DATA,0,HTTP_404_PERMANENT
WPX,NO_DATA,0,HTTP_404_PERMANENT
WSFS,OK,842,
WTI,OK,842,
WVE,OK,842,
XBIT,OK,842,
XFOR,OK,842,
XOM,OK,842,
XWEL,OK,842,
YORW,OK,842,
ZEUS,NO_DATA,0,HTTP_404_PERMANENT
ZS,OK,842,
AAIC-P-B,NO_DATA,0,HTTP_404_PERMANENT
AAON,OK,842,
ABEO,OK,842,
ABR-P-D,NO_DATA,0,HTTP_404_PERMANENT
ACA,OK,842,
ACER,NO_DATA,0,HTTP_404_PERMANENT
ACI,OK,636,
ACON,OK,177,
ACTG,OK,842,
ADIL,OK,842,
ADSK,OK,842,
AEE,OK,842,
AEP,OK,842,
AFBI,NO_DATA,0,"Data doesn't exist for startDate = 1567296000, endDate = 1672876800"
AFL,OK,842,
AGM-P-D,NO_DATA,0,HTTP_404_PERMANENT
AGNCN,OK,842,
AGX,OK,842,
AHT-P-F,NO_DATA,0,HTTP_404_PERMANENT
AIMD,OK,501,
AIRT,OK,842,
AJRD,NO_DATA,0,HTTP_404_PERMANENT
AKRO,NO_DATA,0,HTTP_404_PERMANENT
ALCO,OK,842,
ALGR,NO_DATA,0,HTTP_404_PERMANENT
ALL,OK,842,
ALLR,OK,261,
ALSK,NO_DATA,0,HTTP_404_PERMANENT
ALXO,OK,622,
AME,OK,842,
AMH-P-H,NO_DATA,0,HTTP_404_PERMANENT
AMPG,OK,501,
AMWD,NO_DATA,0,HTTP_404_PERMANENT
ANG-P-A,NO_DATA,0,HTTP_404_PERMANENT
ANNX,OK,617,
APD,OK,842,
APLT,NO_DATA,0,HTTP_404_PERMANENT
APYX,OK,842,
ARAY,OK,842,
ARGO-P-A,NO_DATA,0,HTTP_404_PERMANENT
ARMK,OK,842,
ARTL,OK,842,
ASCAR,NO_DATA,0,HTTP_404_PERMANENT
ASPN,OK,842,
ASXC,NO_DATA,0,HTTP_404_PERMANENT
ATCO-P-H,NO_DATA,0,HTTP_404_PERMANENT
ATH-P-A,NO_DATA,0,HTTP_404_PERMANENT
ATLCP,OK,394,
ATR,OK,842,
ATXG,OK,842,
AUPH,OK,842,
AVCT,NO_DATA,0,HTTP_404_PERMANENT
AVIR,OK,548,
AVTX,OK,842,
AXE,NO_DATA,0,HTTP_404_PERMANENT
AXS,OK,842,
AZO,OK,842,
BANC,OK,842,
BBIO,OK,842,
BC/PA,NO_DATA,0,HTTP_404_PERMANENT
BCPC,OK,842,
BDSX,OK,550,
BENER,NO_DATA,0,HTTP_404_PERMANENT
BFS-P-D,NO_DATA,0,HTTP_404_PERMANENT
BHC,OK,842,
BHR,OK,842,
BJ,OK,842,
BKU,OK,842,
BLFY,NO_DATA,0,HTTP_404_PERMANENT
BMAQR,NO_DATA,0,HTTP_404_PERMANENT
BMY,OK,842,
BNTC,OK,842,
BOLT,OK,482,
BPOP,OK,842,
BRG-P-C,NO_DATA,0,HTTP_404_PERMANENT
BRPAR,NO_DATA,0,HTTP_404_PERMANENT
BSVN,OK,842,
BW,OK,842,
BWFG,OK,842,
BXSL,OK,298,
C-P-K,NO_DATA,0,HTTP_404_PERMANENT
CAG,OK,842,
CALM,OK,842,
CARO,NO_DATA,0,HTTP_404_PERMANENT
CATC,NO_DATA,0,HTTP_404_PERMANENT
CBL-P-D,NO_DATA,0,HTTP_404_PERMANENT
CC,OK,842,
CCK,OK,842,
CCO,OK,842,
CDE,OK,842,
CDOR,NO_DATA,0,HTTP_404_PERMANENT
CDZI,OK,842,
CENT,OK,842,
CETY,NO_DATA,0,"Data doesn't exist for startDate = 1567296000, endDate = 1672876800"
CFMS,NO_DATA,0,HTTP_404_PERMANENT
CGTX,OK,312,
CHK-P-D,NO_DATA,0,HTTP_404_PERMANENT
CHNG 6,NO_DATA,0,HTTP_404_PERMANENT
CHSCP,OK,842,
CIM-P-A,NO_DATA,0,HTTP_404_PERMANENT
CIO-P-A,NO_DATA,0,HTTP_404_PERMANENT
CLBK,OK,842,
CLFD,OK,842,
CLNN,OK,842,
CLVT,OK,842,
CMCTP,NO_DATA,0,HTTP_404_PERMANENT
CMPI,NO_DATA,0,HTTP_404_PERMANENT
CMSC,OK,842,
CNFRL,NO_DATA,0,HTTP_404_PERMANENT
CNP,OK,842,
CNTX,OK,304,
COCP,OK,842,
COF-P-K,NO_DATA,0,HTTP_404_PERMANENT
COLD,OK,842,
CORT,OK,842,
CPB,OK,842,
CPRI,OK,842,
CRBP,OK,842,
CRI,OK,842,
CRON,OK,842,
CRVS,OK,842,
CSOD,NO_DATA,0,HTTP_404_PERMANENT
CSWC,OK,842,
CTKB,OK,366,
CTS,OK,842,
CUBB,OK,764,
CUK,NO_DATA,0,HTTP_404_PERMANENT
CVEO,OK,842,
CVRX,OK,382,
CWCO,OK,842,
CYH,OK,842,
DAL,OK,842,
DBE,OK,842,
DBS,NO_DATA,0,HTTP_404_PERMANENT
DCP,NO_DATA,0,HTTP_404_PERMANENT
DE,OK,842,
DFLI,OK,344,
DHCNL,NO_DATA,0,"Data doesn't exist for startDate = 1567296000, endDate = 1672876800"
DK,OK,842,
DLR-P-G,NO_DATA,0,HTTP_404_PERMANENT
DMRC,OK,842,
DOC,OK,842,
DOW,OK,842,
DRIO,OK,842,
DSGN,OK,447,
DTG,OK,275,
DTY,NO_DATA,0,HTTP_404_PERMANENT
DVAX,NO_DATA,0,HTTP_404_PERMANENT
DXC,OK,842,
EAR,NO_DATA,0,HTTP_404_PERMANENT
EBS,OK,842,
ED,OK,842,
EFC,OK,842,
EGAN,OK,842,
EIG,OK,842,
ELS,OK,842,
EME,OK,842,
ENER,NO_DATA,0,HTTP_404_PERMANENT
ENSG,OK,842,
EOG,OK,842,
EPR-P-E,NO_DATA,0,HTTP_404_PERMANENT
EQH,OK,842,
ERII,OK,842,
ESNT,OK,842,
ESTC,OK,842,
ETN,OK,842,
EUDA,OK,266,
EVRI,NO_DATA,0,HTTP_404_PERMANENT
EXLS,OK,842,
EYE,OK,842,
FATE,OK,842,
FBRT,OK,305,
FCFS,OK,842,
FCX,OK,842,
FDX,OK,842,
FET,OK,842,
FGBI,OK,842,
FHN-P-B,NO_DATA,0,HTTP_404_PERMANENT
FINW,OK,282,
FITB-P-K,NO_DATA,0,HTTP_404_PERMANENT
FLG,OK,842,
FLR,OK,842,
FMCI,NO_DATA,0,HTTP_404_PERMANENT
FNLC,OK,842,
FORM,OK,842,
FR,OK,842,
FROG,OK,580,
FSBC,OK,422,
FSUN,OK,107,
FTHM,OK,612,
FTV,OK,842,
FVE,NO_DATA,0,HTTP_404_PERMANENT
FXE,OK,842,
GAN,NO_DATA,0,HTTP_404_PERMANENT
GBIO,NO_DATA,0,HTTP_404_PERMANENT
GCTK,OK,842,
GEGGL,OK,137,
GFF,OK,842,
GH,OK,842,
GIPR,OK,315,
GLDD,NO_DATA,0,HTTP_404_PERMANENT
GM,OK,842,
GNL-P-B,NO_DATA,0,HTTP_404_PERMANENT
GOGO,OK,842,
GOVN,NO_DATA,0,HTTP_404_PERMANENT
GPMT,OK,842,
GRAF,NO_DATA,0,HTTP_404_PERMANENT
GROM,OK,842,
GS-P-D,NO_DATA,0,HTTP_404_PERMANENT
GSG,OK,842,
GTLS-P-B,NO_DATA,0,HTTP_404_PERMANENT
GVA,OK,842,
GWRE,OK,842,
HAFC,OK,842,
HAYW,OK,458,
HCA,OK,842,
HCKT,OK,842,
HE,OK,842,
HGV,OK,842,
HIG-P-G,NO_DATA,0,HTTP_404_PERMANENT
HLMN,OK,525,
HMNF,NO_DATA,0,HTTP_404_PERMANENT
HNST,OK,422,
HOPE,OK,842,
HPP,OK,842,
HRI,OK,842,
HST,OK,842,
HTCR,OK,226,
HUBB,OK,842,
HURN,OK,842,
HWM,OK,842,
IAS,NO_DATA,0,"Data doesn't exist for startDate = 1567296000, endDate = 1672876800"
IBRX,OK,842,
ICPT,NO_DATA,0,HTTP_404_PERMANENT
IEC,NO_DATA,0,HTTP_404_PERMANENT
IIN,NO_DATA,0,HTTP_404_PERMANENT
IMBIL,NO_DATA,0,HTTP_404_PERMANENT
IMNM,OK,568,
INBKL,NO_DATA,0,HTTP_404_PERMANENT
INFN,NO_DATA,0,HTTP_404_PERMANENT
INN-P-E,NO_DATA,0,HTTP_404_PERMANENT
INSP,OK,842,
INVE,OK,842,
IOVA,OK,842,
IPW,OK,416,
IROQ,NO_DATA,0,HTTP_404_PERMANENT
ISO,NO_DATA,0,HTTP_404_PERMANENT
ITI,NO_DATA,0,HTTP_404_PERMANENT
IVR,OK,842,
J,OK,842,
JBGS,OK,842,
JEF,OK,842,
JMPNZ,NO_DATA,0,HTTP_404_PERMANENT
JPM,OK,842,
JRVR,OK,842,
KACLR,NO_DATA,0,HTTP_404_PERMANENT
KCAPL,NO_DATA,0,HTTP_404_PERMANENT
KEYS,OK,842,
KIM-P-M,NO_DATA,0,HTTP_404_PERMANENT
KLIC,OK,842,
KMT,OK,842,
KOD,OK,842,
KPLT,OK,759,
KRMD,OK,842,
KRYS,OK,842,
KW,NO_DATA,0,HTTP_404_PERMANENT
LAND,OK,842,
LAUR,OK,842,
LBPH,NO_DATA,0,HTTP_404_PERMANENT
LE,OK,842,
LEVL,NO_DATA,0,HTTP_404_PERMANENT
LFT-P-A,NO_DATA,0,HTTP_404_PERMANENT
LILKV,NO_DATA,0,HTTP_404_PERMANENT
LIVN,OK,842,
LMB,OK,842,
LMRKO,NO_DATA,0,HTTP_404_PERMANENT
LNN,OK,842,
LOCO,OK,842,
LOVE,OK,842,
LQDT,OK,842,
LSTA,OK,842,
LUCD,OK,308,
LVO,OK,842,
LXP-P-C,NO_DATA,0,HTTP_404_PERMANENT
M,OK,842,
MAN,OK,842,
MBI,OK,842,
MBTC,NO_DATA,0,HTTP_404_PERMANENT
MCB,OK,842,
MCRB,OK,842,
MDGL,OK,842,
MDXG,OK,842,
MERC,OK,842,
MFIC,OK,842,
MGLN,NO_DATA,0,HTTP_404_PERMANENT
MGRD,OK,366,
MHLA,OK,842,
MINDP,NO_DATA,0,HTTP_404_PERMANENT
MITT-P-B,NO_DATA,0,HTTP_404_PERMANENT
MKTX,OK,842,
MLPC,NO_DATA,0,HTTP_404_PERMANENT
MMS,OK,842,
MNSBP,OK,580,
MODD,OK,226,
MOV,OK,842,
MPX,NO_DATA,0,HTTP_404_PERMANENT
MRDN,OK,842,
MRTN,OK,842,
MS-P-K,NO_DATA,0,HTTP_404_PERMANENT
MSCI,OK,842,
MTCR,NO_DATA,0,HTTP_404_PERMANENT
MTRN,OK,842,
MU,OK,842,
MXCT,OK,361,
MYOV,NO_DATA,0,HTTP_404_PERMANENT
NAUT,OK,607,
NBLX,NO_DATA,0,HTTP_404_PERMANENT
NCSM,NO_DATA,0,"Data doesn't exist for startDate = 1567296000, endDate = 1672876800"
NEON,OK,842,
NEWR,NO_DATA,0,HTTP_404_PERMANENT
NGHC,NO_DATA,0,HTTP_404_PERMANENT
NGNE,OK,842,
NIC,OK,842,
NL,OK,842,
NMFCL,NO_DATA,0,HTTP_404_PERMANENT
NOVT,OK,842,
NPO,OK,842,
NRP,OK,842,
NSC,OK,842,
NSYS,OK,842,
NTRB,OK,317,
NUAN,NO_DATA,0,HTTP_404_PERMANENT
NVCT,OK,230,
NWBI,OK,842,
NXDT-P-A,NO_DATA,0,HTTP_404_PERMANENT
NXTC,OK,842,
OAS,NO_DATA,0,HTTP_404_PERMANENT
OCFCP,NO_DATA,0,HTTP_404_PERMANENT
OFG-P-A,NO_DATA,0,HTTP_404_PERMANENT
OFSSI,NO_DATA,0,HTTP_404_PERMANENT
OIS,OK,842,
OMCL,OK,842,
ON,OK,842,
ONIT,OK,842,
OPK,OK,842,
ORC,OK,842,
ORN,OK,842,
OSK,OK,842,
OTLK,OK,842,
OXBR,OK,842,
PAA,OK,842,
PANL,OK,842,
PAYC,OK,842,
PBCT,NO_DATA,0,HTTP_404_PERMANENT
PCAR,OK,842,
PCSB,NO_DATA,0,HTTP_404_PERMANENT
PDEX,OK,842,
PEB-P-E,NO_DATA,0,HTTP_404_PERMANENT
PENN,OK,842,
PFE,OK,842,
PFPT,NO_DATA,0,HTTP_404_PERMANENT
PGRE,NO_DATA,0,HTTP_404_PERMANENT
PII,OK,842,
PKBK,OK,842,
PLBC,OK,842,
PLRX,OK,653,
PLYM,NO_DATA,0,HTTP_404_PERMANENT
PMT-P-A,NO_DATA,0,HTTP_404_PERMANENT
PNC-P-Q,NO_DATA,0,HTTP_404_PERMANENT
PNTG,OK,822,
POWL,OK,842,
PPIH,OK,842,
PRCT,OK,329,
PRI,OK,842,
PROS,NO_DATA,0,HTTP_404_PERMANENT
PRTS,OK,842,
PSA-P-H,NO_DATA,0,HTTP_404_PERMANENT
PSA-P-P,NO_DATA,0,HTTP_404_PERMANENT
PSN,OK,842,
PTGX,OK,842,
PW,OK,842,
PYXS,OK,312,
QNCX,OK,842,
QTRX,OK,842,
QURE,OK,842,
RAVE,OK,842,
RC-P-B,NO_DATA,0,HTTP_404_PERMANENT
RCKT,OK,842,
RDN,OK,842,
REFR,OK,842,
REPL,OK,842,
REXR,OK,842,
RF-P-B,NO_DATA,0,HTTP_404_PERMANENT
RGLD,OK,842,
RICK,OK,842,
RILYL,OK,586,
RITM-P-A,NO_DATA,0,HTTP_404_PERMANENT
RJF-P-B,NO_DATA,0,HTTP_404_PERMANENT
RLJ-P-A,NO_DATA,0,HTTP_404_PERMANENT
RMNI,OK,842,
RNR-P-E,NO_DATA,0,HTTP_404_PERMANENT
ROCR,NO_DATA,0,HTTP_404_PERMANENT
RP,NO_DATA,0,HTTP_404_PERMANENT
RRGB,OK,842,
RTLPO,NO_DATA,0,HTTP_404_PERMANENT
RVI,NO_DATA,0,"Data doesn't exist for startDate = 1567296000, endDate = 1672876800"
RWT,OK,842,
RYN,OK,842,
SABRP,NO_DATA,0,HTTP_404_PERMANENT
SAIA,OK,842,
SANM,OK,842,
SBCF,OK,842,
SCA,NO_DATA,0,"Data doesn't exist for startDate = 1567296000, endDate = 1672876800"
SCL,OK,842,
SDGR,OK,734,
SES,OK,467,
SFB,NO_DATA,0,"Data doesn't exist for startDate = 1567296000, endDate = 1672876800"
SGEN,NO_DATA,0,HTTP_404_PERMANENT
SHBI,OK,842,
SHO-P-I,NO_DATA,0,HTTP_404_PERMANENT
SIEB,OK,842,
SIRE,NO_DATA,0,HTTP_404_PERMANENT
SJI,NO_DATA,0,HTTP_404_PERMANENT
SKYW,OK,842,
SLGN,OK,842,
SLQT,OK,661,
SMCI,OK,842,
SMP,OK,842,
SNA,OK,842,
SNDEQ,NO_DATA,0,HTTP_404_PERMANENT
SNPS,OK,842,
SO,OK,842,
SOJD,OK,750,
SOTK,OK,842,
SPK,NO_DATA,0,HTTP_404_PERMANENT
SPRB,OK,563,
SR,OK,842,
SRG-P-A,NO_DATA,0,HTTP_404_PERMANENT
SSB,OK,842,
ST,OK,842,
STC,OK,842,
STML,NO_DATA,0,HTTP_404_PERMANENT
STRO,OK,842,
STT-P-G,NO_DATA,0,HTTP_404_PERMANENT
SUN,OK,842,
SWAV,NO_DATA,0,HTTP_404_PERMANENT
SWTX,NO_DATA,0,HTTP_404_PERMANENT
SYKE,NO_DATA,0,HTTP_404_PERMANENT
T-P-C,NO_DATA,0,HTTP_404_PERMANENT
TAT,NO_DATA,0,HTTP_404_PERMANENT
TBNK,NO_DATA,0,HTTP_404_PERMANENT
TCO-P-J,NO_DATA,0,HTTP_404_PERMANENT
TDOC,OK,842,
TELA,OK,794,
TEX,OK,842,
TFFP,NO_DATA,0,HTTP_404_PERMANENT
TGLS,OK,842,
THR,NO_DATA,0,HTTP_404_PERMANENT
TIG,NO_DATA,0,HTTP_404_PERMANENT
TKR,OK,842,
TMDX,OK,842,
TNET,OK,842,
TOTA,NO_DATA,0,HTTP_404_PERMANENT
TPL,OK,842,
TRC,OK,842,
TRIP,OK,842,
TRT,OK,842,
TRUE,NO_DATA,0,HTTP_404_PERMANENT
TSHA,OK,574,
TTEK,OK,842,
TVE,OK,842,
TWO,NO_DATA,0,"Data doesn't exist for startDate = 1567296000, endDate = 1672876800"
TXMD,OK,842,
TZOO,OK,842,
UBP-P-K,NO_DATA,0,HTTP_404_PERMANENT
UFI,OK,842,
UIS,OK,842,
UMH-P-C,NO_DATA,0,HTTP_404_PERMANENT
UNIT,OK,842,
UPXI,OK,386,
USAU,OK,842,
UTHR,OK,842,
UZB,NO_DATA,0,HTTP_404_PERMANENT
VALU,OK,842,
VCEL,OK,842,
VERI,OK,842,
VIACP,NO_DATA,0,HTTP_404_PERMANENT
VITL,OK,612,
VMEO,NO_DATA,0,HTTP_404_PERMANENT
VNO-P-M,NO_DATA,0,HTTP_404_PERMANENT
VRCA,OK,842,
VRSK,OK,842,
VST,OK,842,
VTSI,OK,842,
VZ,OK,842,
WBS-P-F,NO_DATA,0,HTTP_404_PERMANENT
WDFC,OK,842,
WETH,NO_DATA,0,"Data doesn't exist for startDate = 1567296000, endDate = 1672876800"
WHG,OK,842,
WIRE,NO_DATA,0,HTTP_404_PERMANENT
WM,OK,842,
WNEB,OK,842,
WSBC,OK,842,
WTBA,OK,842,
WTRU,NO_DATA,0,HTTP_404_PERMANENT
WYNN,OK,842,
XELB,OK,842,
XLNX,NO_DATA,0,HTTP_404_PERMANENT
XPRO,OK,842,
YELP,OK,842,
ZAGG,NO_DATA,0,HTTP_404_PERMANENT
ZIMV,NO_DATA,0,HTTP_404_PERMANENT
ZYNE,NO_DATA,0,HTTP_404_PERMANENT
AAIN,NO_DATA,0,HTTP_404_PERMANENT
AAPL,OK,842,
ABMD,NO_DATA,0,HTTP_404_PERMANENT
ABR-P-F,NO_DATA,0,HTTP_404_PERMANENT
ACAXR,NO_DATA,0,HTTP_404_PERMANENT
ACGL,OK,842,
ACIW,OK,842,
ACR-P-C,NO_DATA,0,HTTP_404_PERMANENT
ADAC,NO_DATA,0,"Data doesn't exist for startDate = 1567296000, endDate = 1672876800"
ADMA,OK,842,
ADT,OK,842,
AEHR,OK,842,
AEPPZ,NO_DATA,0,HTTP_404_PERMANENT
AFG,OK,842,
AGEN,OK,842,
AGM-P-F,NO_DATA,0,HTTP_404_PERMANENT
AGNCP,OK,735,
AHCO,OK,842,
AHT-P-H,NO_DATA,0,HTTP_404_PERMANENT
AINC,NO_DATA,0,HTTP_404_PERMANENT
AIT,OK,842,
AKA,OK,324,
AKYA,NO_DATA,0,HTTP_404_PERMANENT
ALE,NO_DATA,0,HTTP_404_PERMANENT
ALGT,OK,842,
ALL-P-G,NO_DATA,0,HTTP_404_PERMANENT
ALMU,NO_DATA,0,"Data doesn't exist for startDate = 1567296000, endDate = 1672876800"
ALT,OK,842,
AM,OK,842,
AMG,OK,842,
AMK,NO_DATA,0,HTTP_404_PERMANENT
AMPX,OK,77,
AN,OK,842,
ANH,NO_DATA,0,HTTP_404_PERMANENT
ANTX,OK,196,
APEI,OK,842,
APPS,OK,842,
AQMS,OK,842,
ARCC,OK,842,
ARIZ,NO_DATA,0,HTTP_404_PERMANENT
AROC,OK,842,
ARW,OK,842,
ASH,OK,842,
ASRT,NO_DATA,0,"Data doesn't exist for startDate = 1567296000, endDate = 1672876800"
ATA,NO_DATA,0,HTTP_404_PERMANENT
ATCOL,NO_DATA,0,HTTP_404_PERMANENT
ATH-P-D,NO_DATA,0,HTTP_404_PERMANENT
ATLX,OK,842,
ATRC,OK,842,
ATYR,OK,842,
AUTO,NO_DATA,0,HTTP_404_PERMANENT
AVDL,NO_DATA,0,HTTP_404_PERMANENT
AVNS,NO_DATA,0,HTTP_404_PERMANENT
AVY,OK,842,
AXLA,NO_DATA,0,HTTP_404_PERMANENT
AXSM,OK,842,
AZTA,OK,842,
BANR,OK,842,
BBQ,NO_DATA,0,HTTP_404_PERMANENT
BC/PC,NO_DATA,0,
BCSF,OK,842,
BDX,OK,842,
BFAM,OK,842,
BFST,OK,842,
BHF,OK,842,
BHR-P-D,NO_DATA,0,HTTP_404_PERMANENT
BK-P-C,NO_DATA,0,HTTP_404_PERMANENT
BLBD,OK,842,
BLKB,OK,842,
BMEA,OK,434,
BNC,OK,842,
BNY,OK,842,
BOOT,OK,842,
BR,OK,842,
BRKL,NO_DATA,0,"Data doesn't exist for startDate = 1567296000, endDate = 1672876800"
BRTX,OK,842,
BSX-P-A,NO_DATA,0,HTTP_404_PERMANENT
BWA,OK,842,
BWNB,NO_DATA,0,"Data doesn't exist for startDate = 1567296000, endDate = 1672876800"
BYD,OK,842,
CAAS,OK,842,
CAI,NO_DATA,0,"Data doesn't exist for startDate = 1567296000, endDate = 1672876800"
CALY,OK,842,
CARS,OK,842,
CB,OK,842,
CBNK,OK,842,
CCB,OK,842,
CCLDO,NO_DATA,0,HTTP_404_PERMANENT
CCR,NO_DATA,0,HTTP_404_PERMANENT
CDK,NO_DATA,0,HTTP_404_PERMANENT
CDR-P-B,NO_DATA,0,HTTP_404_PERMANENT
CECO,OK,842,
CEQP,NO_DATA,0,HTTP_404_PERMANENT
CF,OK,842,
CFR-P-B,NO_DATA,0,HTTP_404_PERMANENT
CHCT,OK,842,
CHMA,NO_DATA,0,HTTP_404_PERMANENT
CHRW,OK,842,
CHWA,NO_DATA,0,HTTP_404_PERMANENT
CIM-P-C,NO_DATA,0,HTTP_404_PERMANENT
CIT,NO_DATA,0,HTTP_404_PERMANENT
CLDB,NO_DATA,0,HTTP_404_PERMANENT
CLH,OK,842,
CLPR,OK,842,
CLW,OK,842,
CMG,OK,842,
CMPS,OK,578,
CMTG,OK,294,
CNMD,OK,842,
CNR,OK,842,
CNVY,NO_DATA,0,HTTP_404_PERMANENT
CODI,OK,842,
COF-P-N,NO_DATA,0,HTTP_404_PERMANENT
COLM,OK,842,
COUP,NO_DATA,0,HTTP_404_PERMANENT
CPF,OK,842,
CPRX,NO_DATA,0,HTTP_404_PERMANENT
CRC,OK,550,
CRK,OK,842,
CRS,OK,842,
CSBR,OK,842,
CSR,OK,842,
CSX,OK,842,
CTLT,NO_DATA,0,HTTP_404_PERMANENT
CTV,NO_DATA,0,HTTP_404_PERMANENT
CUBI,OK,842,
CUO,NO_DATA,0,HTTP_404_PERMANENT
CVGI,OK,842,
CVSA,OK,842,
CWT,OK,842,
CYRX,OK,842,
DAR,OK,842,
DBO,OK,842,
DBV,NO_DATA,0,HTTP_404_PERMANENT
DCP-P-C,NO_DATA,0,HTTP_404_PERMANENT
DECK,OK,842,
DG,OK,842,
DIBS,OK,396,
DKS,OK,842,
DLR-P-J,NO_DATA,0,HTTP_404_PERMANENT
DNKN,NO_DATA,0,HTTP_404_PERMANENT
DOCU,OK,842,
DPZ,OK,842,
DRNA,NO_DATA,0,HTTP_404_PERMANENT
DSKE,NO_DATA,0,HTTP_404_PERMANENT
DTJ,NO_DATA,0,HTTP_404_PERMANENT
DUK-P-A,NO_DATA,0,HTTP_404_PERMANENT
DVD,NO_DATA,0,HTTP_404_PERMANENT
DXLG,OK,842,
EAT,OK,842,
ECHO,OK,842,
EDIT,OK,842,
EFC-P-B,NO_DATA,0,HTTP_404_PERMANENT
EGOV,NO_DATA,0,HTTP_404_PERMANENT
EIX,OK,842,
ELV,OK,842,
EML,OK,842,
ENLC,NO_DATA,0,HTTP_404_PERMANENT
ENTG,OK,842,
EPAM,OK,842,
EPRT,OK,842,
EQH-P-C,NO_DATA,0,HTTP_404_PERMANENT
ESAB,OK,194,
ESPR,NO_DATA,0,HTTP_404_PERMANENT
ET,OK,842,
ETON,OK,842,
EVBG,NO_DATA,0,HTTP_404_PERMANENT
EW,OK,842,
EXPD,OK,842,
F,OK,842,
FBIO,OK,842,
FBRX,NO_DATA,0,"Data doesn't exist for startDate = 1567296000, endDate = 1672876800"
FCPT,OK,842,
FDMT,OK,519,
FEAM,OK,204,
FF,OK,842,
FGI,OK,238,
FHN-P-D,NO_DATA,0,HTTP_404_PERMANENT
FIS,OK,842,
FIVN,OK,842,
FLGT,OK,842,
FLUX,OK,602,
FN,OK,842,
FNWB,OK,842,
FOSL,OK,842,
FRD,OK,842,
FRPT,OK,842,
FSCT,NO_DATA,0,HTTP_404_PERMANENT
FTAIO,NO_DATA,0,HTTP_404_PERMANENT
FTLF,OK,842,
FULT,OK,842,
FWRD,OK,842,
FXY,OK,842,
GAP,OK,842,
GBLL,NO_DATA,0,HTTP_404_PERMANENT
GDEN,NO_DATA,0,HTTP_404_PERMANENT
GEO,OK,842,
GFN,NO_DATA,0,HTTP_404_PERMANENT
GHSI,NO_DATA,0,HTTP_404_PERMANENT
GIW,NO_DATA,0,"Data doesn't exist for startDate = 1567296000, endDate = 1672876800"
GLP,OK,842,
GMTA,NO_DATA,0,HTTP_404_PERMANENT
GNPX,OK,842,
GOOD,OK,842,
GPAC,NO_DATA,0,"Data doesn't exist for startDate = 1567296000, endDate = 1672876800"
GPN,OK,842,
GRBK-P-A,NO_DATA,0,HTTP_404_PERMANENT
GRUB,NO_DATA,0,HTTP_404_PERMANENT
GS-P-K,NO_DATA,0,HTTP_404_PERMANENT
GTBP,OK,842,
GTN,OK,842,
GWAV,OK,842,
GWW,OK,842,
HAL,OK,842,
HBI,NO_DATA,0,HTTP_404_PERMANENT
HCAT,OK,842,
HCTI,OK,309,
HEI,OK,842,
HHGCR,NO_DATA,0,HTTP_404_PERMANENT
HIL,NO_DATA,0,HTTP_404_PERMANENT
HLVX,NO_DATA,0,HTTP_404_PERMANENT
HMST,NO_DATA,0,HTTP_404_PERMANENT
HOG,OK,842,
HOUS,NO_DATA,0,HTTP_404_PERMANENT
HPQ,OK,842,
HRT,NO_DATA,0,HTTP_404_PERMANENT
HSY,OK,842,
HTFC,OK,132,
HUDA,NO_DATA,0,HTTP_404_PERMANENT
HWBK,OK,842,
HYPD,OK,842,
IAUM,OK,381,
ICBK,NO_DATA,0,HTTP_404_PERMANENT
ICU,OK,454,
IESC,OK,842,
IIPR-P-A,NO_DATA,0,HTTP_404_PERMANENT
IMGO,NO_DATA,0,HTTP_404_PERMANENT
IMUX,OK,842,
INBS,OK,511,
INGR,OK,842,
INNV,OK,464,
INTA,OK,382,
INWK,NO_DATA,0,HTTP_404_PERMANENT
IPDN,OK,842,
IQV,OK,842,
IRTC,OK,842,
ISRG,OK,842,
ITOS,NO_DATA,0,HTTP_404_PERMANENT
IVR-P-B,NO_DATA,0,HTTP_404_PERMANENT
JAGX,OK,842,
JBLU,OK,842,
JGGCR,NO_DATA,0,HTTP_404_PERMANENT
JNCE,NO_DATA,0,HTTP_404_PERMANENT
JPM-P-D,NO_DATA,0,HTTP_404_PERMANENT
JSPR,OK,752,
KALU,OK,842,
KDMN,NO_DATA,0,HTTP_404_PERMANENT
KFRC,OK,842,
KITT,OK,358,
KLTR,OK,368,
KN,OK,842,
KOP,OK,842,
KPTI,OK,842,
KRO,OK,842,
KSU-P,NO_DATA,0,HTTP_404_PERMANENT
KYMR,OK,597,
LANDO,OK,557,
LAXXR,NO_DATA,0,HTTP_404_PERMANENT
LBY,NO_DATA,0,HTTP_404_PERMANENT
LEAF,NO_DATA,0,HTTP_404_PERMANENT
LEXX,OK,499,
LGIH,OK,842,
LINC,OK,842,
LKFN,OK,842,
LMICL,NO_DATA,0,HTTP_404_PERMANENT
LMST,NO_DATA,0,HTTP_404_PERMANENT
LNT,OK,842,
LOGI,OK,842,
LPG,OK,842,
LRMR,OK,842,
LTBR,OK,842,
LULU,OK,842,
LVWR,OK,531,
LXU,OK,842,
MAA-P-I,NO_DATA,0,HTTP_404_PERMANENT
MASI,NO_DATA,0,HTTP_404_PERMANENT
MBINM,OK,70,
MBWM,OK,842,
MCBS,OK,840,
MCS,OK,842,
MDRR,OK,842,
MED,OK,842,
MET-P-A,NO_DATA,0,HTTP_404_PERMANENT
MFINL,NO_DATA,0,HTTP_404_PERMANENT
MGNI,OK,842,
MGTX,OK,842,
MIC,NO_DATA,0,"Data doesn't exist for startDate = 1567296000, endDate = 1672876800"
MIRM,OK,842,
MIXT,NO_DATA,0,HTTP_404_PERMANENT
MLI,OK,842,
MLVF,NO_DATA,0,HTTP_404_PERMANENT
MNDT,NO_DATA,0,HTTP_404_PERMANENT
MNTA,NO_DATA,0,HTTP_404_PERMANENT
MODV,NO_DATA,0,HTTP_404_PERMANENT
MPAA,OK,842,
MRAM,OK,842,
MRKR,OK,842,
MRUS,NO_DATA,0,HTTP_404_PERMANENT
MS-P-P,NO_DATA,0,HTTP_404_PERMANENT
MSFT,OK,842,
MTDR,OK,842,
MTSC,NO_DATA,0,HTTP_404_PERMANENT
MUSA,OK,842,
MXL,OK,842,
MYSZ,OK,842,
NAVI,OK,842,
NBSE,NO_DATA,0,HTTP_404_PERMANENT
NDRA,OK,842,
NEOV,OK,662,
NEXT,OK,842,
NGHCZ,NO_DATA,0,HTTP_404_PERMANENT
NGVC,OK,842,
NIMC,NO_DATA,0,HTTP_404_PERMANENT
NLY,OK,842,
NN,OK,547,
NOVVR,NO_DATA,0,HTTP_404_PERMANENT
NRC,OK,842,
NS,NO_DATA,0,HTTP_404_PERMANENT
NSIT,OK,842,
NTCT,OK,842,
NTRS,OK,842,
NURO,NO_DATA,0,HTTP_404_PERMANENT
NVEE,NO_DATA,0,HTTP_404_PERMANENT
NWHM,NO_DATA,0,HTTP_404_PERMANENT
NXGN,NO_DATA,0,HTTP_404_PERMANENT
NYMTP,NO_DATA,0,HTTP_404_PERMANENT
OBDC,OK,842,
OCUL,OK,842,
OFG-P-D,NO_DATA,0,HTTP_404_PERMANENT
OFSSZ,NO_DATA,0,HTTP_404_PERMANENT
OLMA,OK,534,
OMEX,OK,842,
ONCE,NO_DATA,0,HTTP_404_PERMANENT
ONTF,NO_DATA,0,HTTP_404_PERMANENT
OPRT,OK,825,
ORGN,NO_DATA,0,HTTP_404_PERMANENT
ORSN,NO_DATA,0,HTTP_404_PERMANENT
OSS,OK,842,
OUNZ,OK,842,
OXM,OK,842,
PACW,NO_DATA,0,HTTP_404_PERMANENT
PAR,OK,842,
PAYS,OK,842,
PBH,OK,842,
PCG,OK,842,
PCTY,OK,842,
PDLB,OK,842,
PEB-P-G,NO_DATA,0,HTTP_404_PERMANENT
PEPG,OK,167,
PFGC,OK,842,
PFSW,NO_DATA,0,HTTP_404_PERMANENT
PH,OK,842,
PINE,OK,784,
PKG,OK,842,
PLCE,OK,842,
PLTK,OK,495,
PM,OK,842,
PMT-P-C,NO_DATA,0,HTTP_404_PERMANENT
PNFPP,NO_DATA,0,HTTP_404_PERMANENT
POCI,OK,842,
POWWP,OK,409,
PPSI,OK,842,
PRDS,NO_DATA,0,HTTP_404_PERMANENT
PRKS,OK,842,
PRPO,OK,842,
PRVB,NO_DATA,0,HTTP_404_PERMANENT
PSA-P-J,NO_DATA,0,HTTP_404_PERMANENT
PSA-P-R,NO_DATA,0,HTTP_404_PERMANENT
PSTX,NO_DATA,0,HTTP_404_PERMANENT
PTN,OK,842,
PWR,OK,842,
QCRH,OK,842,
QOMO,NO_DATA,0,HTTP_404_PERMANENT
QTTTP,NO_DATA,0,HTTP_404_PERMANENT
R,OK,842,
RBB,OK,842,
RC-P-D,NO_DATA,0,HTTP_404_PERMANENT
RCM,NO_DATA,0,HTTP_404_PERMANENT
RDUS,NO_DATA,0,HTTP_404_PERMANENT
REGI,NO_DATA,0,HTTP_404_PERMANENT
RESI,NO_DATA,0,HTTP_404_PERMANENT
REXR-P-B,NO_DATA,0,HTTP_404_PERMANENT
RF-P-E,NO_DATA,0,HTTP_404_PERMANENT
RGNX,OK,842,
RIGL,OK,842,
RILYN,OK,827,
RITM-P-C,NO_DATA,0,HTTP_404_PERMANENT
RKLB,OK,531,
RLYB,OK,362,
RNA,NO_DATA,0,"Data doesn't exist for startDate = 1567296000, endDate = 1672876800"
RNST,OK,842,
ROIC,NO_DATA,0,HTTP_404_PERMANENT
RPHM,NO_DATA,0,HTTP_404_PERMANENT
RS,OK,842,
RTLR,NO_DATA,0,HTTP_404_PERMANENT
RVNC,NO_DATA,0,HTTP_404_PERMANENT
RXO,OK,47,
RZA,NO_DATA,0,HTTP_404_PERMANENT
SAF,NO_DATA,0,HTTP_404_PERMANENT
SAIL,NO_DATA,0,"Data doesn't exist for startDate = 1567296000, endDate = 1672876800"
SASI,NO_DATA,0,HTTP_404_PERMANENT
SBFM,OK,223,
SCCC,NO_DATA,0,HTTP_404_PERMANENT
SCOR,OK,842,
SDPI,NO_DATA,0,HTTP_404_PERMANENT
SEVN,OK,842,
SFBS,OK,842,
SGI,OK,842,
SHLO,NO_DATA,0,HTTP_404_PERMANENT
SHOO,OK,842,
SIGA,OK,842,
SITC,OK,842,
SJM,OK,842,
SLAB,OK,842,
SLMBP,OK,842,
SLS,OK,842,
SMHI,OK,842,
SMRTQ,NO_DATA,0,HTTP_404_PERMANENT
SNCE,NO_DATA,0,HTTP_404_PERMANENT
SNES,OK,842,
SNTI,OK,406,
SOFI,OK,505,
SOLY,NO_DATA,0,HTTP_404_PERMANENT
SOWG,OK,842,
SPLK,NO_DATA,0,HTTP_404_PERMANENT
SPRT,NO_DATA,0,HTTP_404_PERMANENT
SRC,NO_DATA,0,HTTP_404_PERMANENT
SRLP,NO_DATA,0,HTTP_404_PERMANENT
SSD,OK,842,
STAG,OK,842,
STER,NO_DATA,0,HTTP_404_PERMANENT
STND,NO_DATA,0,HTTP_404_PERMANENT
STRRP,OK,834,
STWD,OK,842,
SURF,NO_DATA,0,HTTP_404_PERMANENT
SWI,NO_DATA,0,HTTP_404_PERMANENT
SXC,OK,842,
SYNC,NO_DATA,0,HTTP_404_PERMANENT
TACT,OK,842,
TBB,OK,842,
TCBK,OK,842,
TCP,NO_DATA,0,HTTP_404_PERMANENT
TEAD,OK,366,
TENX,OK,842,
TFC-P-F,NO_DATA,0,HTTP_404_PERMANENT
TFX,OK,842,
TGTX,OK,842,
THRN,NO_DATA,0,HTTP_404_PERMANENT
TILE,OK,842,
TLND,NO_DATA,0,HTTP_404_PERMANENT
TMO,OK,842,
TNL,OK,842,
TOVX,OK,842,
TPST,OK,842,
TREC,NO_DATA,0,HTTP_404_PERMANENT
TRMK,OK,842,
TRTN-P-C,NO_DATA,0,HTTP_404_PERMANENT
TRV,OK,842,
TSLX,OK,842,
TTI,OK,842,
TVTX,OK,842,
TWO-P-B,NO_DATA,0,HTTP_404_PERMANENT
TXNM,OK,842,
UAL,OK,842,
UCB-P-I,NO_DATA,0,HTTP_404_PERMANENT
UFPT,OK,842,
ULCC,OK,444,
UMPQ,NO_DATA,0,HTTP_404_PERMANENT
UNP,OK,842,
URGN,OK,842,
USER,NO_DATA,0,HTTP_404_PERMANENT
UTL,OK,842,
UZD,OK,598,
VAR,NO_DATA,0,HTTP_404_PERMANENT
VECO,OK,842,
VERV,NO_DATA,0,HTTP_404_PERMANENT
VIAV,OK,842,
VIVO,OK,842,
VNCE,OK,842,
VNT,OK,574,
VREX,OK,842,
VRTU,NO_DATA,0,HTTP_404_PERMANENT
VSTO,NO_DATA,0,HTTP_404_PERMANENT
VUZI,OK,842,
WABC,OK,842,
WBT,NO_DATA,0,HTTP_404_PERMANENT
WEBK,NO_DATA,0,HTTP_404_PERMANENT
WEYS,OK,842,
WHLRD,OK,842,
WKSP,OK,842,
WMGI,NO_DATA,0,HTTP_404_PERMANENT
WOW,NO_DATA,0,HTTP_404_PERMANENT
WSBF,OK,842,
WTFCM,NO_DATA,0,HTTP_404_PERMANENT
WU,OK,842,
XAIR,OK,842,
XENT,NO_DATA,0,HTTP_404_PERMANENT
XLRN,NO_DATA,0,HTTP_404_PERMANENT
XRN,OK,842,
YEXT,OK,842,
ZD,OK,842,
ZLAB,OK,842,
