cik,accn,accepted,form,role,parent,child,weight
2969,0000002969-22-000054,2022-11-22T21:37:46.000Z,10-K,http://www.airproducts.com/role/ConsolidatedStatementsofCashFlows,us-gaap_NetCashProvidedByUsedInInvestingActivitiesContinuingOperations,us-gaap_PaymentsToAcquirePropertyPlantAndEquipment,-1.0
2969,0000002969-22-000038,2022-08-04T14:06:29.000Z,10-Q,http://www.airproducts.com/role/ConsolidatedStatementsofCashFlowsUnaudited,us-gaap_NetCashProvidedByUsedInInvestingActivitiesContinuingOperations,us-gaap_PaymentsToAcquirePropertyPlantAndEquipment,-1.0
2969,0000002969-22-000026,2022-05-05T17:35:24.000Z,10-Q,http://www.airproducts.com/role/ConsolidatedStatementsofCashFlowsUnaudited,us-gaap_NetCashProvidedByUsedInInvestingActivitiesContinuingOperations,us-gaap_PaymentsToAcquirePropertyPlantAndEquipment,-1.0
2969,0000002969-22-000010,2022-02-04T15:32:04.000Z,10-Q,http://www.airproducts.com/role/ConsolidatedStatementsofCashFlowsUnaudited,us-gaap_NetCashProvidedByUsedInInvestingActivities,us-gaap_PaymentsToAcquirePropertyPlantAndEquipment,-1.0
2969,0000002969-21-000055,2021-11-18T19:04:47.000Z,10-K,http://www.airproducts.com/role/ConsolidatedStatementsofCashFlows,us-gaap_NetCashProvidedByUsedInInvestingActivitiesContinuingOperations,us-gaap_PaymentsToAcquirePropertyPlantAndEquipment,-1.0
2969,0000002969-21-000043,2021-08-09T14:08:38.000Z,10-Q,http://www.airproducts.com/role/ConsolidatedStatementsofCashFlowsUnaudited,us-gaap_NetCashProvidedByUsedInInvestingActivitiesContinuingOperations,us-gaap_PaymentsToAcquirePropertyPlantAndEquipment,-1.0
2969,0000002969-21-000025,2021-05-10T14:17:05.000Z,10-Q,http://www.airproducts.com/role/ConsolidatedStatementsofCashFlowsUnaudited,us-gaap_NetCashProvidedByUsedInInvestingActivitiesContinuingOperations,us-gaap_PaymentsToAcquirePropertyPlantAndEquipment,-1.0
2969,0000002969-21-000012,2021-02-04T16:42:33.000Z,10-Q,http://www.airproducts.com/role/ConsolidatedStatementsofCashFlowsUnaudited,us-gaap_NetCashProvidedByUsedInInvestingActivities,us-gaap_PaymentsToAcquirePropertyPlantAndEquipment,-1.0
2969,0000002969-20-000049,2020-11-19T20:29:11.000Z,10-K,http://www.airproducts.com/role/ConsolidatedStatementsofCashFlows,us-gaap_NetCashProvidedByUsedInInvestingActivitiesContinuingOperations,us-gaap_PaymentsToAcquirePropertyPlantAndEquipment,-1.0
2969,0000002969-20-000035,2020-07-23T16:39:29.000Z,10-Q,http://www.airproducts.com/role/ConsolidatedStatementsofCashFlowsUnaudited,us-gaap_NetCashProvidedByUsedInInvestingActivities,us-gaap_PaymentsToAcquirePropertyPlantAndEquipment,-1.0
2969,0000002969-20-000019,2020-04-23T16:19:50.000Z,10-Q,http://www.airproducts.com/role/ConsolidatedStatementsOfCashFlowsUnaudited,us-gaap_NetCashProvidedByUsedInInvestingActivities,us-gaap_PaymentsToAcquirePropertyPlantAndEquipment,-1
2969,0000002969-20-000010,2020-01-24T17:25:43.000Z,10-Q,http://www.airproducts.com/role/ConsolidatedStatementsOfCashFlowsUnaudited,us-gaap_NetCashProvidedByUsedInInvestingActivities,us-gaap_PaymentsToAcquirePropertyPlantAndEquipment,-1
2969,0000002969-19-000051,2019-11-26T18:55:27.000Z,10-K,http://www.airproducts.com/role/ConsolidatedStatementsOfCashFlows,us-gaap_NetCashProvidedByUsedInInvestingActivitiesContinuingOperations,us-gaap_PaymentsToAcquirePropertyPlantAndEquipment,-1
2969,0000002969-19-000042,2019-07-25T17:01:31.000Z,10-Q,http://www.airproducts.com/role/ConsolidatedStatementsOfCashFlowsUnaudited,us-gaap_NetCashProvidedByUsedInInvestingActivitiesContinuingOperations,us-gaap_PaymentsToAcquirePropertyPlantAndEquipment,-1
2969,0000002969-19-000029,2019-04-24T17:03:37.000Z,10-Q,http://www.airproducts.com/role/ConsolidatedStatementsOfCashFlowsUnaudited,us-gaap_NetCashProvidedByUsedInInvestingActivitiesContinuingOperations,us-gaap_PaymentsToAcquirePropertyPlantAndEquipment,-1
2969,0000002969-19-000014,2019-01-25T18:51:25.000Z,10-Q,http://www.airproducts.com/role/ConsolidatedStatementsOfCashFlowsUnaudited,us-gaap_NetCashProvidedByUsedInInvestingActivitiesContinuingOperations,us-gaap_PaymentsToAcquirePropertyPlantAndEquipment,-1
2969,0000002969-18-000044,2018-11-20T19:47:42.000Z,10-K,http://www.airproducts.com/role/ConsolidatedStatementsOfCashFlows,us-gaap_NetCashProvidedByUsedInInvestingActivitiesContinuingOperations,us-gaap_PaymentsToAcquirePropertyPlantAndEquipment,-1
2969,0000002969-18-000034,2018-07-26T19:24:52.000Z,10-Q,http://www.airproducts.com/role/ConsolidatedStatementsOfCashFlowsUnaudited,us-gaap_NetCashProvidedByUsedInInvestingActivitiesContinuingOperations,us-gaap_PaymentsToAcquirePropertyPlantAndEquipment,-1
4127,0000004127-20-000058,2020-11-17T01:05:07.000Z,10-K,http://www.skyworksinc.com/role/ConsolidatedStatementsOfCashFlows,us-gaap_NetCashProvidedByUsedInInvestingActivities,us-gaap_PaymentsToAcquirePropertyPlantAndEquipment,-1.0
4127,0000004127-20-000046,2020-07-23T21:35:52.000Z,10-Q,http://skyworksinc.com/role/ConsolidatedStatementsOfCashFlows,us-gaap_NetCashProvidedByUsedInInvestingActivities,us-gaap_PaymentsToAcquirePropertyPlantAndEquipment,-1.0
4127,0000004127-20-000027,2020-05-04T21:34:38.000Z,10-Q,http://skyworksinc.com/role/ConsolidatedStatementsOfCashFlows,us-gaap_NetCashProvidedByUsedInInvestingActivities,us-gaap_PaymentsToAcquirePropertyPlantAndEquipment,-1
4904,0000004904-22-000093,2022-10-27T11:14:24.000Z,10-Q,http://www.aep.com/role/CondensedConsolidatedStatementsofCashFlows,us-gaap_NetCashProvidedByUsedInInvestingActivities,us-gaap_PaymentsToAcquirePropertyPlantAndEquipment,-1.0
4904,0000004904-22-000074,2022-07-27T11:07:34.000Z,10-Q,http://www.aep.com/role/CondensedConsolidatedStatementsofCashFlows,us-gaap_NetCashProvidedByUsedInInvestingActivities,us-gaap_PaymentsToAcquirePropertyPlantAndEquipment,-1.0
4904,0000004904-22-000053,2022-04-28T11:07:58.000Z,10-Q,http://www.aep.com/role/CondensedConsolidatedStatementsofCashFlows,us-gaap_NetCashProvidedByUsedInInvestingActivities,us-gaap_PaymentsToAcquirePropertyPlantAndEquipment,-1.0
4904,0000004904-22-000024,2022-02-24T12:46:11.000Z,10-K,http://aep.com/role/ConsolidatedStatementsofCashFlows,us-gaap_NetCashProvidedByUsedInInvestingActivities,us-gaap_PaymentsToAcquirePropertyPlantAndEquipment,-1.0
4904,0000004904-21-000069,2021-10-28T11:52:00.000Z,10-Q,http://www.aep.com/role/CondensedConsolidatedStatementsofCashFlows,us-gaap_NetCashProvidedByUsedInInvestingActivities,us-gaap_PaymentsToAcquirePropertyPlantAndEquipment,-1.0
4904,0000004904-21-000052,2021-07-22T11:40:57.000Z,10-Q,http://www.aep.com/role/CondensedConsolidatedStatementsofCashFlows,us-gaap_NetCashProvidedByUsedInInvestingActivities,us-gaap_PaymentsToAcquirePropertyPlantAndEquipment,-1.0
4904,0000004904-21-000033,2021-04-22T12:10:34.000Z,10-Q,http://www.aep.com/role/CondensedConsolidatedStatementsofCashFlows,us-gaap_NetCashProvidedByUsedInInvestingActivities,us-gaap_PaymentsToAcquirePropertyPlantAndEquipment,-1.0
4904,0000004904-21-000010,2021-02-25T13:27:36.000Z,10-K,http://aep.com/role/ConsolidatedStatementsofCashFlows,us-gaap_NetCashProvidedByUsedInInvestingActivities,us-gaap_PaymentsToAcquirePropertyPlantAndEquipment,-1.0
4904,0000004904-20-000084,2020-10-22T11:06:18.000Z,10-Q,http://www.aep.com/role/CondensedConsolidatedStatementsofCashFlows,us-gaap_NetCashProvidedByUsedInInvestingActivities,us-gaap_PaymentsToAcquirePropertyPlantAndEquipment,-1.0
4904,0000004904-20-000062,2020-08-06T11:16:52.000Z,10-Q,http://www.aep.com/role/CondensedConsolidatedStatementsofCashFlows,us-gaap_NetCashProvidedByUsedInInvestingActivities,us-gaap_PaymentsToAcquirePropertyPlantAndEquipment,-1.0
4904,0000004904-20-000046,2020-05-06T11:19:05.000Z,10-Q,http://www.aep.com/role/CondensedConsolidatedStatementsOfCashFlows,us-gaap_NetCashProvidedByUsedInInvestingActivities,us-gaap_PaymentsToAcquirePropertyPlantAndEquipment,-1
4904,0000004904-20-000007,2020-02-20T13:52:40.000Z,10-K,http://aep.com/role/ConsolidatedStatementsOfCashFlows,us-gaap_NetCashProvidedByUsedInInvestingActivities,us-gaap_PaymentsToAcquirePropertyPlantAndEquipment,-1
4904,0000004904-19-000050,2019-10-24T17:41:51.000Z,10-Q,http://www.aep.com/role/CondensedConsolidatedStatementsOfCashFlows,us-gaap_NetCashProvidedByUsedInInvestingActivities,us-gaap_PaymentsToAcquirePropertyPlantAndEquipment,-1
6845,0000006845-20-000008,2020-04-24T19:09:48.000Z,10-K,http://www.apog.com/role/ConsolidatedStatementsOfCashFlows,us-gaap_NetCashProvidedByUsedInInvestingActivities,us-gaap_PaymentsToAcquirePropertyPlantAndEquipment,-1
6845,0000006845-20-000002,2020-01-09T19:05:52.000Z,10-Q,http://www.apog.com/role/ConsolidatedStatementsOfCashFlowsUnaudited,us-gaap_NetCashProvidedByUsedInInvestingActivities,us-gaap_PaymentsToAcquirePropertyPlantAndEquipment,-1
6845,0000006845-19-000028,2019-10-03T20:24:14.000Z,10-Q,http://www.apog.com/role/ConsolidatedStatementsOfCashFlowsUnaudited,us-gaap_NetCashProvidedByUsedInInvestingActivities,us-gaap_PaymentsToAcquirePropertyPlantAndEquipment,-1
6845,0000006845-19-000022,2019-07-11T16:13:38.000Z,10-Q,http://www.apog.com/role/ConsolidatedStatementsOfCashFlowsUnaudited,us-gaap_NetCashProvidedByUsedInInvestingActivities,us-gaap_PaymentsToAcquirePropertyPlantAndEquipment,-1
6845,0000006845-19-000012,2019-04-26T16:32:30.000Z,10-K,http://www.apog.com/role/ConsolidatedStatementsOfCashFlows,us-gaap_NetCashProvidedByUsedInInvestingActivities,us-gaap_PaymentsToAcquirePropertyPlantAndEquipment,-1
6845,0000006845-19-000005,2019-01-10T17:59:20.000Z,10-Q,http://www.apog.com/role/ConsolidatedStatementsOfCashFlowsUnaudited,us-gaap_NetCashProvidedByUsedInInvestingActivities,us-gaap_PaymentsToAcquirePropertyPlantAndEquipment,-1
6845,0000006845-18-000021,2018-10-09T19:52:39.000Z,10-Q,http://www.apog.com/role/ConsolidatedStatementsOfCashFlowsUnaudited,us-gaap_NetCashProvidedByUsedInInvestingActivities,us-gaap_PaymentsToAcquirePropertyPlantAndEquipment,-1
6845,0000006845-18-000014,2018-07-12T19:13:02.000Z,10-Q,http://www.apog.com/role/ConsolidatedStatementsOfCashFlowsUnaudited,us-gaap_NetCashProvidedByUsedInInvestingActivities,us-gaap_PaymentsToAcquirePropertyPlantAndEquipment,-1
6845,0000006845-18-000009,2018-04-30T18:41:12.000Z,10-K,http://www.apog.com/role/ConsolidatedStatementsOfCashFlows,us-gaap_NetCashProvidedByUsedInInvestingActivities,us-gaap_PaymentsToAcquirePropertyPlantAndEquipment,-1
6845,0000006845-18-000002,2018-01-11T16:42:42.000Z,10-Q,http://www.apog.com/role/ConsolidatedStatementsOfCashFlowsUnaudited,us-gaap_NetCashProvidedByUsedInInvestingActivities,us-gaap_PaymentsToAcquirePropertyPlantAndEquipment,-1
8818,0001104659-20-118512,2020-10-27T18:57:01.000Z,10-Q,http://www.averydennison.com/role/StatementCondensedConsolidatedStatementsOfCashFlows,us-gaap_NetCashProvidedByUsedInInvestingActivities,us-gaap_PaymentsToAcquirePropertyPlantAndEquipment,-1
8818,0001104659-20-087341,2020-07-28T20:19:29.000Z,10-Q,http://www.averydennison.com/role/StatementCondensedConsolidatedStatementsOfCashFlows,us-gaap_NetCashProvidedByUsedInInvestingActivities,us-gaap_PaymentsToAcquirePropertyPlantAndEquipment,-1
8818,0001104659-20-055617,2020-05-01T20:52:56.000Z,10-Q,http://www.averydennison.com/role/StatementCondensedConsolidatedStatementsOfCashFlows,us-gaap_NetCashProvidedByUsedInInvestingActivities,us-gaap_PaymentsToAcquirePropertyPlantAndEquipment,-1
8818,0001104659-20-025360,2020-02-26T21:02:37.000Z,10-K,http://www.averydennison.com/role/StatementConsolidatedStatementsOfCashFlows,us-gaap_NetCashProvidedByUsedInInvestingActivities,us-gaap_PaymentsToAcquirePropertyPlantAndEquipment,-1
8818,0001104659-19-057234,2019-10-29T19:01:35.000Z,10-Q,http://www.averydennison.com/role/StatementCondensedConsolidatedStatementsOfCashFlows,us-gaap_NetCashProvidedByUsedInInvestingActivities,us-gaap_PaymentsToAcquirePropertyPlantAndEquipment,-1
8818,0001410578-19-000582,2019-07-30T20:39:19.000Z,10-Q,http://www.averydennison.com/role/StatementCondensedConsolidatedStatementsOfCashFlows,us-gaap_NetCashProvidedByUsedInInvestingActivities,us-gaap_PaymentsToAcquirePropertyPlantAndEquipment,-1
8818,0001104659-19-025335,2019-04-30T20:30:09.000Z,10-Q,http://www.averydennison.com/role/StatementCondensedConsolidatedStatementsOfCashFlows,us-gaap_NetCashProvidedByUsedInInvestingActivities,us-gaap_PaymentsToAcquirePropertyPlantAndEquipment,-1
8818,0001047469-19-000747,2019-02-27T21:13:31.000Z,10-K,http://www.averydennison.com/role/StatementConsolidatedStatementsOfCashFlows,us-gaap_NetCashProvidedByUsedInInvestingActivities,us-gaap_PaymentsToAcquirePropertyPlantAndEquipment,-1
8818,0001104659-18-064689,2018-10-30T21:00:08.000Z,10-Q,http://www.averydennison.com/role/StatementCondensedConsolidatedStatementsOfCashFlows,us-gaap_NetCashProvidedByUsedInInvestingActivities,us-gaap_PaymentsToAcquirePropertyPlantAndEquipment,-1
8818,0001104659-18-048389,2018-07-31T19:45:45.000Z,10-Q,http://www.averydennison.com/role/StatementCondensedConsolidatedStatementsOfCashFlows,us-gaap_NetCashProvidedByUsedInInvestingActivities,us-gaap_PaymentsToAcquirePropertyPlantAndEquipment,-1
8818,0001104659-18-029350,2018-05-01T20:01:41.000Z,10-Q,http://www.averydennison.com/role/StatementCondensedConsolidatedStatementsOfCashFlows,us-gaap_NetCashProvidedByUsedInInvestingActivities,us-gaap_PaymentsToAcquirePropertyPlantAndEquipment,-1
8818,0001047469-18-000931,2018-02-21T22:19:35.000Z,10-K,http://www.averydennison.com/role/StatementConsolidatedStatementsOfCashFlows,us-gaap_NetCashProvidedByUsedInInvestingActivities,us-gaap_PaymentsToAcquirePropertyPlantAndEquipment,-1
8947,0000008947-22-000169,2022-10-11T10:17:16.000Z,10-Q,http://www.azz.com/role/CondensedConsolidatedStatementsofCashFlowsUnaudited,us-gaap_NetCashProvidedByUsedInInvestingActivitiesContinuingOperations,us-gaap_PaymentsToAcquirePropertyPlantAndEquipment,-1.0
8947,0000008947-22-000132,2022-07-11T10:21:18.000Z,10-Q,http://www.azz.com/role/CondensedConsolidatedStatementsofCashFlowsUnaudited,us-gaap_NetCashProvidedByUsedInInvestingActivities,us-gaap_PaymentsToAcquirePropertyPlantAndEquipment,-1.0
8947,0000008947-22-000034,2022-04-22T10:13:48.000Z,10-K,http://www.azz.com/role/ConsolidatedStatementsofCashFlows,us-gaap_NetCashProvidedByUsedInInvestingActivities,us-gaap_PaymentsToAcquirePropertyPlantAndEquipment,-1.0
8947,0000008947-22-000009,2022-01-10T11:19:13.000Z,10-Q,http://www.azz.com/role/CondensedConsolidatedStatementsofCashFlowsUnaudited,us-gaap_NetCashProvidedByUsedInInvestingActivities,us-gaap_PaymentsToAcquirePropertyPlantAndEquipment,-1.0
8947,0000008947-21-000181,2021-10-12T10:13:38.000Z,10-Q,http://www.azz.com/role/CondensedConsolidatedStatementsofCashFlowsUnaudited,us-gaap_NetCashProvidedByUsedInInvestingActivities,us-gaap_PaymentsToAcquirePropertyPlantAndEquipment,-1.0
8947,0000008947-21-000146,2021-07-09T10:23:48.000Z,10-Q,http://www.azz.com/role/CondensedConsolidatedStatementsofCashFlowsUnaudited,us-gaap_NetCashProvidedByUsedInInvestingActivities,us-gaap_PaymentsToAcquirePropertyPlantAndEquipment,-1.0
8947,0000008947-21-000052,2021-04-23T10:20:22.000Z,10-K,http://www.azz.com/role/ConsolidatedStatementsofCashFlows,us-gaap_NetCashProvidedByUsedInInvestingActivities,us-gaap_PaymentsToAcquirePropertyPlantAndEquipment,-1.0
8947,0000008947-21-000015,2021-01-11T11:17:05.000Z,10-Q,http://www.azz.com/role/CondensedConsolidatedStatementsofCashFlowsUnaudited,us-gaap_NetCashProvidedByUsedInInvestingActivities,us-gaap_PaymentsToAcquirePropertyPlantAndEquipment,-1.0
8947,0000008947-20-000190,2020-10-13T10:08:34.000Z,10-Q,http://www.azz.com/role/CondensedConsolidatedStatementsofCashFlowsUnaudited,us-gaap_NetCashProvidedByUsedInInvestingActivities,us-gaap_PaymentsToAcquirePropertyPlantAndEquipment,-1.0
9326,0001628280-19-009794,2019-08-01T20:54:33.000Z,10-Q,http://balchem.com/role/CondensedConsolidatedStatementsOfCashFlows,us-gaap_NetCashProvidedByUsedInInvestingActivities,us-gaap_PaymentsToAcquirePropertyPlantAndEquipment,-1
9326,0001628280-19-005818,2019-05-03T20:11:23.000Z,10-Q,http://balchem.com/role/CondensedConsolidatedStatementsOfCashFlows,us-gaap_NetCashProvidedByUsedInInvestingActivities,us-gaap_PaymentsToAcquirePropertyPlantAndEquipment,-1
9326,0001628280-19-002288,2019-02-28T21:53:31.000Z,10-K,http://balchem.com/role/ConsolidatedStatementsOfCashFlows,us-gaap_NetCashProvidedByUsedInInvestingActivities,us-gaap_PaymentsToAcquirePropertyPlantAndEquipment,-1
9326,0001140361-18-042503,2018-11-06T20:46:58.000Z,10-Q,http://balchem.com/role/CondensedConsolidatedStatementsOfCashFlowsUnaudited,us-gaap_NetCashProvidedByUsedInInvestingActivities,us-gaap_PaymentsToAcquirePropertyPlantAndEquipment,-1.0
9326,0001140361-18-035366,2018-08-03T19:39:09.000Z,10-Q,http://balchem.com/role/CondensedConsolidatedStatementsOfCashFlowsUnaudited,us-gaap_NetCashProvidedByUsedInInvestingActivities,us-gaap_PaymentsToAcquirePropertyPlantAndEquipment,-1.0
9326,0001140361-18-021741,2018-05-04T19:53:15.000Z,10-Q,http://balchem.com/role/CondensedConsolidatedStatementsOfCashFlowsUnaudited,us-gaap_NetCashProvidedByUsedInInvestingActivities,us-gaap_PaymentsToAcquirePropertyPlantAndEquipment,-1.0
9326,0001140361-18-011267,2018-03-01T21:52:03.000Z,10-K,http://balchem.com/role/ConsolidatedStatementsOfCashFlows,us-gaap_NetCashProvidedByUsedInInvestingActivities,us-gaap_PaymentsToAcquirePropertyPlantAndEquipment,-1.0
9326,0001140361-17-041381,2017-11-07T21:16:18.000Z,10-Q,http://balchem.com/role/CondensedConsolidatedStatementsOfCashFlowsUnaudited,us-gaap_NetCashProvidedByUsedInInvestingActivities,us-gaap_PaymentsToAcquirePropertyPlantAndEquipment,-1.0
10795,0001628280-22-030686,2022-11-22T21:58:28.000Z,10-K,http://www.bd.com/role/ConsolidatedStatementsofCashFlows,us-gaap_NetCashProvidedByUsedInInvestingActivitiesContinuingOperations,us-gaap_PaymentsToAcquirePropertyPlantAndEquipment,-1.0
10795,0000010795-22-000052,2022-08-04T16:58:06.000Z,10-Q,http://www.bd.com/role/CondensedConsolidatedStatementsofCashFlows,us-gaap_NetCashProvidedByUsedInInvestingActivitiesContinuingOperations,us-gaap_PaymentsToAcquirePropertyPlantAndEquipment,-1.0
10795,0000010795-22-000040,2022-05-05T15:57:01.000Z,10-Q,http://www.bd.com/role/CondensedConsolidatedStatementsofCashFlows,us-gaap_NetCashProvidedByUsedInInvestingActivities,us-gaap_PaymentsToAcquirePropertyPlantAndEquipment,-1.0
10795,0000010795-22-000017,2022-02-03T16:38:21.000Z,10-Q,http://www.bd.com/role/CondensedConsolidatedStatementsofCashFlows,us-gaap_NetCashProvidedByUsedInInvestingActivities,us-gaap_PaymentsToAcquirePropertyPlantAndEquipment,-1.0
10795,0000010795-21-000091,2021-11-24T19:57:19.000Z,10-K,http://www.bd.com/role/ConsolidatedStatementsofCashFlows,us-gaap_NetCashProvidedByUsedInInvestingActivities,us-gaap_PaymentsToAcquirePropertyPlantAndEquipment,-1.0
10795,0000010795-21-000057,2021-08-05T18:50:17.000Z,10-Q,http://www.bd.com/role/CondensedConsolidatedStatementsofCashFlows,us-gaap_NetCashProvidedByUsedInInvestingActivities,us-gaap_PaymentsToAcquirePropertyPlantAndEquipment,-1.0
10795,0000010795-21-000046,2021-05-06T17:08:57.000Z,10-Q,http://www.bd.com/role/CondensedConsolidatedStatementsofCashFlows,us-gaap_NetCashProvidedByUsedInInvestingActivities,us-gaap_PaymentsToAcquirePropertyPlantAndEquipment,-1.0
10795,0000010795-21-000029,2021-02-04T21:09:58.000Z,10-Q,http://www.bd.com/role/CondensedConsolidatedStatementsofCashFlows,us-gaap_NetCashProvidedByUsedInInvestingActivities,us-gaap_PaymentsToAcquirePropertyPlantAndEquipment,-1.0
10795,0000010795-20-000055,2020-11-25T19:21:41.000Z,10-K,http://www.bd.com/role/ConsolidatedStatementsofCashFlows,us-gaap_NetCashProvidedByUsedInInvestingActivities,us-gaap_PaymentsToAcquirePropertyPlantAndEquipment,-1.0
10795,0000010795-20-000027,2020-08-06T19:25:43.000Z,10-Q,http://www.bd.com/role/CondensedConsolidatedStatementsofCashFlows,us-gaap_NetCashProvidedByUsedInInvestingActivities,us-gaap_PaymentsToAcquirePropertyPlantAndEquipment,-1.0
10795,0000010795-20-000019,2020-05-07T17:24:44.000Z,10-Q,http://www.bd.com/role/CondensedConsolidatedStatementsOfCashFlows,us-gaap_NetCashProvidedByUsedInInvestingActivities,us-gaap_PaymentsToAcquirePropertyPlantAndEquipment,-1
12659,0001838862-22-000016,2022-05-10T20:37:42.000Z,10-Q,http://www.hrblock.com/role/CONSOLIDATEDSTATEMENTSOFCASHFLOWS,us-gaap_NetCashProvidedByUsedInInvestingActivities,us-gaap_PaymentsToAcquirePropertyPlantAndEquipment,-1.0
12659,0001838862-22-000008,2022-02-04T21:06:26.000Z,10-Q,http://www.hrblock.com/role/CONSOLIDATEDSTATEMENTSOFCASHFLOWS,us-gaap_NetCashProvidedByUsedInInvestingActivities,us-gaap_PaymentsToAcquirePropertyPlantAndEquipment,-1.0
12659,0001838862-21-000049,2021-11-04T21:16:46.000Z,10-Q,http://www.hrblock.com/role/CONSOLIDATEDSTATEMENTSOFCASHFLOWS,us-gaap_NetCashProvidedByUsedInInvestingActivities,us-gaap_PaymentsToAcquirePropertyPlantAndEquipment,-1.0
12659,0001838862-21-000028,2021-06-15T21:16:29.000Z,10-K,http://www.hrblock.com/role/ConsolidatedStatementsOfCashFlows,us-gaap_NetCashProvidedByUsedInInvestingActivities,us-gaap_PaymentsToAcquirePropertyPlantAndEquipment,-1.0
12659,0001838862-21-000009,2021-03-09T22:21:22.000Z,10-Q,http://www.hrblock.com/role/CONSOLIDATEDSTATEMENTSOFCASHFLOWS,us-gaap_NetCashProvidedByUsedInInvestingActivities,us-gaap_PaymentsToAcquirePropertyPlantAndEquipment,-1.0
12659,0001574842-20-000046,2020-12-08T22:03:39.000Z,10-Q,http://www.hrblock.com/role/CONSOLIDATEDSTATEMENTSOFCASHFLOWS,us-gaap_NetCashProvidedByUsedInInvestingActivities,us-gaap_PaymentsToAcquirePropertyPlantAndEquipment,-1.0
12659,0001574842-20-000033,2020-09-03T21:06:06.000Z,10-Q,http://www.hrblock.com/role/ConsolidatedStatementsOfCashFlows,us-gaap_NetCashProvidedByUsedInInvestingActivities,us-gaap_PaymentsToAcquirePropertyPlantAndEquipment,-1
12659,0001574842-20-000021,2020-06-16T22:23:12.000Z,10-K,http://www.hrblock.com/role/ConsolidatedStatementsOfCashFlows,us-gaap_NetCashProvidedByUsedInInvestingActivities,us-gaap_PaymentsToAcquirePropertyPlantAndEquipment,-1
12659,0001574842-20-000013,2020-03-09T20:45:05.000Z,10-Q,http://www.hrblock.com/role/CondensedConsolidatingFinancialStatementsCashFlowsDetails,us-gaap_NetCashProvidedByUsedInInvestingActivities,us-gaap_PaymentsToAcquirePropertyPlantAndEquipment,-1
12659,0001574842-19-000041,2019-12-06T22:25:04.000Z,10-Q,http://www.hrblock.com/role/CondensedConsolidatingFinancialStatementsCashFlowsDetails,us-gaap_NetCashProvidedByUsedInInvestingActivities,us-gaap_PaymentsToAcquirePropertyPlantAndEquipment,-1
12659,0001574842-19-000031,2019-09-06T20:29:07.000Z,10-Q,http://www.hrblock.com/role/CondensedConsolidatingFinancialStatementsCashFlowsDetails,us-gaap_NetCashProvidedByUsedInInvestingActivities,us-gaap_PaymentsToAcquirePropertyPlantAndEquipment,-1
18230,0000018230-20-000297,2020-11-04T15:29:05.000Z,10-Q,http://www.cat.com/role/ConsolidatedStatementofCashFlow,us-gaap_NetCashProvidedByUsedInInvestingActivities,us-gaap_PaymentsToAcquirePropertyPlantAndEquipment,-1.0
18230,0000018230-20-000214,2020-08-05T14:50:24.000Z,10-Q,http://www.cat.com/role/ConsolidatedStatementOfCashFlow,us-gaap_NetCashProvidedByUsedInInvestingActivities,us-gaap_PaymentsToAcquirePropertyPlantAndEquipment,-1
18230,0000018230-20-000155,2020-05-06T17:09:58.000Z,10-Q,http://www.cat.com/role/ConsolidatedStatementOfCashFlow,us-gaap_NetCashProvidedByUsedInInvestingActivities,us-gaap_PaymentsToAcquirePropertyPlantAndEquipment,-1
20212,0000020212-19-000057,2019-10-30T21:11:50.000Z,10-Q,http://www.churchilldowns.com/role/CondensedConsolidatedStatementsofCashFlows,us-gaap_NetCashProvidedByUsedInInvestingActivities,us-gaap_PaymentsToAcquirePropertyPlantAndEquipment,-1.0
20212,0000020212-19-000037,2019-07-31T20:30:09.000Z,10-Q,http://www.churchilldowns.com/role/CondensedConsolidatedStatementsOfCashFlows,us-gaap_NetCashProvidedByUsedInInvestingActivities,us-gaap_PaymentsToAcquirePropertyPlantAndEquipment,-1
20212,0000020212-19-000029,2019-04-24T21:27:10.000Z,10-Q,http://www.churchilldowns.com/role/CondensedConsolidatedStatementsOfCashFlows,us-gaap_NetCashProvidedByUsedInInvestingActivities,us-gaap_PaymentsToAcquirePropertyPlantAndEquipment,-1
20212,0000020212-19-000012,2019-02-27T21:45:00.000Z,10-K,http://www.churchilldowns.com/role/ConsolidatedStatementsOfCashFlows,us-gaap_NetCashProvidedByUsedInInvestingActivities,us-gaap_PaymentsToAcquirePropertyPlantAndEquipment,-1
20212,0000020212-18-000042,2018-10-31T21:31:00.000Z,10-Q,http://www.churchilldowns.com/role/CondensedConsolidatedStatementsOfCashFlows,us-gaap_NetCashProvidedByUsedInInvestingActivities,us-gaap_PaymentsToAcquirePropertyPlantAndEquipment,-1
20212,0000020212-18-000033,2018-08-01T20:51:57.000Z,10-Q,http://www.churchilldowns.com/role/CondensedConsolidatedStatementsOfCashFlows,us-gaap_NetCashProvidedByUsedInInvestingActivities,us-gaap_PaymentsToAcquirePropertyPlantAndEquipment,-1
20212,0000020212-18-000016,2018-04-25T20:48:46.000Z,10-Q,http://www.churchilldowns.com/role/CondensedConsolidatedStatementsOfCashFlows,us-gaap_NetCashProvidedByUsedInInvestingActivities,us-gaap_PaymentsToAcquirePropertyPlantAndEquipment,-1
20212,0000020212-18-000010,2018-02-28T22:11:44.000Z,10-K,http://www.churchilldowns.com/role/ConsolidatedStatementsOfCashFlows,us-gaap_NetCashProvidedByUsedInInvestingActivities,us-gaap_PaymentsToAcquirePropertyPlantAndEquipment,-1
20212,0000020212-17-000042,2017-11-01T21:07:59.000Z,10-Q,http://www.churchilldowns.com/role/CondensedConsolidatedStatementsOfCashFlows,us-gaap_NetCashProvidedByUsedInInvestingActivities,us-gaap_PaymentsToAcquirePropertyPlantAndEquipment,-1
21344,0000021344-20-000014,2020-04-24T17:58:01.000Z,10-Q,http://www.thecocacolacompany.com/role/CondensedConsolidatedStatementsOfCashFlows,us-gaap_NetCashProvidedByUsedInInvestingActivities,us-gaap_PaymentsToAcquirePropertyPlantAndEquipment,-1
21344,0000021344-20-000006,2020-02-24T21:08:17.000Z,10-K,http://www.thecocacolacompany.com/role/ConsolidatedStatementsOfCashFlows,us-gaap_NetCashProvidedByUsedInInvestingActivities,us-gaap_PaymentsToAcquirePropertyPlantAndEquipment,-1
21344,0000021344-19-000042,2019-10-24T19:19:15.000Z,10-Q,http://www.thecocacolacompany.com/role/CondensedConsolidatedStatementsOfCashFlows,us-gaap_NetCashProvidedByUsedInInvestingActivities,us-gaap_PaymentsToAcquirePropertyPlantAndEquipment,-1
21344,0000021344-19-000034,2019-07-25T20:09:30.000Z,10-Q,http://www.thecocacolacompany.com/role/CondensedConsolidatedStatementsOfCashFlows,us-gaap_NetCashProvidedByUsedInInvestingActivitiesContinuingOperations,us-gaap_PaymentsToAcquirePropertyPlantAndEquipment,-1
21344,0000021344-19-000014,2019-02-21T21:55:42.000Z,10-K,http://www.thecocacolacompany.com/role/ConsolidatedStatementsOfCashFlows,us-gaap_NetCashProvidedByUsedInInvestingActivities,us-gaap_PaymentsToAcquirePropertyPlantAndEquipment,-1
23194,0000023194-22-000041,2022-11-03T18:57:36.000Z,10-Q,http://www.comstockresources.com/role/CONSOLIDATEDSTATEMENTSOFCASHFLOWSUnaudited,us-gaap_NetCashProvidedByUsedInInvestingActivities,crk_PaymentsToAcquirePropertyPlantAndEquipmentAndBusinesses,-1.0
23194,0000023194-22-000033,2022-08-04T20:14:27.000Z,10-Q,http://www.comstockresources.com/role/CONSOLIDATEDSTATEMENTSOFCASHFLOWSUnaudited,us-gaap_NetCashProvidedByUsedInInvestingActivities,us-gaap_PaymentsToAcquirePropertyPlantAndEquipment,-1.0
23194,0000023194-22-000023,2022-05-05T15:44:27.000Z,10-Q,http://www.comstockresources.com/role/CONSOLIDATEDSTATEMENTSOFCASHFLOWSUnaudited,us-gaap_NetCashProvidedByUsedInInvestingActivities,us-gaap_PaymentsToAcquirePropertyPlantAndEquipment,-1.0
23194,0000023194-22-000011,2022-02-17T20:41:05.000Z,10-K,http://www.comstockresources.com/role/CONSOLIDATEDSTATEMENTSOFCASHFLOWS,us-gaap_NetCashProvidedByUsedInInvestingActivities,us-gaap_PaymentsToAcquirePropertyPlantAndEquipment,-1.0
23194,0000023194-21-000077,2021-11-04T18:43:55.000Z,10-Q,http://www.comstockresources.com/role/CONSOLIDATEDSTATEMENTSOFCASHFLOWSUnaudited,us-gaap_NetCashProvidedByUsedInInvestingActivities,us-gaap_PaymentsToAcquirePropertyPlantAndEquipment,-1.0
23194,0000023194-21-000067,2021-08-05T18:02:38.000Z,10-Q,http://www.comstockresources.com/role/CONSOLIDATEDSTATEMENTSOFCASHFLOWSUnaudited,us-gaap_NetCashProvidedByUsedInInvestingActivities,us-gaap_PaymentsToAcquirePropertyPlantAndEquipment,-1.0
23194,0000023194-21-000043,2021-05-06T15:32:04.000Z,10-Q,http://www.comstockresources.com/role/CONSOLIDATEDSTATEMENTSOFCASHFLOWSUnaudited,us-gaap_NetCashProvidedByUsedInInvestingActivities,us-gaap_PaymentsToAcquirePropertyPlantAndEquipment,-1.0
23194,0000023194-21-000015,2021-02-17T21:19:15.000Z,10-K,http://www.comstockresources.com/role/CONSOLIDATEDSTATEMENTSOFCASHFLOWS,us-gaap_NetCashProvidedByUsedInInvestingActivities,us-gaap_PaymentsToAcquirePropertyPlantAndEquipment,-1.0
23194,0000023194-20-000006,2020-11-05T20:07:22.000Z,10-Q,http://www.comstockresources.com/role/CONSOLIDATEDSTATEMENTSOFCASHFLOWSUnaudited,us-gaap_NetCashProvidedByUsedInInvestingActivities,us-gaap_PaymentsToAcquirePropertyPlantAndEquipment,-1.0
23194,0001564590-20-037920,2020-08-06T21:58:24.000Z,10-Q,http://www.comstockresources.com/20200630/taxonomy/role/StatementCONSOLIDATEDSTATEMENTSOFCASHFLOWSUnaudited,us-gaap_NetCashProvidedByUsedInInvestingActivities,us-gaap_PaymentsToAcquirePropertyPlantAndEquipment,-1.00
29905,0000029905-21-000045,2021-10-19T10:35:02.000Z,10-Q,http://www.dovercorporation.com/role/CONDENSEDCONSOLIDATEDSTATEMENTSOFCASHFLOWSunaudited,us-gaap_NetCashProvidedByUsedInInvestingActivities,us-gaap_PaymentsToAcquirePropertyPlantAndEquipment,-1.0
29905,0000029905-21-000036,2021-07-20T10:36:08.000Z,10-Q,http://www.dovercorporation.com/role/CONDENSEDCONSOLIDATEDSTATEMENTSOFCASHFLOWSunaudited,us-gaap_NetCashProvidedByUsedInInvestingActivities,us-gaap_PaymentsToAcquirePropertyPlantAndEquipment,-1.0
29905,0000029905-21-000020,2021-04-20T10:35:17.000Z,10-Q,http://www.dovercorporation.com/role/CONDENSEDCONSOLIDATEDSTATEMENTSOFCASHFLOWSunaudited,us-gaap_NetCashProvidedByUsedInInvestingActivities,us-gaap_PaymentsToAcquirePropertyPlantAndEquipment,-1.0
29905,0000029905-21-000010,2021-02-12T21:34:31.000Z,10-K,http://www.dovercorporation.com/role/CONSOLIDATEDSTATEMENTSOFCASHFLOWS,us-gaap_NetCashProvidedByUsedInInvestingActivitiesContinuingOperations,us-gaap_PaymentsToAcquirePropertyPlantAndEquipment,-1.0
29905,0000029905-20-000043,2020-10-20T10:35:52.000Z,10-Q,http://www.dovercorporation.com/role/CONDENSEDCONSOLIDATEDSTATEMENTSOFCASHFLOWSunaudited,us-gaap_NetCashProvidedByUsedInInvestingActivitiesContinuingOperations,us-gaap_PaymentsToAcquirePropertyPlantAndEquipment,-1.0
29905,0000029905-20-000035,2020-07-22T10:40:10.000Z,10-Q,http://www.dovercorporation.com/role/CONDENSEDCONSOLIDATEDSTATEMENTSOFCASHFLOWSunaudited,us-gaap_NetCashProvidedByUsedInInvestingActivitiesContinuingOperations,us-gaap_PaymentsToAcquirePropertyPlantAndEquipment,-1.0
29905,0000029905-20-000018,2020-04-21T10:38:56.000Z,10-Q,http://www.dovercorporation.com/role/CONDENSEDCONSOLIDATEDSTATEMENTSOFCASHFLOWSunaudited,us-gaap_NetCashProvidedByUsedInInvestingActivitiesContinuingOperations,us-gaap_PaymentsToAcquirePropertyPlantAndEquipment,-1.0
29905,0000029905-20-000011,2020-02-14T21:35:38.000Z,10-K,http://www.dovercorporation.com/role/CONSOLIDATEDSTATEMENTSOFCASHFLOWS,us-gaap_NetCashProvidedByUsedInInvestingActivitiesContinuingOperations,us-gaap_PaymentsToAcquirePropertyPlantAndEquipment,-1.0
29905,0000029905-19-000057,2019-10-17T10:55:10.000Z,10-Q,http://www.dovercorporation.com/role/CONDENSEDCONSOLIDATEDSTATEMENTSOFCASHFLOWSunaudited,us-gaap_NetCashProvidedByUsedInInvestingActivitiesContinuingOperations,us-gaap_PaymentsToAcquirePropertyPlantAndEquipment,-1.0
29905,0000029905-19-000050,2019-07-18T10:53:22.000Z,10-Q,http://www.dovercorporation.com/role/CONDENSEDCONSOLIDATEDSTATEMENTSOFCASHFLOWSunaudited,us-gaap_NetCashProvidedByUsedInInvestingActivitiesContinuingOperations,us-gaap_PaymentsToAcquirePropertyPlantAndEquipment,-1.0
29905,0000029905-19-000029,2019-04-18T11:20:05.000Z,10-Q,http://www.dovercorporation.com/role/CONDENSEDCONSOLIDATEDSTATEMENTSOFCASHFLOWSunaudited,us-gaap_NetCashProvidedByUsedInInvestingActivitiesContinuingOperations,us-gaap_PaymentsToAcquirePropertyPlantAndEquipment,-1.0
29905,0000029905-19-000019,2019-02-15T22:22:29.000Z,10-K,http://wfx.webfilings.com/role/CONSOLIDATEDSTATEMENTSOFCASHFLOWS,us-gaap_NetCashProvidedByUsedInInvestingActivitiesContinuingOperations,us-gaap_PaymentsToAcquirePropertyPlantAndEquipment,-1.0
29905,0000029905-18-000059,2018-10-18T10:53:38.000Z,10-Q,http://www.dovercorporation.com/role/CondensedConsolidatedStatementsOfCashFlowsUnaudited,us-gaap_NetCashProvidedByUsedInInvestingActivitiesContinuingOperations,us-gaap_PaymentsToAcquirePropertyPlantAndEquipment,-1
29905,0000029905-18-000043,2018-07-19T10:49:59.000Z,10-Q,http://www.dovercorporation.com/role/CondensedConsolidatedStatementsOfCashFlowsUnaudited,us-gaap_NetCashProvidedByUsedInInvestingActivitiesContinuingOperations,us-gaap_PaymentsToAcquirePropertyPlantAndEquipment,-1
29905,0000029905-18-000026,2018-04-27T11:02:43.000Z,10-Q,http://www.dovercorporation.com/role/CondensedConsolidatedStatementsOfCashFlowsUnaudited,us-gaap_NetCashProvidedByUsedInInvestingActivitiesContinuingOperations,us-gaap_PaymentsToAcquirePropertyPlantAndEquipment,-1
29905,0000029905-18-000019,2018-02-16T21:18:40.000Z,10-K/A,http://www.dovercorporation.com/role/ConsolidatedStatementsOfCashFlows,us-gaap_NetCashProvidedByUsedInInvestingActivitiesContinuingOperations,us-gaap_PaymentsToAcquirePropertyPlantAndEquipment,-1
29905,0000029905-18-000013,2018-02-09T21:38:48.000Z,10-K,http://www.dovercorporation.com/role/ConsolidatedStatementsOfCashFlows,us-gaap_NetCashProvidedByUsedInInvestingActivitiesContinuingOperations,us-gaap_PaymentsToAcquirePropertyPlantAndEquipment,-1
35214,0001562762-19-000115,2019-04-30T21:35:22.000Z,10-Q,http://www.ferro.com/role/StatementCondensedConsolidatedStatementsOfCashFlows,us-gaap_NetCashProvidedByUsedInInvestingActivities,us-gaap_PaymentsToAcquirePropertyPlantAndEquipment,-1
35214,0001562762-18-000332,2018-11-08T16:45:25.000Z,10-Q,http://www.ferro.com/role/StatementCondensedConsolidatedStatementsOfCashFlows,us-gaap_NetCashProvidedByUsedInInvestingActivities,us-gaap_PaymentsToAcquirePropertyPlantAndEquipment,-1
35214,0001562762-18-000219,2018-07-25T17:00:48.000Z,10-Q,http://www.ferro.com/role/StatementCondensedConsolidatedStatementsOfCashFlows,us-gaap_NetCashProvidedByUsedInInvestingActivities,us-gaap_PaymentsToAcquirePropertyPlantAndEquipment,-1
35214,0001562762-18-000151,2018-05-01T16:25:41.000Z,10-Q,http://www.ferro.com/role/StatementCondensedConsolidatedStatementsOfCashFlows,us-gaap_NetCashProvidedByUsedInInvestingActivities,us-gaap_PaymentsToAcquirePropertyPlantAndEquipment,-1
35214,0001562762-17-000166,2017-11-01T16:57:38.000Z,10-Q,http://www.ferro.com/role/StatementCondensedConsolidatedStatementsOfCashFlows,us-gaap_NetCashProvidedByUsedInInvestingActivitiesContinuingOperations,us-gaap_PaymentsToAcquirePropertyPlantAndEquipment,-1
40211,0000040211-22-000023,2022-02-17T21:15:31.000Z,10-K,http://www.gatx.com/role/ConsolidatedStatementsofCashFlows,gmt_PaymentstoAcquireInvestmentsandPropertyPlantandEquipment,us-gaap_PaymentsToAcquirePropertyPlantAndEquipment,1.0
40211,0000040211-21-000080,2021-07-30T19:09:03.000Z,10-Q,http://www.gatx.com/role/ConsolidatedStatementsofCashFlows,us-gaap_NetCashProvidedByUsedInInvestingActivitiesContinuingOperations,us-gaap_PaymentsToAcquirePropertyPlantAndEquipment,-1.0
40211,0000040211-21-000048,2021-04-29T18:35:47.000Z,10-Q,http://www.gatx.com/role/ConsolidatedStatementsofCashFlows,us-gaap_NetCashProvidedByUsedInInvestingActivitiesContinuingOperations,us-gaap_PaymentsToAcquirePropertyPlantAndEquipment,-1.0
40211,0000040211-21-000018,2021-02-18T17:06:12.000Z,10-K,http://www.gatx.com/role/ConsolidatedStatementsofCashFlows,gmt_PaymentstoAcquireInvestmentsandPropertyPlantandEquipment,us-gaap_PaymentsToAcquirePropertyPlantAndEquipment,1.0
40211,0000040211-20-000097,2020-10-30T21:10:14.000Z,10-Q,http://www.gatx.com/role/ConsolidatedStatementsofCashFlows,us-gaap_NetCashProvidedByUsedInInvestingActivities,us-gaap_PaymentsToAcquirePropertyPlantAndEquipment,-1.0
40211,0000040211-20-000074,2020-08-03T20:29:15.000Z,10-Q,http://www.gatx.com/role/ConsolidatedStatementsOfCashFlows,us-gaap_NetCashProvidedByUsedInInvestingActivities,us-gaap_PaymentsToAcquirePropertyPlantAndEquipment,-1
40211,0000040211-20-000035,2020-05-05T17:54:56.000Z,10-Q,http://www.gatx.com/role/ConsolidatedStatementsOfCashFlows,us-gaap_NetCashProvidedByUsedInInvestingActivities,us-gaap_PaymentsToAcquirePropertyPlantAndEquipment,-1
40211,0000040211-20-000017,2020-02-19T22:05:14.000Z,10-K,http://www.gatx.com/role/ConsolidatedStatementsOfCashFlows,gmt_PaymentstoAcquireInvestmentsandPropertyPlantandEquipment,us-gaap_PaymentsToAcquirePropertyPlantAndEquipment,1
40211,0000040211-19-000075,2019-10-25T19:38:40.000Z,10-Q,http://www.gatx.com/role/ConsolidatedStatementsOfCashFlows,us-gaap_NetCashProvidedByUsedInInvestingActivities,us-gaap_PaymentsToAcquirePropertyPlantAndEquipment,-1
40211,0000040211-19-000062,2019-07-29T18:29:28.000Z,10-Q,http://www.gatx.com/role/ConsolidatedStatementsOfCashFlows,us-gaap_NetCashProvidedByUsedInInvestingActivities,us-gaap_PaymentsToAcquirePropertyPlantAndEquipment,-1
40533,0000040533-20-000029,2020-04-29T15:51:18.000Z,10-Q,http://www.generaldynamics.com/role/ConsolidatedStatementOfCashFlowsUnaudited,us-gaap_NetCashProvidedByUsedInInvestingActivities,us-gaap_PaymentsToAcquirePropertyPlantAndEquipment,-1
40533,0000040533-20-000015,2020-02-10T21:10:04.000Z,10-K,http://www.generaldynamics.com/role/CondensedConsolidatingFinancialStatementsCondensedConsolidatingStatementOfCashFlowsDetails,us-gaap_NetCashProvidedByUsedInInvestingActivities,us-gaap_PaymentsToAcquirePropertyPlantAndEquipment,-1
40533,0000040533-20-000015,2020-02-10T21:10:04.000Z,10-K,http://www.generaldynamics.com/role/ConsolidatedStatementOfCashFlows,us-gaap_NetCashProvidedByUsedInInvestingActivities,us-gaap_PaymentsToAcquirePropertyPlantAndEquipment,-1
40533,0000040533-19-000056,2019-10-23T15:21:41.000Z,10-Q,http://www.generaldynamics.com/role/CondensedConsolidatingFinancialStatementsCondensedConsolidatingStatementsOfCashFlowsUnauditedDetails,us-gaap_NetCashProvidedByUsedInInvestingActivities,us-gaap_PaymentsToAcquirePropertyPlantAndEquipment,-1
40533,0000040533-19-000056,2019-10-23T15:21:41.000Z,10-Q,http://www.generaldynamics.com/role/ConsolidatedStatementOfCashFlowsUnaudited,us-gaap_NetCashProvidedByUsedInInvestingActivities,us-gaap_PaymentsToAcquirePropertyPlantAndEquipment,-1
40987,0000040987-21-000009,2021-02-19T20:52:51.000Z,10-K,http://www.genpt.com/role/ConsolidatedStatementsofCashFlows,us-gaap_NetCashProvidedByUsedInInvestingActivitiesContinuingOperations,us-gaap_PaymentsToAcquirePropertyPlantAndEquipment,-1.0
40987,0000040987-20-000044,2020-10-22T18:58:24.000Z,10-Q,http://www.genpt.com/role/CondensedConsolidatedStatementsofCashFlows,us-gaap_NetCashProvidedByUsedInInvestingActivitiesContinuingOperations,us-gaap_PaymentsToAcquirePropertyPlantAndEquipment,-1.0
40987,0000040987-20-000036,2020-07-30T22:41:09.000Z,10-Q,http://www.genpt.com/role/CondensedConsolidatedStatementsofCashFlows,us-gaap_NetCashProvidedByUsedInInvestingActivitiesContinuingOperations,us-gaap_PaymentsToAcquirePropertyPlantAndEquipment,-1.0
40987,0000040987-20-000025,2020-05-06T19:22:30.000Z,10-Q,http://www.genpt.com/role/CondensedConsolidatedStatementsofCashFlows,us-gaap_NetCashProvidedByUsedInInvestingActivities,us-gaap_PaymentsToAcquirePropertyPlantAndEquipment,-1.0
40987,0000040987-20-000010,2020-02-21T17:58:42.000Z,10-K,http://www.genpt.com/role/ConsolidatedStatementsOfCashFlows,us-gaap_NetCashProvidedByUsedInInvestingActivities,us-gaap_PaymentsToAcquirePropertyPlantAndEquipment,-1
40987,0000040987-19-000055,2019-10-18T16:05:57.000Z,10-Q,http://www.genpt.com/role/CondensedConsolidatedStatementsOfCashFlows,us-gaap_NetCashProvidedByUsedInInvestingActivities,us-gaap_PaymentsToAcquirePropertyPlantAndEquipment,-1
40987,0000040987-19-000034,2019-07-19T17:46:01.000Z,10-Q,http://www.genpt.com/role/CondensedConsolidatedStatementsOfCashFlows,us-gaap_NetCashProvidedByUsedInInvestingActivities,us-gaap_PaymentsToAcquirePropertyPlantAndEquipment,-1
40987,0000040987-19-000023,2019-04-19T17:56:50.000Z,10-Q,http://www.genpt.com/role/CondensedConsolidatedStatementsOfCashFlows,us-gaap_NetCashProvidedByUsedInInvestingActivities,us-gaap_PaymentsToAcquirePropertyPlantAndEquipment,-1
40987,0000040987-19-000015,2019-02-25T12:17:43.000Z,10-K,http://www.genpt.com/role/ConsolidatedStatementsOfCashFlows,us-gaap_NetCashProvidedByUsedInInvestingActivities,us-gaap_PaymentsToAcquirePropertyPlantAndEquipment,-1
40987,0000040987-18-000034,2018-10-22T11:17:48.000Z,10-Q,http://www.genpt.com/role/CondensedConsolidatedStatementsOfCashFlows,us-gaap_NetCashProvidedByUsedInInvestingActivities,us-gaap_PaymentsToAcquirePropertyPlantAndEquipment,-1
40987,0000040987-18-000017,2018-07-25T11:20:35.000Z,10-Q,http://www.genpt.com/role/CondensedConsolidatedStatementsOfCashFlows,us-gaap_NetCashProvidedByUsedInInvestingActivitiesContinuingOperations,us-gaap_PaymentsToAcquirePropertyPlantAndEquipment,-1
40987,0000040987-18-000010,2018-04-26T11:10:26.000Z,10-Q,http://www.genpt.com/role/CondensedConsolidatedStatementsOfCashFlows,us-gaap_NetCashProvidedByUsedInInvestingActivitiesContinuingOperations,us-gaap_PaymentsToAcquirePropertyPlantAndEquipment,-1
