ticker,status,events,error,rate_limit,rate_remaining,rate_window
ABTX,OK,0,,100000,95458,month
ACBA,OK,0,,100000,95454,month
ACBI,OK,0,,100000,95456,month
ACC,OK,0,,100000,95455,month
ACLX,OK,0,,100000,95459,month
AEL,OK,0,,100000,95460,month
AFBI,OK,1,,100000,95452,month
AGR,OK,0,,100000,95453,month
AGS,OK,0,,100000,95448,month
AJRD,OK,0,,100000,95457,month
ALE,OK,2,,100000,95441,month
ALEX,OK,0,,100000,97902,month
ALOT,OK,3,,100000,95450,month
ALSK,OK,0,,100000,97931,month
ALXN,OK,2,,100000,95438,month
AMED,OK,1,,100000,97924,month
AMK,OK,0,,100000,95449,month
AMWD,OK,2,,100000,95447,month
ANAT,OK,0,,100000,95446,month
ANSS,OK,2,,100000,95445,month
APG,OK,1,,100000,95435,month
API,OK,0,,100000,95444,month
APLS,OK,0,,100000,95442,month
ARC,OK,0,,100000,95440,month
AREB,OK,7,,100000,95439,month
ARGO,OK,5,,100000,95434,month
ASRT,OK,2,,100000,95437,month
ATAI,OK,0,,100000,95432,month
ATCX,OK,1,,100000,95431,month
ATVI,OK,6,,100000,95436,month
AVB,OK,0,,100000,95429,month
AVDX,OK,0,,100000,97872,month
AVHI,OK,0,,100000,95428,month
AVID,OK,0,,100000,95433,month
AVLR,OK,0,,100000,97849,month
AVNS,OK,0,,100000,95425,month
AXNX,OK,0,,100000,95430,month
BBQ,OK,1,,100000,95424,month
BERY,OK,0,,100000,95427,month
BFIN,OK,0,,100000,95421,month
BKCC,OK,2,,100000,95419,month
BLD,OK,0,,100000,95426,month
BLFY,OK,0,,100000,99998,month
BMTC,OK,3,,100000,97753,month
BOCH,OK,1,,100000,95418,month
BPAC,OK,0,,100000,99997,month
BPFH,OK,0,,100000,99994,month
BRAC,OK,0,,100000,95422,month
BRKL,OK,1,,100000,95420,month
BRMK,OK,0,,100000,99995,month
CALB,OK,0,,100000,99996,month
CATC,OK,2,,100000,97634,month
CCF,OK,1,,100000,97587,month
CCMP,OK,0,,100000,99991,month
CDK,OK,0,,100000,95417,month
CDR,OK,3,,100000,99993,month
CEQP,OK,2,,100000,95416,month
CERN,OK,6,,100000,97571,month
CFB,OK,0,,100000,99992,month
CHMA,OK,0,,100000,95415,month
CHNG,OK,0,,100000,95413,month
CHX,OK,0,,100000,95411,month
CIT,OK,0,,100000,95414,month
CLDB,OK,18,,100000,95409,month
CLDR,OK,0,,100000,95412,month
CLGX,OK,3,,100000,95405,month
CMD,OK,3,,100000,95408,month
CNSL,OK,0,,100000,95410,month
CNTA,OK,0,,100000,95407,month
CONE,OK,0,,100000,95399,month
CPE,OK,1,,100000,95406,month
CPRX,OK,0,,100000,95398,month
CPTN,OK,2,,100000,95403,month
CRNX,OK,0,,100000,95404,month
CSGS,OK,1,,100000,95397,month
CSOD,OK,0,,100000,97476,month
CTLP,OK,2,,100000,95401,month
CTLT,OK,0,,100000,95400,month
CTRA,OK,4,,100000,95395,month
CTXS,OK,4,,100000,97378,month
CVGW,OK,0,,100000,95394,month
CVLY,OK,25,,100000,95396,month
CXP,OK,0,,100000,97432,month
DAWN,OK,0,,100000,95393,month
DCP,OK,0,,100000,97252,month
DNB,OK,0,,100000,95390,month
DO,OK,0,,100000,95389,month
DRE,OK,2,,100000,95388,month
DSSI,OK,0,,100000,95387,month
EA,OK,4,,100000,95386,month
EBSB,OK,1,,100000,95391,month
EDR,OK,0,,100000,95382,month
EEX,OK,0,,100000,97173,month
EGLE,OK,4,,100000,95379,month
EGOV,OK,0,,100000,95385,month
EHAB,OK,0,,100000,95384,month
ELSE,OK,1,,100000,95383,month
EMCF,OK,0,,100000,95465,month
ENER,OK,0,,100000,95464,month
ENLC,OK,0,,100000,95373,month
ENV,OK,0,,100000,95381,month
ESGR,OK,0,,100000,95380,month
ESMT,OK,0,,100000,99989,month
ESPR,OK,0,,100000,95378,month
ESSA,OK,0,,100000,99999,month
ESXB,OK,0,,100000,99998,month
ETRN,OK,0,,100000,99997,month
EVBN,OK,5,,100000,95374,month
EVRI,OK,0,,100000,99993,month
EXAS,OK,0,,100000,99996,month
FBC,OK,5,,100000,99987,month
FBRX,OK,2,,100000,99986,month
FCRD,OK,0,,100000,99990,month
FFIC,OK,3,,100000,96945,month
FFNW,OK,0,,100000,97220,month
FFWM,OK,1,,100000,99995,month
FLIC,OK,8,,100000,99986,month
FLIR,OK,3,,100000,99994,month
FMBI,OK,4,,100000,99992,month
FNCB,OK,5,,100000,99991,month
FOE,OK,3,,100000,99989,month
FOLD,OK,0,,100000,96886,month
FONR,OK,1,,100000,97098,month
FORA,OK,3,,100000,99988,month
FRGI,OK,0,,100000,99987,month
FRTA,OK,0,,100000,99978,month
FSFG,OK,1,,100000,96848,month
FYBR,OK,0,,100000,97141,month
GAN,OK,1,,100000,99985,month
GCP,OK,0,,100000,99983,month
GDEN,OK,2,,100000,99982,month
GFED,OK,1,,100000,99984,month
GIGL,OK,0,,100000,99974,month
GIW,OK,0,,100000,99980,month
GLDD,OK,0,,100000,99981,month
GLUU,OK,0,,100000,99973,month
GNTY,OK,1,,100000,96938,month
GPP,OK,0,,100000,99970,month
GPX,OK,0,,100000,99976,month
GRA,OK,0,,100000,99971,month
GTLS,OK,0,,100000,99977,month
GV,OK,1,,100000,99969,month
GWB,OK,0,,100000,99968,month
HAYN,OK,0,,100000,99967,month
HCCI,OK,0,,100000,99972,month
HES,OK,1,,100000,99965,month
HHGC,OK,0,,100000,99963,month
HLX,OK,2,,100000,99959,month
HMNF,OK,1,,100000,99961,month
HMSY,OK,3,,100000,99957,month
HOLX,OK,3,,100000,96909,month
HRC,OK,1,,100000,99964,month
HTBK,OK,2,,100000,96843,month
IAA,OK,0,,100000,99962,month
INDT,OK,0,,100000,99960,month
INFN,OK,0,,100000,99950,month
IROQ,OK,0,,100000,99958,month
ISBC,OK,1,,100000,99956,month
ISNS,OK,1,,100000,96626,month
JAQC,OK,0,,100000,99955,month
JHG,OK,1,,100000,99946,month
JNPR,OK,2,,100000,99954,month
JWN,OK,2,,100000,96626,month
KALV,OK,1,,100000,99953,month
KORE,OK,1,,100000,99944,month
KRA,OK,0,,100000,99943,month
KRON,OK,0,,100000,99952,month
KSU,OK,4,,100000,99951,month
KW,OK,0,,100000,99939,month
KZR,OK,1,,100000,99948,month
LBAI,OK,11,,100000,99947,month
LBC,OK,0,,100000,96825,month
LEG,OK,3,,100000,99945,month
LHCG,OK,0,,100000,99934,month
LMST,OK,4,,100000,99942,month
LNKB,OK,0,,100000,99941,month
LOGC,OK,1,,100000,99940,month
LPRO,OK,0,,100000,99938,month
LSI,OK,1,,100000,96640,month
MACK,OK,1,,100000,99933,month
MASI,OK,0,,100000,99931,month
MBCN,OK,6,,100000,99930,month
MBTC,OK,0,,100000,99929,month
MCW,OK,0,,100000,96629,month
MDLA,OK,0,,100000,99937,month
MGI,OK,1,,100000,96623,month
MGLN,OK,0,,100000,99928,month
MIC,OK,2,,100000,96378,month
MIME,OK,0,,100000,99935,month
MLNK,OK,0,,100000,99932,month
MLVF,OK,1,,100000,96624,month
MMP,OK,2,,100000,99922,month
MODD,OK,3,,100000,99921,month
MODN,OK,0,,100000,99927,month
MPX,OK,2,,100000,96362,month
MRC,OK,0,,100000,99926,month
MRCC,OK,0,,100000,99925,month
MRO,OK,1,,100000,96444,month
MSON,OK,0,,100000,99919,month
MXIM,OK,4,,100000,99915,month
NAV,OK,1,,100000,99917,month
NCSM,OK,1,,100000,99924,month
NEX,OK,0,,100000,99923,month
NFBK,OK,1,,100000,99914,month
NS,OK,0,,100000,99912,month
NSA,OK,0,,100000,99911,month
NTUS,OK,0,,100000,99918,month
NUAN,OK,0,,100000,99916,month
NUVA,OK,0,,100000,99907,month
NVEE,OK,1,,100000,99913,month
OLPX,OK,0,,100000,96444,month
ONTF,OK,0,,100000,99903,month
ORGN,OK,2,,100000,99904,month
PBBK,OK,0,,100000,99909,month
PBCT,OK,4,,100000,99908,month
PCH,OK,0,,100000,99899,month
PCSB,OK,0,,100000,96436,month
PDCE,OK,0,,100000,99906,month
PFBI,OK,3,,100000,99897,month
PFC,OK,1,,100000,99905,month
PMBC,OK,1,,100000,99896,month
PPBI,OK,0,,100000,96455,month
PPD,OK,0,,100000,99902,month
PRA,OK,9,,100000,99898,month
PRAH,OK,0,,100000,99900,month
PROS,OK,0,,100000,96450,month
PRSP,OK,0,,100000,99889,month
PTRS,OK,7,,100000,99887,month
PVBC,OK,1,,100000,99888,month
PWOD,OK,3,,100000,99895,month
PXD,OK,0,,100000,99894,month
RBNC,OK,0,,100000,96216,month
RCM,OK,1,,100000,96298,month
RNAM,OK,0,,100000,99893,month
RNDB,OK,0,,100000,99892,month
ROIC,OK,0,,100000,99891,month
RP,OK,0,,100000,99882,month
RUTH,OK,0,,100000,99879,month
RVPH,OK,1,,100000,99885,month
SAFM,OK,2,,100000,99886,month
SAL,OK,1,,100000,99883,month
SASR,OK,3,,100000,99884,month
SBOW,OK,0,,100000,99997,month
SC,OK,0,,100000,99881,month
SEM,OK,1,,100000,99995,month
SGEN,OK,0,,100000,99880,month
SJI,OK,3,,100000,99993,month
SKYT,OK,0,,100000,96190,month
SLNO,OK,2,,100000,96246,month
SMMF,OK,3,,100000,99990,month
SNBR,OK,1,,100000,96169,month
SNCY,OK,0,,100000,99999,month
SNR,OK,0,,100000,99998,month
SNV,OK,5,,100000,99996,month
SOVO,OK,0,,100000,99987,month
SRC,OK,2,,100000,96213,month
SRCL,OK,2,,100000,99994,month
SSBK,OK,0,,100000,96015,month
STEL,OK,0,,100000,96192,month
STER,OK,0,,100000,99981,month
STND,OK,0,,100000,99989,month
STOR,OK,0,,100000,99988,month
STXB,OK,0,,100000,99978,month
SVBI,OK,3,,100000,99986,month
SWKH,OK,0,,100000,99985,month
SWN,OK,4,,100000,99984,month
SYKE,OK,2,,100000,95216,month
TACO,OK,0,,100000,96172,month
TALK,OK,1,,100000,99983,month
TBNK,OK,0,,100000,99982,month
TBPH,OK,0,,100000,95215,month
TERN,OK,0,,100000,99980,month
TGNA,OK,1,,100000,99979,month
THR,OK,0,,100000,99977,month
TLND,OK,0,,100000,96081,month
TMHC,OK,1,,100000,99976,month
TMX,OK,0,,100000,95209,month
TPCO,OK,0,,100000,95217,month
TPH,OK,0,,100000,95214,month
TREC,OK,0,,100000,95207,month
TRTN,OK,0,,100000,95213,month
TWO,OK,2,,100000,95206,month
UDMY,OK,0,,100000,95362,month
UMPQ,OK,1,,100000,96069,month
USCR,OK,0,,100000,95204,month
VAR,OK,3,,100000,95211,month
VBTX,OK,0,,100000,95210,month
VER,OK,1,,100000,95203,month
VRE,OK,0,,100000,95208,month
VRM,OK,1,,100000,95926,month
VRNT,OK,0,,100000,95205,month
VWTR,OK,0,,100000,95201,month
WBA,OK,4,,100000,95200,month
WBS,OK,0,,100000,95199,month
WBT,OK,0,,100000,95978,month
WIFI,OK,0,,100000,95196,month
WLL,OK,3,,100000,95195,month
WMC,OK,2,,100000,95194,month
WMPN,OK,1,,100000,95202,month
WRAC,OK,0,,100000,95968,month
WSR,OK,0,,100000,95198,month
XENT,OK,0,,100000,95197,month
XONE,OK,0,,100000,95860,month
