ticker,fetch_status,rows,error,rate_limit,rate_remaining,rate_window
AACI,NO_DATA,0,EMPTY_SERIES,100000,99999,month
AAIC-P-B,NO_DATA,0,HTTP_404_SECURITY_NOT_FOUND,100000,99991,month
AAIC-P-C,NO_DATA,0,HTTP_404_SECURITY_NOT_FOUND,100000,99934,month
AAIN,NO_DATA,0,HTTP_404_SECURITY_NOT_FOUND,100000,99999,month
AAM-P-A,NO_DATA,0,HTTP_404_SECURITY_NOT_FOUND,100000,99992,month
AAM-P-B,NO_DATA,0,HTTP_404_SECURITY_NOT_FOUND,100000,99935,month
AAWW,NO_DATA,0,EMPTY_SERIES,100000,99936,month
ABCL,OK,519,,100000,99999,month
ABMD,NO_DATA,0,EMPTY_SERIES,100000,99990,month
ABR-P-A,NO_DATA,0,HTTP_404_SECURITY_NOT_FOUND,100000,99989,month
ABR-P-B,NO_DATA,0,HTTP_404_SECURITY_NOT_FOUND,100000,99932,month
ABR-P-C,NO_DATA,0,HTTP_404_SECURITY_NOT_FOUND,100000,99988,month
ABR-P-D,NO_DATA,0,HTTP_404_SECURITY_NOT_FOUND,100000,99987,month
ABR-P-E,NO_DATA,0,HTTP_404_SECURITY_NOT_FOUND,100000,99933,month
ABR-P-F,NO_DATA,0,HTTP_404_SECURITY_NOT_FOUND,100000,99998,month
ABSI,OK,367,,100000,99931,month
ABTX,OK,782,,100000,99930,month
ACAXR,NO_DATA,0,HTTP_404_SECURITY_NOT_FOUND,100000,99929,month
ACBA,OK,192,,100000,99928,month
ACBI,OK,635,,100000,99997,month
ACC,OK,745,,100000,99927,month
ACCD,NO_DATA,0,EMPTY_SERIES,100000,99996,month
ACER,NO_DATA,0,EMPTY_SERIES,100000,99926,month
ACGLN,NO_DATA,0,HTTP_404_SECURITY_NOT_FOUND,100000,99925,month
ACGLP,NO_DATA,0,HTTP_404_SECURITY_NOT_FOUND,100000,99924,month
ACI,OK,681,,100000,99936,month
ACIA,NO_DATA,0,HTTP_404_SECURITY_NOT_FOUND,100000,99935,month
ACLX,OK,230,,100000,99995,month
ACON,OK,177,,100000,99934,month
ACR-P-C,NO_DATA,0,HTTP_404_SECURITY_NOT_FOUND,100000,99933,month
ACR-P-D,NO_DATA,0,HTTP_404_SECURITY_NOT_FOUND,100000,99932,month
ACRV,OK,34,,100000,99918,month
ACT,OK,329,,100000,99917,month
ACXP,OK,385,,100000,99916,month
ADAC,NO_DATA,0,HTTP_404_SECURITY_NOT_FOUND,100000,99915,month
ADC-P-A,NO_DATA,0,HTTP_404_SECURITY_NOT_FOUND,100000,99912,month
ADMS,NO_DATA,0,EMPTY_SERIES,100000,99914,month
ADRT,NO_DATA,0,EMPTY_SERIES,100000,99913,month
ADSW,NO_DATA,0,HTTP_404_SECURITY_NOT_FOUND,100000,99911,month
ADTH,NO_DATA,0,EMPTY_SERIES,100000,99910,month
ADVM,NO_DATA,0,EMPTY_SERIES,100000,99909,month
AE,NO_DATA,0,EMPTY_SERIES,100000,99994,month
AEGN,NO_DATA,0,EMPTY_SERIES,100000,99908,month
AEI,OK,530,,100000,99992,month
AEL,OK,844,,100000,99993,month
AEPPL,NO_DATA,0,HTTP_404_SECURITY_NOT_FOUND,100000,99907,month
AEPPZ,NO_DATA,0,HTTP_404_SECURITY_NOT_FOUND,100000,99990,month
AERI,NO_DATA,0,EMPTY_SERIES,100000,99991,month
AESC,NO_DATA,0,HTTP_404_SECURITY_NOT_FOUND,100000,99988,month
AEVA,OK,720,,100000,99987,month
AFBI,OK,789,,100000,99989,month
AFCG,OK,453,,100000,99986,month
AFGB,NO_DATA,0,HTTP_404_SECURITY_NOT_FOUND,100000,99985,month
AFGC,NO_DATA,0,HTTP_404_SECURITY_NOT_FOUND,100000,99983,month
AFGD,NO_DATA,0,HTTP_404_SECURITY_NOT_FOUND,100000,99984,month
AFGE,NO_DATA,0,HTTP_404_SECURITY_NOT_FOUND,100000,99982,month
AFGH,NO_DATA,0,HTTP_404_SECURITY_NOT_FOUND,100000,99981,month
AGBAR,NO_DATA,0,HTTP_404_SECURITY_NOT_FOUND,100000,99980,month
AGFS,NO_DATA,0,EMPTY_SERIES,100000,99905,month
AGL,OK,435,,100000,99906,month
AGM-P-A,NO_DATA,0,HTTP_404_SECURITY_NOT_FOUND,100000,99979,month
AGM-P-C,NO_DATA,0,HTTP_404_SECURITY_NOT_FOUND,100000,99904,month
AGM-P-D,NO_DATA,0,HTTP_404_SECURITY_NOT_FOUND,100000,99903,month
AGM-P-E,NO_DATA,0,HTTP_404_SECURITY_NOT_FOUND,100000,99978,month
AGM-P-F,NO_DATA,0,HTTP_404_SECURITY_NOT_FOUND,100000,99977,month
AGM-P-G,NO_DATA,0,HTTP_404_SECURITY_NOT_FOUND,100000,99976,month
AGN,NO_DATA,0,HTTP_404_SECURITY_NOT_FOUND,100000,99975,month
AGNCL,NO_DATA,0,HTTP_404_SECURITY_NOT_FOUND,100000,99974,month
AGNCP,NO_DATA,0,HTTP_404_SECURITY_NOT_FOUND,100000,99973,month
AGR,OK,849,,100000,99902,month
AGS,OK,849,,100000,99972,month
AGTC,NO_DATA,0,EMPTY_SERIES,100000,99901,month
AHL-P-C,NO_DATA,0,HTTP_404_SECURITY_NOT_FOUND,100000,99899,month
AHRT-P-A,NO_DATA,0,HTTP_404_SECURITY_NOT_FOUND,100000,99900,month
AHT-P-D,NO_DATA,0,HTTP_404_SECURITY_NOT_FOUND,100000,99898,month
AHT-P-F,NO_DATA,0,HTTP_404_SECURITY_NOT_FOUND,100000,99897,month
AHT-P-G,NO_DATA,0,HTTP_404_SECURITY_NOT_FOUND,100000,99896,month
AHT-P-H,NO_DATA,0,HTTP_404_SECURITY_NOT_FOUND,100000,99895,month
AHT-P-I,NO_DATA,0,HTTP_404_SECURITY_NOT_FOUND,100000,99971,month
AIBBR,NO_DATA,0,HTTP_404_SECURITY_NOT_FOUND,100000,99970,month
AIC,NO_DATA,0,HTTP_404_SECURITY_NOT_FOUND,100000,99969,month
AIMC,NO_DATA,0,EMPTY_SERIES,100000,99968,month
AIMD,OK,501,,100000,99967,month
AIMT,NO_DATA,0,HTTP_404_SECURITY_NOT_FOUND,100000,99966,month
AINC,NO_DATA,0,EMPTY_SERIES,100000,99965,month
AIP,OK,299,,100000,99963,month
AIRS,OK,297,,100000,99964,month
AIW,NO_DATA,0,HTTP_404_SECURITY_NOT_FOUND,100000,99960,month
AIZN,NO_DATA,0,HTTP_404_SECURITY_NOT_FOUND,100000,99962,month
AIZP,NO_DATA,0,HTTP_404_SECURITY_NOT_FOUND,100000,99961,month
AJRD,OK,844,,100000,99958,month
AJXA,NO_DATA,0,HTTP_404_SECURITY_NOT_FOUND,100000,99999,month
AKA,OK,325,,100000,99959,month
AKCA,NO_DATA,0,HTTP_404_SECURITY_NOT_FOUND,100000,99998,month
AKLI,NO_DATA,0,EMPTY_SERIES,100000,99997,month
AKRO,NO_DATA,0,EMPTY_SERIES,100000,99868,month
AKUS,NO_DATA,0,EMPTY_SERIES,100000,99870,month
AKYA,NO_DATA,0,EMPTY_SERIES,100000,99869,month
AL-P-A,NO_DATA,0,HTTP_404_SECURITY_NOT_FOUND,100000,99867,month
ALAC,NO_DATA,0,HTTP_404_SECURITY_NOT_FOUND,100000,99866,month
ALACR,NO_DATA,0,HTTP_404_SECURITY_NOT_FOUND,100000,99894,month
ALBO,NO_DATA,0,EMPTY_SERIES,100000,99893,month
ALE,OK,844,,100000,99892,month
ALEX,OK,844,,100000,99891,month
ALGM,OK,549,,100000,99865,month
ALGR,NO_DATA,0,HTTP_404_SECURITY_NOT_FOUND,100000,99864,month
ALGS,OK,558,,100000,99863,month
ALHC,OK,448,,100000,99889,month
ALIM,NO_DATA,0,EMPTY_SERIES,100000,99890,month
ALKT,OK,436,,100000,99888,month
ALL-P-B,NO_DATA,0,HTTP_404_SECURITY_NOT_FOUND,100000,99884,month
ALL-P-G,NO_DATA,0,HTTP_404_SECURITY_NOT_FOUND,100000,99885,month
ALL-P-H,NO_DATA,0,HTTP_404_SECURITY_NOT_FOUND,100000,99886,month
ALL-P-I,NO_DATA,0,HTTP_404_SECURITY_NOT_FOUND,100000,99887,month
ALLK,NO_DATA,0,EMPTY_SERIES,100000,99883,month
ALLR,OK,261,,100000,99882,month
ALMU,NO_DATA,0,EMPTY_SERIES,100000,99862,month
ALOT,OK,842,,100000,99881,month
ALPN,NO_DATA,0,EMPTY_SERIES,100000,99861,month
ALSK,OK,476,,100000,99880,month
ALTA,NO_DATA,0,HTTP_404_SECURITY_NOT_FOUND,100000,99879,month
ALTG-P-A,NO_DATA,0,HTTP_404_SECURITY_NOT_FOUND,100000,99878,month
ALXN,OK,475,,100000,99727,month
ALXO,OK,622,,100000,99876,month
ALZN,OK,393,,100000,99877,month
AMAG,NO_DATA,0,HTTP_404_SECURITY_NOT_FOUND,100000,99875,month
AMED,OK,843,,100000,99873,month
AMH-P-D,NO_DATA,0,HTTP_404_SECURITY_NOT_FOUND,100000,99874,month
AMH-P-E,NO_DATA,0,HTTP_404_SECURITY_NOT_FOUND,100000,99860,month
AMH-P-F,NO_DATA,0,HTTP_404_SECURITY_NOT_FOUND,100000,99859,month
AMH-P-G,NO_DATA,0,HTTP_404_SECURITY_NOT_FOUND,100000,99857,month
AMH-P-H,NO_DATA,0,HTTP_404_SECURITY_NOT_FOUND,100000,99858,month
AMJ,NO_DATA,0,HTTP_404_SECURITY_NOT_FOUND,100000,99872,month
AMK,OK,849,,100000,99856,month
AMLX,OK,249,,100000,99855,month
AMNB,NO_DATA,0,EMPTY_SERIES,100000,99854,month
AMPG,OK,501,,100000,99852,month
AMPX,OK,77,,100000,99853,month
AMR,OK,481,,100000,99851,month
AMTI,NO_DATA,0,EMPTY_SERIES,100000,99850,month
AMWD,OK,842,,100000,99849,month
ANAT,OK,688,,100000,99848,month
ANDAR,NO_DATA,0,HTTP_404_SECURITY_NOT_FOUND,100000,99847,month
ANG-P-A,NO_DATA,0,HTTP_404_SECURITY_NOT_FOUND,100000,99846,month
ANG-P-B,NO_DATA,0,HTTP_404_SECURITY_NOT_FOUND,100000,99845,month
ANH,NO_DATA,0,HTTP_404_SECURITY_NOT_FOUND,100000,99871,month
ANH-P-B,NO_DATA,0,HTTP_404_SECURITY_NOT_FOUND,100000,99870,month
ANH-P-C,NO_DATA,0,HTTP_404_SECURITY_NOT_FOUND,100000,99869,month
ANNX,OK,617,,100000,99867,month
ANSS,OK,843,,100000,99868,month
ANTX,OK,196,,100000,99866,month
ANVS,OK,740,,100000,99864,month
APE,NO_DATA,0,HTTP_404_SECURITY_NOT_FOUND,100000,99865,month
APG,OK,819,,100000,99862,month
APGN,NO_DATA,0,HTTP_404_SECURITY_NOT_FOUND,100000,99863,month
API,OK,740,,100000,99861,month
APLS,OK,842,,100000,99859,month
APLT,NO_DATA,0,EMPTY_SERIES,100000,99857,month
APR,NO_DATA,0,HTTP_404_SECURITY_NOT_FOUND,100000,99860,month
APTV-P-A,NO_DATA,0,HTTP_404_SECURITY_NOT_FOUND,100000,99858,month
AQUA,NO_DATA,0,EMPTY_SERIES,100000,99856,month
ARA,NO_DATA,0,HTTP_404_SECURITY_NOT_FOUND,100000,99855,month
ARAV,NO_DATA,0,EMPTY_SERIES,100000,99854,month
ARC,OK,843,,100000,99853,month
AREB,OK,665,,100000,99852,month
ARES-P-A,NO_DATA,0,HTTP_404_SECURITY_NOT_FOUND,100000,99851,month
ARGO,OK,843,,100000,99850,month
ARGO-P-A,NO_DATA,0,HTTP_404_SECURITY_NOT_FOUND,100000,99849,month
ARIZ,NO_DATA,0,EMPTY_SERIES,100000,99848,month
ARIZR,NO_DATA,0,HTTP_404_SECURITY_NOT_FOUND,100000,99846,month
ARNA,NO_DATA,0,EMPTY_SERIES,100000,99847,month
ARQT,OK,738,,100000,99845,month
ARR-P-C,NO_DATA,0,HTTP_404_SECURITY_NOT_FOUND,100000,99844,month
ARRY,OK,559,,100000,99843,month
ASB-P-D,NO_DATA,0,HTTP_404_SECURITY_NOT_FOUND,100000,99842,month
ASB-P-E,NO_DATA,0,HTTP_404_SECURITY_NOT_FOUND,100000,99843,month
ASB-P-F,NO_DATA,0,HTTP_404_SECURITY_NOT_FOUND,100000,99923,month
ASCAR,NO_DATA,0,HTTP_404_SECURITY_NOT_FOUND,100000,99844,month
ASFI,NO_DATA,0,HTTP_404_SECURITY_NOT_FOUND,100000,99921,month
ASNS,OK,162,,100000,99922,month
ASPI,OK,37,,100000,99787,month
ASRT,OK,842,,100000,99842,month
ASTI,OK,92,,100000,99917,month
ASXC,NO_DATA,0,EMPTY_SERIES,100000,99786,month
ATA,NO_DATA,0,HTTP_404_SECURITY_NOT_FOUND,100000,99788,month
ATAI,OK,390,,100000,99785,month
ATCO,NO_DATA,0,EMPTY_SERIES,100000,99784,month
ATCO-P-D,NO_DATA,0,HTTP_404_SECURITY_NOT_FOUND,100000,99783,month
ATCO-P-E,NO_DATA,0,HTTP_404_SECURITY_NOT_FOUND,100000,99781,month
ATCO-P-G,NO_DATA,0,HTTP_404_SECURITY_NOT_FOUND,100000,99782,month
ATCO-P-H,NO_DATA,0,HTTP_404_SECURITY_NOT_FOUND,100000,99780,month
ATCO-P-I,NO_DATA,0,HTTP_404_SECURITY_NOT_FOUND,100000,99779,month
ATCOL,NO_DATA,0,HTTP_404_SECURITY_NOT_FOUND,100000,99778,month
ATCX,OK,836,,100000,99777,month
ATH-P-A,NO_DATA,0,HTTP_404_SECURITY_NOT_FOUND,100000,99776,month
ATH-P-C,NO_DATA,0,HTTP_404_SECURITY_NOT_FOUND,100000,99775,month
ATH-P-D,NO_DATA,0,HTTP_404_SECURITY_NOT_FOUND,100000,99840,month
ATH-P-E,NO_DATA,0,HTTP_404_SECURITY_NOT_FOUND,100000,99774,month
ATLCL,NO_DATA,0,HTTP_404_SECURITY_NOT_FOUND,100000,99839,month
ATLCP,NO_DATA,0,HTTP_404_SECURITY_NOT_FOUND,100000,99841,month
ATPC,NO_DATA,0,EMPTY_SERIES,100000,99838,month
ATRI,NO_DATA,0,EMPTY_SERIES,100000,99773,month
ATRS,NO_DATA,0,EMPTY_SERIES,100000,99837,month
ATSG,NO_DATA,0,EMPTY_SERIES,100000,99836,month
ATVI,OK,843,,100000,99772,month
ATXS,NO_DATA,0,EMPTY_SERIES,100000,99771,month
AUB-P-A,NO_DATA,0,HTTP_404_SECURITY_NOT_FOUND,100000,99835,month
AUGX,NO_DATA,0,EMPTY_SERIES,100000,99834,month
AUID,OK,394,,100000,99770,month
AURA,OK,298,,100000,99833,month
AUTO,NO_DATA,0,EMPTY_SERIES,100000,99769,month
AUUD,OK,476,,100000,99768,month
AVAH,OK,426,,100000,99767,month
AVB,OK,843,,100000,99766,month
AVCT,NO_DATA,0,HTTP_404_SECURITY_NOT_FOUND,100000,99765,month
AVDL,NO_DATA,0,EMPTY_SERIES,100000,99764,month
AVDX,OK,310,,100000,99763,month
AVEO,NO_DATA,0,EMPTY_SERIES,100000,99762,month
AVGR,NO_DATA,0,EMPTY_SERIES,100000,99761,month
AVHI,OK,126,,100000,99832,month
AVID,OK,843,,100000,99760,month
AVIR,OK,548,,100000,99831,month
AVLR,OK,802,,100000,99829,month
AVNS,OK,842,,100000,99830,month
AVYA,NO_DATA,0,HTTP_404_SECURITY_NOT_FOUND,100000,99828,month
AXE,NO_DATA,0,HTTP_404_SECURITY_NOT_FOUND,100000,99827,month
AXLA,NO_DATA,0,EMPTY_SERIES,100000,99826,month
AXNX,OK,843,,100000,99824,month
AXO,NO_DATA,0,HTTP_404_SECURITY_NOT_FOUND,100000,99825,month
AXS-P-E,NO_DATA,0,HTTP_404_SECURITY_NOT_FOUND,100000,99822,month
AYLA,NO_DATA,0,HTTP_404_SECURITY_NOT_FOUND,100000,99823,month
AZPN,NO_DATA,0,EMPTY_SERIES,100000,99821,month
BAFN,OK,501,,100000,99820,month
BANC-P-E,NO_DATA,0,HTTP_404_SECURITY_NOT_FOUND,100000,99819,month
BASE,NO_DATA,0,EMPTY_SERIES,100000,99818,month
BBLG,OK,309,,100000,99873,month
BBQ,OK,841,,100000,99817,month
BC/PA,NO_DATA,0,HTTP_404_SECURITY_NOT_FOUND,,,
BC/PB,NO_DATA,0,HTTP_404_SECURITY_NOT_FOUND,,,
BC/PC,NO_DATA,0,HTTP_404_SECURITY_NOT_FOUND,,,
BCOV,NO_DATA,0,EMPTY_SERIES,100000,99732,month
BDSI,NO_DATA,0,EMPTY_SERIES,100000,99731,month
BDSX,OK,550,,100000,99730,month
BDTX,OK,738,,100000,99729,month
BDXB,NO_DATA,0,HTTP_404_SECURITY_NOT_FOUND,100000,99728,month
BEAM,OK,734,,100000,99726,month
BEEP,NO_DATA,0,EMPTY_SERIES,100000,99725,month
BENER,NO_DATA,0,HTTP_404_SECURITY_NOT_FOUND,100000,99724,month
BERY,OK,848,,100000,99723,month
BFIN,OK,843,,100000,99722,month
BFRI,OK,297,,100000,99759,month
BFS-P-D,NO_DATA,0,HTTP_404_SECURITY_NOT_FOUND,100000,99721,month
BFS-P-E,NO_DATA,0,HTTP_404_SECURITY_NOT_FOUND,100000,99720,month
BGFV,NO_DATA,0,EMPTY_SERIES,100000,99758,month
BGG,NO_DATA,0,HTTP_404_SECURITY_NOT_FOUND,100000,99719,month
BGLC,OK,501,,100000,99757,month
BHFAM,NO_DATA,0,HTTP_404_SECURITY_NOT_FOUND,100000,99756,month
BHFAN,NO_DATA,0,HTTP_404_SECURITY_NOT_FOUND,100000,99718,month
BHFAO,NO_DATA,0,HTTP_404_SECURITY_NOT_FOUND,100000,99755,month
BHR-P-B,NO_DATA,0,HTTP_404_SECURITY_NOT_FOUND,100000,99754,month
BHR-P-D,NO_DATA,0,HTTP_404_SECURITY_NOT_FOUND,100000,99717,month
BIAF,OK,86,,100000,99716,month
BITE,NO_DATA,0,EMPTY_SERIES,100000,99753,month
BITW,NO_DATA,0,HTTP_404_SECURITY_NOT_FOUND,100000,99752,month
BJDX,OK,289,,100000,99715,month
BK-P-C,NO_DATA,0,HTTP_404_SECURITY_NOT_FOUND,100000,99714,month
BKCC,OK,843,,100000,99751,month
BKDT,NO_DATA,0,HTTP_404_SECURITY_NOT_FOUND,100000,99748,month
BLCO,OK,168,,100000,99747,month
BLD,OK,843,,100000,99750,month
BLEUR,NO_DATA,0,HTTP_404_SECURITY_NOT_FOUND,100000,99749,month
BLFY,OK,371,,100000,99746,month
BLUE,NO_DATA,0,EMPTY_SERIES,100000,99713,month
BMAQ,NO_DATA,0,HTTP_404_SECURITY_NOT_FOUND,100000,99712,month
BMAQR,NO_DATA,0,HTTP_404_SECURITY_NOT_FOUND,100000,99744,month
BMCH,NO_DATA,0,HTTP_404_SECURITY_NOT_FOUND,100000,99711,month
BMEA,OK,434,,100000,99745,month
BMTC,OK,589,,100000,99743,month
BMYRT,NO_DATA,0,HTTP_404_SECURITY_NOT_FOUND,100000,99741,month
BNFT,NO_DATA,0,EMPTY_SERIES,100000,99742,month
BNIXR,NO_DATA,0,HTTP_404_SECURITY_NOT_FOUND,100000,99740,month
BNTCW,NO_DATA,0,HTTP_404_SECURITY_NOT_FOUND,100000,99739,month
BOCH,OK,525,,100000,99737,month
BOH-P-A,NO_DATA,0,HTTP_404_SECURITY_NOT_FOUND,100000,99738,month
BOKFL,NO_DATA,0,HTTP_404_SECURITY_NOT_FOUND,100000,99736,month
BOLT,OK,482,,100000,99710,month
BPAC,OK,129,,100000,99735,month
BPFH,OK,461,,100000,99734,month
BPMC,NO_DATA,0,EMPTY_SERIES,100000,99733,month
BPMP,NO_DATA,0,HTTP_404_SECURITY_NOT_FOUND,100000,99709,month
BPYUP,NO_DATA,0,HTTP_404_SECURITY_NOT_FOUND,100000,99732,month
BRAC,OK,106,,100000,99731,month
BRACR,NO_DATA,0,HTTP_404_SECURITY_NOT_FOUND,100000,99708,month
BREW,NO_DATA,0,HTTP_404_SECURITY_NOT_FOUND,100000,99707,month
BRG-P-C,NO_DATA,0,HTTP_404_SECURITY_NOT_FOUND,100000,99706,month
BRKL,OK,843,,100000,99704,month
BRLI,NO_DATA,0,HTTP_404_SECURITY_NOT_FOUND,100000,99703,month
BRLIR,NO_DATA,0,HTTP_404_SECURITY_NOT_FOUND,100000,99705,month
BRMK,OK,790,,100000,99730,month
BRPAR,NO_DATA,0,HTTP_404_SECURITY_NOT_FOUND,100000,99729,month
BSBK,OK,744,,100000,99702,month
BSX-P-A,NO_DATA,0,HTTP_404_SECURITY_NOT_FOUND,100000,99728,month
BTBD,OK,287,,100000,99727,month
BVSN,NO_DATA,0,HTTP_404_SECURITY_NOT_FOUND,100000,99726,month
BW-P-A,NO_DATA,0,HTTP_404_SECURITY_NOT_FOUND,100000,99725,month
BWAC,NO_DATA,0,HTTP_404_SECURITY_NOT_FOUND,100000,99723,month
BWAQR,NO_DATA,0,HTTP_404_SECURITY_NOT_FOUND,100000,99724,month
BWBBP,NO_DATA,0,HTTP_404_SECURITY_NOT_FOUND,100000,99722,month
BWMN,OK,420,,100000,99720,month
BWNB,NO_DATA,0,HTTP_404_SECURITY_NOT_FOUND,100000,99721,month
BWSN,NO_DATA,0,HTTP_404_SECURITY_NOT_FOUND,100000,99719,month
BXP-P-B,NO_DATA,0,HTTP_404_SECURITY_NOT_FOUND,100000,99718,month
BXSL,OK,299,,100000,99556,month
C-P-J,NO_DATA,0,HTTP_404_SECURITY_NOT_FOUND,100000,99717,month
C-P-K,NO_DATA,0,HTTP_404_SECURITY_NOT_FOUND,100000,99716,month
C-P-S,NO_DATA,0,HTTP_404_SECURITY_NOT_FOUND,100000,99715,month
CADL,OK,364,,100000,99714,month
CAI,NO_DATA,0,EMPTY_SERIES,100000,99713,month
CAI-P-A,NO_DATA,0,HTTP_404_SECURITY_NOT_FOUND,100000,99711,month
CAIIP,NO_DATA,0,HTTP_404_SECURITY_NOT_FOUND,100000,99712,month
CALB,OK,787,,100000,99709,month
CAP,NO_DATA,0,HTTP_404_SECURITY_NOT_FOUND,100000,99710,month
CARO,NO_DATA,0,HTTP_404_SECURITY_NOT_FOUND,100000,99707,month
CARR,OK,706,,100000,99708,month
CAS,NO_DATA,0,HTTP_404_SECURITY_NOT_FOUND,100000,99705,month
CASI,NO_DATA,0,EMPTY_SERIES,100000,99706,month
CATC,OK,843,,100000,99704,month
CBAY,NO_DATA,0,EMPTY_SERIES,100000,99703,month
CBB-P-B,NO_DATA,0,HTTP_404_SECURITY_NOT_FOUND,100000,99701,month
CBL-P-D,NO_DATA,0,HTTP_404_SECURITY_NOT_FOUND,100000,99702,month
CBL-P-E,NO_DATA,0,HTTP_404_SECURITY_NOT_FOUND,100000,99700,month
CCAP,OK,738,,100000,99699,month
CCF,OK,926,,100000,99701,month
CCLDO,NO_DATA,0,HTTP_404_SECURITY_NOT_FOUND,100000,99700,month
CCLDP,NO_DATA,0,HTTP_404_SECURITY_NOT_FOUND,100000,99639,month
CCLP,NO_DATA,0,EMPTY_SERIES,100000,99699,month
CCMP,OK,715,,100000,99640,month
CCNEP,NO_DATA,0,HTTP_404_SECURITY_NOT_FOUND,100000,99638,month
CCR,NO_DATA,0,HTTP_404_SECURITY_NOT_FOUND,100000,99637,month
CCSIV,NO_DATA,0,HTTP_404_SECURITY_NOT_FOUND,100000,99636,month
CCXI,NO_DATA,0,EMPTY_SERIES,100000,99635,month
CCZ,NO_DATA,0,HTTP_404_SECURITY_NOT_FOUND,100000,99633,month
CDIO,OK,244,,100000,99634,month
CDK,OK,723,,100000,99631,month
CDMO,NO_DATA,0,EMPTY_SERIES,100000,99632,month
CDMOP,NO_DATA,0,HTTP_404_SECURITY_NOT_FOUND,100000,99630,month
CDOR,NO_DATA,0,EMPTY_SERIES,100000,99629,month
CDR,OK,754,,100000,99628,month
CDR-P-B,NO_DATA,0,HTTP_404_SECURITY_NOT_FOUND,100000,99626,month
CDR-P-C,NO_DATA,0,HTTP_404_SECURITY_NOT_FOUND,100000,99627,month
CDRE,OK,293,,100000,99625,month
CDTX,NO_DATA,0,EMPTY_SERIES,100000,99698,month
CDZIP,NO_DATA,0,HTTP_404_SECURITY_NOT_FOUND,100000,99624,month
CEG,OK,243,,100000,99697,month
CEMI,NO_DATA,0,EMPTY_SERIES,100000,99696,month
CEQP,OK,843,,100000,99695,month
CERE,NO_DATA,0,EMPTY_SERIES,100000,99694,month
CERN,OK,697,,100000,99693,month
CERT,OK,519,,100000,99692,month
CETY,NO_DATA,0,EMPTY_SERIES,100000,99691,month
CFB,OK,843,,100000,99690,month
CFBI,NO_DATA,0,HTTP_404_SECURITY_NOT_FOUND,100000,99689,month
CFMS,NO_DATA,0,EMPTY_SERIES,100000,99688,month
CFR-P-B,NO_DATA,0,HTTP_404_SECURITY_NOT_FOUND,100000,99687,month
CGEM,OK,501,,100000,99686,month
CGTX,OK,312,,100000,99684,month
CHK,NO_DATA,0,HTTP_404_SECURITY_NOT_FOUND,100000,99685,month
CHK-P-D,NO_DATA,0,HTTP_404_SECURITY_NOT_FOUND,100000,99683,month
CHKAQ,NO_DATA,0,HTTP_404_SECURITY_NOT_FOUND,100000,99682,month
CHMA,OK,486,,100000,99681,month
CHMI-P-A,NO_DATA,0,HTTP_404_SECURITY_NOT_FOUND,100000,99680,month
CHMI-P-B,NO_DATA,0,HTTP_404_SECURITY_NOT_FOUND,100000,99679,month
CHNG,OK,778,,100000,99678,month
CHNG 6,NO_DATA,0,HTTP_404_SECURITY_NOT_FOUND,100000,99677,month
CHS,NO_DATA,0,EMPTY_SERIES,100000,99675,month
CHUY,NO_DATA,0,EMPTY_SERIES,100000,99676,month
CHWA,NO_DATA,0,HTTP_404_SECURITY_NOT_FOUND,100000,99674,month
CHX,OK,715,,100000,99673,month
CIFR,OK,556,,100000,99672,month
CIM-P-A,NO_DATA,0,HTTP_404_SECURITY_NOT_FOUND,100000,99671,month
CIM-P-B,NO_DATA,0,HTTP_404_SECURITY_NOT_FOUND,100000,99670,month
CIM-P-C,NO_DATA,0,HTTP_404_SECURITY_NOT_FOUND,100000,99669,month
CIM-P-D,NO_DATA,0,HTTP_404_SECURITY_NOT_FOUND,100000,99668,month
CINC,NO_DATA,0,HTTP_404_SECURITY_NOT_FOUND,100000,99667,month
CING,OK,270,,100000,99666,month
CIO,NO_DATA,0,EMPTY_SERIES,100000,99665,month
CIO-P-A,NO_DATA,0,HTTP_404_SECURITY_NOT_FOUND,100000,99664,month
CIR,NO_DATA,0,HTTP_404_SECURITY_NOT_FOUND,100000,99623,month
CIT,OK,590,,100000,99662,month
CKPT,NO_DATA,0,EMPTY_SERIES,100000,99663,month
CLAQR,NO_DATA,0,HTTP_404_SECURITY_NOT_FOUND,100000,99661,month
CLCT,NO_DATA,0,HTTP_404_SECURITY_NOT_FOUND,100000,99659,month
CLDB,OK,477,,100000,99660,month
CLDR,OK,537,,100000,99658,month
CLDT-P-A,NO_DATA,0,HTTP_404_SECURITY_NOT_FOUND,100000,99733,month
CLGX,OK,449,,100000,99732,month
CLIM,NO_DATA,0,HTTP_404_SECURITY_NOT_FOUND,100000,99731,month
CLOER,NO_DATA,0,HTTP_404_SECURITY_NOT_FOUND,100000,99561,month
CLST,OK,282,,100000,99560,month
CLVT-P-A,NO_DATA,0,HTTP_404_SECURITY_NOT_FOUND,100000,99559,month
CLXT,NO_DATA,0,EMPTY_SERIES,100000,99558,month
CLYM,OK,354,,100000,99557,month
CMCTP,NO_DATA,0,HTTP_404_SECURITY_NOT_FOUND,100000,99554,month
CMD,OK,441,,100000,99555,month
CMO,NO_DATA,0,EMPTY_SERIES,100000,99553,month
CMO-P-E,NO_DATA,0,HTTP_404_SECURITY_NOT_FOUND,100000,99552,month
CMPI,NO_DATA,0,EMPTY_SERIES,100000,99622,month
CMPS,OK,578,,100000,99551,month
CMRX,NO_DATA,0,EMPTY_SERIES,100000,99550,month
CMS-P-C,NO_DATA,0,HTTP_404_SECURITY_NOT_FOUND,100000,99542,month
CMTG,OK,294,,100000,99549,month
CNCE,NO_DATA,0,EMPTY_SERIES,100000,99548,month
CNFRL,NO_DATA,0,HTTP_404_SECURITY_NOT_FOUND,100000,99545,month
CNO-P-A,NO_DATA,0,HTTP_404_SECURITY_NOT_FOUND,100000,99547,month
CNOBP,NO_DATA,0,HTTP_404_SECURITY_NOT_FOUND,100000,99546,month
CNP-P-B,NO_DATA,0,HTTP_404_SECURITY_NOT_FOUND,100000,99544,month
CNSL,OK,843,,100000,99543,month
CNST,NO_DATA,0,EMPTY_SERIES,100000,99540,month
CNTA,OK,404,,100000,99541,month
CNTX,OK,304,,100000,99538,month
CNVY,NO_DATA,0,HTTP_404_SECURITY_NOT_FOUND,100000,99539,month
CNXC,OK,531,,100000,99537,month
CNXM,NO_DATA,0,HTTP_404_SECURITY_NOT_FOUND,100000,99536,month
COCO,OK,304,,100000,99535,month
CODI-P-B,NO_DATA,0,HTTP_404_SECURITY_NOT_FOUND,100000,99534,month
COF-P-I,NO_DATA,0,HTTP_404_SECURITY_NOT_FOUND,100000,99533,month
COF-P-J,NO_DATA,0,HTTP_404_SECURITY_NOT_FOUND,100000,99620,month
COF-P-K,NO_DATA,0,HTTP_404_SECURITY_NOT_FOUND,100000,99619,month
COF-P-L,NO_DATA,0,HTTP_404_SECURITY_NOT_FOUND,100000,99618,month
COF-P-N,NO_DATA,0,HTTP_404_SECURITY_NOT_FOUND,100000,99621,month
CONE,OK,647,,100000,99617,month
COOK,OK,363,,100000,99790,month
COOP,NO_DATA,0,EMPTY_SERIES,100000,99532,month
CORX,NO_DATA,0,HTTP_404_SECURITY_NOT_FOUND,100000,99789,month
COUP,NO_DATA,0,EMPTY_SERIES,100000,99788,month
COUR,OK,445,,100000,99615,month
COWNL,NO_DATA,0,HTTP_404_SECURITY_NOT_FOUND,100000,99614,month
COWNZ,NO_DATA,0,HTTP_404_SECURITY_NOT_FOUND,100000,99616,month
CPAH,NO_DATA,0,HTTP_404_SECURITY_NOT_FOUND,100000,99613,month
CPE,OK,843,,100000,99612,month
CPLG,NO_DATA,0,EMPTY_SERIES,100000,99611,month
CPN,NO_DATA,0,HTTP_404_SECURITY_NOT_FOUND,100000,99610,month
CPRX,OK,843,,100000,99607,month
CPTN,OK,439,,100000,99609,month
CRBG,OK,78,,100000,99608,month
CRBU,OK,366,,100000,99605,month
CRC,OK,550,,100000,99606,month
CRDO,OK,236,,100000,99603,month
CRGEQ,NO_DATA,0,EMPTY_SERIES,100000,99604,month
CRHM,NO_DATA,0,HTTP_404_SECURITY_NOT_FOUND,100000,99602,month
CRNX,OK,843,,100000,99787,month
CRSR,OK,575,,100000,99601,month
CSGS,OK,843,,100000,99599,month
CSII,NO_DATA,0,EMPTY_SERIES,100000,99531,month
CSOD,OK,536,,100000,99600,month
CSPR,NO_DATA,0,EMPTY_SERIES,100000,99530,month
CSR-P-C,NO_DATA,0,HTTP_404_SECURITY_NOT_FOUND,100000,99786,month
CSTR,NO_DATA,0,EMPTY_SERIES,100000,99598,month
CSWCL,NO_DATA,0,HTTP_404_SECURITY_NOT_FOUND,100000,99597,month
CTAA,NO_DATA,0,HTTP_404_SECURITY_NOT_FOUND,100000,99596,month
CTEK,NO_DATA,0,EMPTY_SERIES,100000,99595,month
CTG,NO_DATA,0,EMPTY_SERIES,100000,99785,month
CTIC,NO_DATA,0,EMPTY_SERIES,100000,99529,month
CTKB,OK,366,,100000,99528,month
CTLP,OK,843,,100000,99594,month
CTLT,OK,848,,100000,99593,month
CTO-P-A,NO_DATA,0,HTTP_404_SECURITY_NOT_FOUND,100000,99591,month
CTRA,OK,843,,100000,99592,month
CTV,NO_DATA,0,EMPTY_SERIES,100000,99784,month
CTXS,OK,777,,100000,99590,month
CTY,NO_DATA,0,HTTP_404_SECURITY_NOT_FOUND,100000,99589,month
CTZ,NO_DATA,0,HTTP_404_SECURITY_NOT_FOUND,100000,99588,month
CUBI-P-C,NO_DATA,0,HTTP_404_SECURITY_NOT_FOUND,100000,99586,month
CUBI-P-D,NO_DATA,0,HTTP_404_SECURITY_NOT_FOUND,100000,99587,month
CUBI-P-E,NO_DATA,0,HTTP_404_SECURITY_NOT_FOUND,100000,99584,month
CUBI-P-F,NO_DATA,0,HTTP_404_SECURITY_NOT_FOUND,100000,99583,month
CUK,NO_DATA,0,HTTP_404_SECURITY_NOT_FOUND,100000,99585,month
CUO,NO_DATA,0,HTTP_404_SECURITY_NOT_FOUND,100000,99582,month
CVA,NO_DATA,0,EMPTY_SERIES,100000,99783,month
CVET,NO_DATA,0,EMPTY_SERIES,100000,99581,month
CVGW,OK,843,,100000,99580,month
CVIA,NO_DATA,0,HTTP_404_SECURITY_NOT_FOUND,100000,99782,month
CVLY,OK,843,,100000,99781,month
CVRX,OK,382,,100000,99579,month
CVT,NO_DATA,0,EMPTY_SERIES,100000,99577,month
CXO,NO_DATA,0,HTTP_404_SECURITY_NOT_FOUND,100000,99578,month
CXP,OK,577,,100000,99576,month
CYBE,NO_DATA,0,EMPTY_SERIES,100000,99575,month
CYN,OK,304,,100000,99640,month
CYTT,NO_DATA,0,HTTP_404_SECURITY_NOT_FOUND,100000,99639,month
DAWN,OK,405,,100000,99496,month
DBGI,OK,414,,100000,99495,month
DBRG-P-G,NO_DATA,0,HTTP_404_SECURITY_NOT_FOUND,100000,99493,month
DBRG-P-H,NO_DATA,0,HTTP_404_SECURITY_NOT_FOUND,100000,99494,month
DBRG-P-I,NO_DATA,0,HTTP_404_SECURITY_NOT_FOUND,100000,99492,month
DBRG-P-J,NO_DATA,0,HTTP_404_SECURITY_NOT_FOUND,100000,99491,month
DBS,NO_DATA,0,HTTP_404_SECURITY_NOT_FOUND,100000,99489,month
DBTX,NO_DATA,0,HTTP_404_SECURITY_NOT_FOUND,100000,99490,month
DBV,NO_DATA,0,HTTP_404_SECURITY_NOT_FOUND,100000,99488,month
DC,OK,189,,100000,99487,month
DCOMP,NO_DATA,0,HTTP_404_SECURITY_NOT_FOUND,100000,99780,month
DCP,OK,843,,100000,99526,month
DCP-P-B,NO_DATA,0,HTTP_404_SECURITY_NOT_FOUND,100000,99527,month
DCP-P-C,NO_DATA,0,HTTP_404_SECURITY_NOT_FOUND,100000,99525,month
DCPH,NO_DATA,0,EMPTY_SERIES,100000,99524,month
DENN,NO_DATA,0,EMPTY_SERIES,100000,99523,month
DERM,OK,287,,100000,99522,month
DEST,NO_DATA,0,HTTP_404_SECURITY_NOT_FOUND,100000,99518,month
DFS,NO_DATA,0,EMPTY_SERIES,100000,99519,month
DGL,NO_DATA,0,HTTP_404_SECURITY_NOT_FOUND,100000,99521,month
DHCNL,NO_DATA,0,HTTP_404_SECURITY_NOT_FOUND,100000,99520,month
DIBS,OK,396,,100000,99517,month
DICE,NO_DATA,0,HTTP_404_SECURITY_NOT_FOUND,100000,99516,month
DIVC,NO_DATA,0,HTTP_404_SECURITY_NOT_FOUND,100000,99515,month
DLPH,NO_DATA,0,HTTP_404_SECURITY_NOT_FOUND,100000,99514,month
DLR-P-C,NO_DATA,0,HTTP_404_SECURITY_NOT_FOUND,100000,99486,month
DLR-P-G,NO_DATA,0,HTTP_404_SECURITY_NOT_FOUND,100000,99483,month
DLR-P-I,NO_DATA,0,HTTP_404_SECURITY_NOT_FOUND,100000,99487,month
DLR-P-J,NO_DATA,0,HTTP_404_SECURITY_NOT_FOUND,100000,99486,month
DLR-P-K,NO_DATA,0,HTTP_404_SECURITY_NOT_FOUND,100000,99485,month
DLR-P-L,NO_DATA,0,HTTP_404_SECURITY_NOT_FOUND,100000,99484,month
DNB,OK,634,,100000,99513,month
DNKN,NO_DATA,0,HTTP_404_SECURITY_NOT_FOUND,100000,99481,month
DNR,NO_DATA,0,HTTP_404_SECURITY_NOT_FOUND,100000,99480,month
DO,OK,194,,100000,99512,month
DOCN,OK,450,,100000,99482,month
DOOR,NO_DATA,0,EMPTY_SERIES,100000,99479,month
DOUG,OK,255,,100000,99478,month
DPSI,NO_DATA,0,EMPTY_SERIES,100000,99477,month
DRAY,NO_DATA,0,HTTP_404_SECURITY_NOT_FOUND,100000,99476,month
DRE,OK,830,,100000,99475,month
DRH-P-A,NO_DATA,0,HTTP_404_SECURITY_NOT_FOUND,100000,99474,month
DRMA,OK,351,,100000,99473,month
DRNA,NO_DATA,0,EMPTY_SERIES,100000,99472,month
DRRX,NO_DATA,0,EMPTY_SERIES,100000,99511,month
DRUA,NO_DATA,0,HTTP_404_SECURITY_NOT_FOUND,100000,99510,month
DRVN,OK,497,,100000,99509,month
DSEY,NO_DATA,0,EMPTY_SERIES,100000,99471,month
DSGN,OK,447,,100000,99508,month
DSKE,NO_DATA,0,EMPTY_SERIES,100000,99469,month
DSSI,OK,479,,100000,99468,month
DTE 6.25,NO_DATA,0,HTTP_404_SECURITY_NOT_FOUND,100000,99470,month
DTG,NO_DATA,0,HTTP_404_SECURITY_NOT_FOUND,100000,99439,month
DTJ,NO_DATA,0,HTTP_404_SECURITY_NOT_FOUND,100000,99465,month
DTQ,NO_DATA,0,HTTP_404_SECURITY_NOT_FOUND,100000,99466,month
DTY,NO_DATA,0,HTTP_404_SECURITY_NOT_FOUND,100000,99467,month
DUK-P-A,NO_DATA,0,HTTP_404_SECURITY_NOT_FOUND,100000,99464,month
DUKH,NO_DATA,0,HTTP_404_SECURITY_NOT_FOUND,100000,99463,month
DV,OK,431,,100000,99462,month
DVAX,NO_DATA,0,EMPTY_SERIES,100000,99461,month
DVCR,NO_DATA,0,EMPTY_SERIES,100000,99460,month
DVD,NO_DATA,0,EMPTY_SERIES,100000,99459,month
DWTX,OK,515,,100000,99458,month
DX-P-B,NO_DATA,0,HTTP_404_SECURITY_NOT_FOUND,100000,99457,month
DX-P-C,NO_DATA,0,HTTP_404_SECURITY_NOT_FOUND,100000,99456,month
DYN,OK,579,,100000,99452,month
EA,OK,843,,100000,99455,month
EAR,NO_DATA,0,EMPTY_SERIES,100000,99454,month
EBAYL,NO_DATA,0,HTTP_404_SECURITY_NOT_FOUND,100000,99453,month
EBC,OK,560,,100000,99451,month
EBSB,OK,556,,100000,99449,month
ECOM,NO_DATA,0,EMPTY_SERIES,100000,99450,month
EDBL,OK,168,,100000,99447,month
EDR,OK,426,,100000,99448,month
EEX,OK,843,,100000,99446,month
EFC-P-A,NO_DATA,0,HTTP_404_SECURITY_NOT_FOUND,100000,99445,month
EFC-P-B,NO_DATA,0,HTTP_404_SECURITY_NOT_FOUND,100000,99444,month
EFSCP,NO_DATA,0,HTTP_404_SECURITY_NOT_FOUND,100000,99443,month
EGLE,OK,843,,100000,99442,month
EGOV,OK,412,,100000,99441,month
EHAB,OK,135,,100000,99440,month
EIDX,NO_DATA,0,HTTP_404_SECURITY_NOT_FOUND,100000,99438,month
EIGI,NO_DATA,0,HTTP_404_SECURITY_NOT_FOUND,100000,99435,month
ELEV,NO_DATA,0,EMPTY_SERIES,100000,99437,month
ELSE,OK,842,,100000,99436,month
ELVT,NO_DATA,0,EMPTY_SERIES,100000,99434,month
EMAN,NO_DATA,0,EMPTY_SERIES,100000,99433,month
EMBCV,NO_DATA,0,HTTP_404_SECURITY_NOT_FOUND,100000,99429,month
EMCF,OK,696,,100000,99430,month
EMKR,NO_DATA,0,EMPTY_SERIES,100000,99432,month
ENBA,NO_DATA,0,HTTP_404_SECURITY_NOT_FOUND,100000,99431,month
ENBL,NO_DATA,0,HTTP_404_SECURITY_NOT_FOUND,100000,99428,month
ENER,OK,204,,100000,99426,month
ENERR,NO_DATA,0,HTTP_404_SECURITY_NOT_FOUND,100000,99424,month
ENLC,OK,843,,100000,99427,month
ENV,OK,843,,100000,99421,month
EPIX,NO_DATA,0,EMPTY_SERIES,100000,99423,month
EPR-P-C,NO_DATA,0,HTTP_404_SECURITY_NOT_FOUND,100000,99425,month
EPR-P-E,NO_DATA,0,HTTP_404_SECURITY_NOT_FOUND,100000,99422,month
EPR-P-G,NO_DATA,0,HTTP_404_SECURITY_NOT_FOUND,100000,99419,month
EPZM,NO_DATA,0,EMPTY_SERIES,100000,99420,month
EQC,NO_DATA,0,EMPTY_SERIES,100000,99429,month
EQC-P-D,NO_DATA,0,HTTP_404_SECURITY_NOT_FOUND,100000,99485,month
EQH-P-A,NO_DATA,0,HTTP_404_SECURITY_NOT_FOUND,100000,99428,month
EQH-P-C,NO_DATA,0,HTTP_404_SECURITY_NOT_FOUND,100000,99484,month
EQM,NO_DATA,0,HTTP_404_SECURITY_NOT_FOUND,100000,99430,month
EQRX,NO_DATA,0,HTTP_404_SECURITY_NOT_FOUND,100000,99483,month
ERAS,OK,371,,100000,99481,month
ESAB,OK,191,,100000,99480,month
ESGR,OK,843,,100000,99482,month
ESMT,OK,324,,100000,99479,month
ESPR,OK,842,,100000,99478,month
ESSA,OK,843,,100000,99417,month
ESSC,NO_DATA,0,HTTP_404_SECURITY_NOT_FOUND,100000,99418,month
ESXB,OK,571,,100000,99416,month
ET-P-C,NO_DATA,0,HTTP_404_SECURITY_NOT_FOUND,100000,99414,month
ET-P-D,NO_DATA,0,HTTP_404_SECURITY_NOT_FOUND,100000,99476,month
ET-P-E,NO_DATA,0,HTTP_404_SECURITY_NOT_FOUND,100000,99415,month
ETFC,NO_DATA,0,HTTP_404_SECURITY_NOT_FOUND,100000,99413,month
ETNB,NO_DATA,0,EMPTY_SERIES,100000,99477,month
ETP-P-C,NO_DATA,0,HTTP_404_SECURITY_NOT_FOUND,100000,99412,month
ETRN,OK,848,,100000,99474,month
ETTX,NO_DATA,0,EMPTY_SERIES,100000,99475,month
EUCR,NO_DATA,0,HTTP_404_SECURITY_NOT_FOUND,100000,99473,month
EUDA,OK,203,,100000,99472,month
EVA,NO_DATA,0,EMPTY_SERIES,100000,99411,month
EVBG,NO_DATA,0,EMPTY_SERIES,100000,99410,month
EVBN,OK,927,,100000,99409,month
EVEX,OK,165,,100000,99408,month
EVOK,NO_DATA,0,EMPTY_SERIES,100000,99406,month
EVRI,OK,843,,100000,99405,month
EWTX,OK,448,,100000,99407,month
EXAS,OK,842,,100000,99471,month
EXTN,NO_DATA,0,EMPTY_SERIES,100000,99404,month
FA,OK,387,,100000,99470,month
FARO,NO_DATA,0,EMPTY_SERIES,100000,99403,month
FBC,OK,819,,100000,99400,month
FBM,NO_DATA,0,HTTP_404_SECURITY_NOT_FOUND,100000,99402,month
FBRT,OK,305,,100000,99401,month
FBRT-P-E,NO_DATA,0,HTTP_404_SECURITY_NOT_FOUND,100000,99399,month
FBRX,OK,842,,100000,99397,month
FCBP,NO_DATA,0,EMPTY_SERIES,100000,99396,month
FCCY,NO_DATA,0,EMPTY_SERIES,100000,99469,month
FCRD,OK,843,,100000,99398,month
FCRW,NO_DATA,0,HTTP_404_SECURITY_NOT_FOUND,100000,99496,month
FCRX,NO_DATA,0,HTTP_404_SECURITY_NOT_FOUND,100000,99394,month
FCRZ,NO_DATA,0,HTTP_404_SECURITY_NOT_FOUND,100000,99395,month
FDMT,OK,519,,100000,99393,month
FDUSG,NO_DATA,0,HTTP_404_SECURITY_NOT_FOUND,100000,99392,month
FDUSL,NO_DATA,0,HTTP_404_SECURITY_NOT_FOUND,100000,99498,month
FDUSZ,NO_DATA,0,HTTP_404_SECURITY_NOT_FOUND,100000,99390,month
FEAM,OK,204,,100000,99391,month
FEMY,OK,390,,100000,99497,month
FEXDR,NO_DATA,0,HTTP_404_SECURITY_NOT_FOUND,100000,99495,month
FFIC,OK,843,,100000,99389,month
FFNW,OK,843,,100000,99396,month
FFWM,OK,843,,100000,99388,month
FGBIP,NO_DATA,0,HTTP_404_SECURITY_NOT_FOUND,100000,99395,month
FGI,OK,238,,100000,99394,month
FGP,NO_DATA,0,HTTP_404_SECURITY_NOT_FOUND,100000,99387,month
FHLT,OK,155,,100000,99386,month
FHN-P-A,NO_DATA,0,HTTP_404_SECURITY_NOT_FOUND,100000,99385,month
FHN-P-B,NO_DATA,0,HTTP_404_SECURITY_NOT_FOUND,100000,99487,month
FHN-P-C,NO_DATA,0,HTTP_404_SECURITY_NOT_FOUND,100000,99486,month
FHN-P-D,NO_DATA,0,HTTP_404_SECURITY_NOT_FOUND,100000,99393,month
FHN-P-E,NO_DATA,0,HTTP_404_SECURITY_NOT_FOUND,100000,99485,month
FHN-P-F,NO_DATA,0,HTTP_404_SECURITY_NOT_FOUND,100000,99392,month
FHTX,OK,553,,100000,99294,month
FINW,OK,283,,100000,99292,month
FIP,OK,118,,100000,99293,month
FITB-P-A,NO_DATA,0,HTTP_404_SECURITY_NOT_FOUND,100000,99291,month
FITB-P-I,NO_DATA,0,HTTP_404_SECURITY_NOT_FOUND,100000,99289,month
FITB-P-K,NO_DATA,0,HTTP_404_SECURITY_NOT_FOUND,100000,99290,month
FL,NO_DATA,0,EMPTY_SERIES,100000,99287,month
FLG-P-A,NO_DATA,0,HTTP_404_SECURITY_NOT_FOUND,100000,99288,month
FLIC,OK,843,,100000,99286,month
FLIR,OK,428,,100000,99285,month
FLUX,OK,602,,100000,99391,month
FLYW,OK,407,,100000,99284,month
FMBI,OK,620,,100000,99390,month
FMCI,NO_DATA,0,HTTP_404_SECURITY_NOT_FOUND,100000,99389,month
FMTX,NO_DATA,0,EMPTY_SERIES,100000,99388,month
FNA,NO_DATA,0,EMPTY_SERIES,100000,99387,month
FNCB,OK,843,,100000,99386,month
FNJN,NO_DATA,0,HTTP_404_SECURITY_NOT_FOUND,100000,99384,month
FOE,OK,670,,100000,99382,month
FOLD,OK,842,,100000,99385,month
FONR,OK,843,,100000,99383,month
FORA,OK,843,,100000,99381,month
FOSLL,NO_DATA,0,HTTP_404_SECURITY_NOT_FOUND,100000,99379,month
FPI-P-B,NO_DATA,0,HTTP_404_SECURITY_NOT_FOUND,100000,99380,month
FPRX,NO_DATA,0,EMPTY_SERIES,100000,99378,month
FRANQ,NO_DATA,0,HTTP_404_SECURITY_NOT_FOUND,100000,99377,month
FREQ,NO_DATA,0,EMPTY_SERIES,100000,99282,month
FRGAP,NO_DATA,0,HTTP_404_SECURITY_NOT_FOUND,100000,99283,month
FRGI,OK,843,,100000,99376,month
FROG,OK,580,,100000,99280,month
FRT-P-C,NO_DATA,0,HTTP_404_SECURITY_NOT_FOUND,100000,99281,month
FRTA,OK,642,,100000,99278,month
FSB,NO_DATA,0,HTTP_404_SECURITY_NOT_FOUND,100000,99279,month
FSBC,OK,422,,100000,99277,month
FSCT,NO_DATA,0,HTTP_404_SECURITY_NOT_FOUND,100000,99276,month
FSFG,OK,829,,100000,99275,month
FSTX,NO_DATA,0,EMPTY_SERIES,100000,99375,month
FSUN,OK,72,,100000,99374,month
FTAIN,NO_DATA,0,HTTP_404_SECURITY_NOT_FOUND,100000,99372,month
FTAIO,NO_DATA,0,HTTP_404_SECURITY_NOT_FOUND,100000,99373,month
FTAIP,NO_DATA,0,HTTP_404_SECURITY_NOT_FOUND,100000,99274,month
FTCI,OK,426,,100000,99371,month
FTHM,OK,612,,100000,99273,month
FTNW,NO_DATA,0,HTTP_404_SECURITY_NOT_FOUND,100000,99272,month
FTPA,NO_DATA,0,HTTP_404_SECURITY_NOT_FOUND,100000,99271,month
FTR,NO_DATA,0,HTTP_404_SECURITY_NOT_FOUND,100000,99270,month
FTSV,NO_DATA,0,HTTP_404_SECURITY_NOT_FOUND,100000,99268,month
FULTP,NO_DATA,0,HTTP_404_SECURITY_NOT_FOUND,100000,99269,month
FUSN,NO_DATA,0,EMPTY_SERIES,100000,99370,month
FVE,NO_DATA,0,HTTP_404_SECURITY_NOT_FOUND,100000,99267,month
FXCOR,NO_DATA,0,HTTP_404_SECURITY_NOT_FOUND,100000,99369,month
FYBR,OK,423,,100000,99368,month
GACQ,NO_DATA,0,HTTP_404_SECURITY_NOT_FOUND,100000,99367,month
GAN,OK,674,,100000,99366,month
GANX,OK,453,,100000,99365,month
GATO,NO_DATA,0,HTTP_404_SECURITY_NOT_FOUND,100000,99364,month
GBBKR,NO_DATA,0,HTTP_404_SECURITY_NOT_FOUND,100000,99363,month
GBIO,NO_DATA,0,EMPTY_SERIES,100000,99362,month
GBLIZ,NO_DATA,0,HTTP_404_SECURITY_NOT_FOUND,100000,99361,month
GBLL,NO_DATA,0,HTTP_404_SECURITY_NOT_FOUND,100000,99359,month
GBT,NO_DATA,0,EMPTY_SERIES,100000,99360,month
GCAP,NO_DATA,0,HTTP_404_SECURITY_NOT_FOUND,100000,99357,month
GCP,OK,786,,100000,99358,month
GDEN,OK,843,,100000,99356,month
GDNR,NO_DATA,0,HTTP_404_SECURITY_NOT_FOUND,100000,99355,month
GDP,NO_DATA,0,EMPTY_SERIES,100000,99354,month
GEENQ,NO_DATA,0,HTTP_404_SECURITY_NOT_FOUND,100000,99353,month
GEGGL,NO_DATA,0,HTTP_404_SECURITY_NOT_FOUND,100000,99351,month
GES,NO_DATA,0,EMPTY_SERIES,100000,99352,month
GFED,OK,587,,100000,99350,month
GFGDR,NO_DATA,0,HTTP_404_SECURITY_NOT_FOUND,100000,99348,month
GFN,NO_DATA,0,EMPTY_SERIES,100000,99349,month
GFNCP,NO_DATA,0,HTTP_404_SECURITY_NOT_FOUND,100000,99347,month
GFNSL,NO_DATA,0,HTTP_404_SECURITY_NOT_FOUND,100000,99346,month
GFNSZ,NO_DATA,0,HTTP_404_SECURITY_NOT_FOUND,100000,99344,month
GGGVR,NO_DATA,0,HTTP_404_SECURITY_NOT_FOUND,100000,99266,month
GHL,NO_DATA,0,EMPTY_SERIES,100000,99345,month
GHSI,NO_DATA,0,EMPTY_SERIES,100000,99342,month
GIFI,NO_DATA,0,EMPTY_SERIES,100000,99343,month
GIFT,OK,501,,100000,99265,month
GIGL,OK,378,,100000,99341,month
GIW,OK,246,,100000,99340,month
GIXRT,NO_DATA,0,HTTP_404_SECURITY_NOT_FOUND,100000,99338,month
GL-P-D,NO_DATA,0,HTTP_404_SECURITY_NOT_FOUND,100000,99339,month
GLAQ,NO_DATA,0,HTTP_404_SECURITY_NOT_FOUND,100000,99337,month
GLDD,OK,842,,100000,99336,month
GLIBP,NO_DATA,0,HTTP_404_SECURITY_NOT_FOUND,100000,99335,month
GLP-P-A,NO_DATA,0,HTTP_404_SECURITY_NOT_FOUND,100000,99334,month
GLP-P-B,NO_DATA,0,HTTP_404_SECURITY_NOT_FOUND,100000,99333,month
GLSI,OK,573,,100000,99332,month
GLUE,OK,386,,100000,99330,month
GLUU,OK,417,,100000,99331,month
GMS,NO_DATA,0,EMPTY_SERIES,100000,99329,month
GMTA,NO_DATA,0,HTTP_404_SECURITY_NOT_FOUND,100000,99328,month
GNC,NO_DATA,0,HTTP_404_SECURITY_NOT_FOUND,100000,99327,month
GNE-P-A,NO_DATA,0,HTTP_404_SECURITY_NOT_FOUND,100000,99326,month
GNL-P-A,NO_DATA,0,HTTP_404_SECURITY_NOT_FOUND,100000,99325,month
GNL-P-B,NO_DATA,0,HTTP_404_SECURITY_NOT_FOUND,100000,99323,month
GNMK,NO_DATA,0,EMPTY_SERIES,100000,99324,month
GNTY,OK,843,,100000,99321,month
GOODM,NO_DATA,0,HTTP_404_SECURITY_NOT_FOUND,100000,99322,month
GOODO,NO_DATA,0,HTTP_404_SECURITY_NOT_FOUND,100000,99319,month
GORV,NO_DATA,0,EMPTY_SERIES,100000,99320,month
GOVN,NO_DATA,0,HTTP_404_SECURITY_NOT_FOUND,100000,99318,month
GOVX,OK,573,,100000,99317,month
GPAC,NO_DATA,0,EMPTY_SERIES,100000,99316,month
GPAQ,NO_DATA,0,HTTP_404_SECURITY_NOT_FOUND,100000,99315,month
GPCOR,NO_DATA,0,HTTP_404_SECURITY_NOT_FOUND,100000,99314,month
GPMT-P-A,NO_DATA,0,HTTP_404_SECURITY_NOT_FOUND,100000,99313,month
GPOR,OK,413,,100000,99312,month
GPP,OK,843,,100000,99264,month
GPX,OK,535,,100000,99311,month
GRA,OK,524,,100000,99263,month
GRAF,NO_DATA,0,EMPTY_SERIES,100000,99262,month
GRBK-P-A,NO_DATA,0,HTTP_404_SECURITY_NOT_FOUND,100000,99261,month
GREEL,NO_DATA,0,HTTP_404_SECURITY_NOT_FOUND,100000,99260,month
GRNA,NO_DATA,0,HTTP_404_SECURITY_NOT_FOUND,100000,99258,month
GRUB,NO_DATA,0,EMPTY_SERIES,100000,99259,month
GRYP,NO_DATA,0,HTTP_404_SECURITY_NOT_FOUND,100000,99257,month
GS-P-A,NO_DATA,0,HTTP_404_SECURITY_NOT_FOUND,100000,99310,month
GS-P-C,NO_DATA,0,HTTP_404_SECURITY_NOT_FOUND,100000,99256,month
GS-P-D,NO_DATA,0,HTTP_404_SECURITY_NOT_FOUND,100000,99308,month
GS-P-J,NO_DATA,0,HTTP_404_SECURITY_NOT_FOUND,100000,99309,month
GS-P-K,NO_DATA,0,HTTP_404_SECURITY_NOT_FOUND,100000,99255,month
GS-P-N,NO_DATA,0,HTTP_404_SECURITY_NOT_FOUND,100000,99254,month
GSB,NO_DATA,0,HTTP_404_SECURITY_NOT_FOUND,100000,99253,month
GTHX,NO_DATA,0,EMPTY_SERIES,100000,99252,month
GTLS,OK,843,,100000,99251,month
GTLS-P-B,NO_DATA,0,HTTP_404_SECURITY_NOT_FOUND,100000,99250,month
GTM,OK,652,,100000,99249,month
GTS,NO_DATA,0,EMPTY_SERIES,100000,99307,month
GTXAP,NO_DATA,0,HTTP_404_SECURITY_NOT_FOUND,100000,99294,month
GTYH,NO_DATA,0,EMPTY_SERIES,100000,99248,month
GV,OK,160,,100000,99293,month
GVP,NO_DATA,0,EMPTY_SERIES,100000,99292,month
GWB,OK,615,,100000,99291,month
GWGHQ,NO_DATA,0,EMPTY_SERIES,100000,99306,month
GWII,NO_DATA,0,HTTP_404_SECURITY_NOT_FOUND,100000,99305,month
GWPH,NO_DATA,0,EMPTY_SERIES,100000,99289,month
GXO,OK,368,,100000,99290,month
HA,NO_DATA,0,EMPTY_SERIES,100000,99288,month
HABT,NO_DATA,0,HTTP_404_SECURITY_NOT_FOUND,100000,99287,month
HARP,NO_DATA,0,EMPTY_SERIES,100000,99400,month
HAYN,OK,843,,100000,99399,month
HAYW,OK,459,,100000,99195,month
HBI,NO_DATA,0,EMPTY_SERIES,100000,99398,month
HBMD,NO_DATA,0,HTTP_404_SECURITY_NOT_FOUND,100000,99286,month
HBP,NO_DATA,0,EMPTY_SERIES,100000,99192,month
HCAPZ,NO_DATA,0,HTTP_404_SECURITY_NOT_FOUND,100000,99193,month
HCCH,NO_DATA,0,HTTP_404_SECURITY_NOT_FOUND,100000,99194,month
HCCHR,NO_DATA,0,HTTP_404_SECURITY_NOT_FOUND,100000,99285,month
HCCI,OK,843,,100000,99284,month
HCTI,OK,309,,100000,99157,month
HCWB,OK,369,,100000,99283,month
HCXZ,NO_DATA,0,HTTP_404_SECURITY_NOT_FOUND,100000,99191,month
HDS,NO_DATA,0,HTTP_404_SECURITY_NOT_FOUND,100000,99282,month
HEES,NO_DATA,0,EMPTY_SERIES,100000,99190,month
HES,OK,843,,100000,99189,month
HGH,NO_DATA,0,HTTP_404_SECURITY_NOT_FOUND,100000,99188,month
HHGC,OK,130,,100000,99187,month
HHGCR,NO_DATA,0,HTTP_404_SECURITY_NOT_FOUND,100000,99185,month
HI,NO_DATA,0,EMPTY_SERIES,100000,99186,month
HIBB,NO_DATA,0,EMPTY_SERIES,100000,99281,month
HIG-P-G,NO_DATA,0,HTTP_404_SECURITY_NOT_FOUND,100000,99280,month
HIL,NO_DATA,0,EMPTY_SERIES,100000,99279,month
HLMN,OK,527,,100000,99278,month
HLVX,NO_DATA,0,EMPTY_SERIES,100000,99148,month
HLX,OK,842,,100000,99184,month
HMAC,NO_DATA,0,HTTP_404_SECURITY_NOT_FOUND,100000,99277,month
HMACR,NO_DATA,0,HTTP_404_SECURITY_NOT_FOUND,100000,99183,month
HMG,NO_DATA,0,EMPTY_SERIES,100000,99182,month
HMHC,NO_DATA,0,EMPTY_SERIES,100000,99181,month
HMNF,OK,776,,100000,99179,month
HMPT,NO_DATA,0,EMPTY_SERIES,100000,99178,month
HMST,NO_DATA,0,EMPTY_SERIES,100000,99180,month
HMSY,OK,399,,100000,99176,month
HNNAZ,NO_DATA,0,HTTP_404_SECURITY_NOT_FOUND,100000,99177,month
HNST,OK,422,,100000,99175,month
HOLO,OK,356,,100000,99174,month
HOLX,OK,843,,100000,99173,month
HOME,NO_DATA,0,EMPTY_SERIES,100000,99147,month
HOUR,OK,249,,100000,99146,month
HOUS,NO_DATA,0,EMPTY_SERIES,100000,99145,month
HOWL,OK,424,,100000,99172,month
HPP-P-C,NO_DATA,0,HTTP_404_SECURITY_NOT_FOUND,100000,99171,month
HPR,NO_DATA,0,EMPTY_SERIES,100000,99170,month
HRC,OK,576,,100000,99169,month
HRMY,OK,600,,100000,99144,month
HRT,NO_DATA,0,EMPTY_SERIES,100000,99143,month
HSCS,OK,139,,100000,99141,month
HSII,NO_DATA,0,EMPTY_SERIES,100000,99142,month
HT-P-C,NO_DATA,0,HTTP_404_SECURITY_NOT_FOUND,100000,99140,month
HT-P-D,NO_DATA,0,HTTP_404_SECURITY_NOT_FOUND,100000,99139,month
HT-P-E,NO_DATA,0,HTTP_404_SECURITY_NOT_FOUND,100000,99138,month
HTBK,OK,843,,100000,99168,month
HTCR,OK,227,,100000,99137,month
HTFA,NO_DATA,0,HTTP_404_SECURITY_NOT_FOUND,100000,99135,month
HTFC,NO_DATA,0,HTTP_404_SECURITY_NOT_FOUND,100000,99136,month
HTLF,NO_DATA,0,EMPTY_SERIES,100000,99133,month
HTLFP,NO_DATA,0,HTTP_404_SECURITY_NOT_FOUND,100000,99134,month
HUDA,OK,7,,100000,99132,month
HUDAR,NO_DATA,0,HTTP_404_SECURITY_NOT_FOUND,100000,99130,month
HVBC,NO_DATA,0,EMPTY_SERIES,100000,99129,month
HWCC,NO_DATA,0,EMPTY_SERIES,100000,99131,month
HWCPL,NO_DATA,0,HTTP_404_SECURITY_NOT_FOUND,100000,99128,month
HWCPZ,NO_DATA,0,HTTP_404_SECURITY_NOT_FOUND,100000,99152,month
HYFM,OK,520,,100000,99126,month
HZN,NO_DATA,0,EMPTY_SERIES,100000,99127,month
I,NO_DATA,0,HTTP_404_SECURITY_NOT_FOUND,100000,99125,month
IAA,OK,848,,100000,99167,month
IAS,NO_DATA,0,EMPTY_SERIES,100000,99166,month
IAUM,NO_DATA,0,HTTP_404_SECURITY_NOT_FOUND,100000,99124,month
IBKC,NO_DATA,0,HTTP_404_SECURITY_NOT_FOUND,100000,99165,month
ICAD,NO_DATA,0,EMPTY_SERIES,100000,99123,month
ICBK,NO_DATA,0,EMPTY_SERIES,100000,99164,month
ICCH,NO_DATA,0,EMPTY_SERIES,100000,99163,month
ICON,NO_DATA,0,EMPTY_SERIES,100000,99122,month
ICPT,NO_DATA,0,EMPTY_SERIES,100000,99162,month
ICR-P-A,NO_DATA,0,HTTP_404_SECURITY_NOT_FOUND,100000,99121,month
ICVX,NO_DATA,0,EMPTY_SERIES,100000,99120,month
IEC,NO_DATA,0,EMPTY_SERIES,100000,99119,month
IFF-WI,NO_DATA,0,HTTP_404_SECURITY_NOT_FOUND,100000,99118,month
IGMS,NO_DATA,0,EMPTY_SERIES,100000,99161,month
IIN,NO_DATA,0,EMPTY_SERIES,100000,99117,month
IIPR-P-A,NO_DATA,0,HTTP_404_SECURITY_NOT_FOUND,100000,99160,month
IKT,OK,512,,100000,99159,month
IMA,OK,448,,100000,99158,month
IMBIL,NO_DATA,0,HTTP_404_SECURITY_NOT_FOUND,100000,99154,month
IMGN,NO_DATA,0,EMPTY_SERIES,100000,99156,month
IMGO,NO_DATA,0,HTTP_404_SECURITY_NOT_FOUND,100000,99155,month
IMH-P--B,NO_DATA,0,HTTP_404_SECURITY_NOT_FOUND,100000,99153,month
IMH-P--C,NO_DATA,0,HTTP_404_SECURITY_NOT_FOUND,100000,99151,month
IMMU,NO_DATA,0,HTTP_404_SECURITY_NOT_FOUND,100000,99150,month
IMMX,OK,264,,100000,99149,month
INAB,OK,361,,100000,99116,month
INAPQ,NO_DATA,0,HTTP_404_SECURITY_NOT_FOUND,100000,99148,month
INBKL,NO_DATA,0,HTTP_404_SECURITY_NOT_FOUND,100000,99130,month
INBS,OK,511,,100000,99147,month
INBX,NO_DATA,0,EMPTY_SERIES,100000,99146,month
INDT,OK,841,,100000,99145,month
INFA,NO_DATA,0,EMPTY_SERIES,100000,99143,month
INFN,OK,843,,100000,99144,month
INKT,OK,307,,100000,99129,month
INN-P-D,NO_DATA,0,HTTP_404_SECURITY_NOT_FOUND,100000,99128,month
INN-P-E,NO_DATA,0,HTTP_404_SECURITY_NOT_FOUND,100000,99142,month
INN-P-F,NO_DATA,0,HTTP_404_SECURITY_NOT_FOUND,100000,99141,month
INNV,OK,464,,100000,99127,month
INTA,OK,382,,100000,99126,month
INWK,NO_DATA,0,HTTP_404_SECURITY_NOT_FOUND,100000,99125,month
INZY,NO_DATA,0,EMPTY_SERIES,100000,99124,month
IOTS,NO_DATA,0,HTTP_404_SECURITY_NOT_FOUND,100000,99140,month
IPHI,NO_DATA,0,HTTP_404_SECURITY_NOT_FOUND,100000,99115,month
IPSC,OK,390,,100000,99123,month
IPW,OK,416,,100000,99114,month
IROQ,OK,689,,100000,99113,month
ISBC,OK,656,,100000,99112,month
ISEE,NO_DATA,0,EMPTY_SERIES,100000,99111,month
ISLE,NO_DATA,0,HTTP_404_SECURITY_NOT_FOUND,100000,99110,month
ISNS,OK,614,,100000,99108,month
ISO,NO_DATA,0,HTTP_404_SECURITY_NOT_FOUND,100000,99107,month
ISPC,OK,391,,100000,99109,month
ITCI,NO_DATA,0,EMPTY_SERIES,100000,99106,month
ITG,NO_DATA,0,EMPTY_SERIES,100000,99103,month
ITI,NO_DATA,0,EMPTY_SERIES,100000,99104,month
ITOS,NO_DATA,0,EMPTY_SERIES,100000,99105,month
IVAC,NO_DATA,0,EMPTY_SERIES,100000,99139,month
IVR-P-A,NO_DATA,0,HTTP_404_SECURITY_NOT_FOUND,100000,99138,month
IVR-P-B,NO_DATA,0,HTTP_404_SECURITY_NOT_FOUND,100000,99137,month
IVR-P-C,NO_DATA,0,HTTP_404_SECURITY_NOT_FOUND,100000,99102,month
IVVD,OK,356,,100000,99101,month
JAMF,NO_DATA,0,EMPTY_SERIES,100000,99099,month
JANX,OK,395,,100000,99100,month
JAQC,OK,221,,100000,99098,month
JCAP,NO_DATA,0,EMPTY_SERIES,100000,99097,month
JCAP-P-B,NO_DATA,0,HTTP_404_SECURITY_NOT_FOUND,100000,99096,month
JGGCR,NO_DATA,0,HTTP_404_SECURITY_NOT_FOUND,100000,99136,month
JHG,OK,849,,100000,99095,month
JMP,NO_DATA,0,HTTP_404_SECURITY_NOT_FOUND,100000,99094,month
JMPNZ,NO_DATA,0,HTTP_404_SECURITY_NOT_FOUND,100000,99093,month
JNCE,NO_DATA,0,EMPTY_SERIES,100000,99092,month
JNPR,OK,844,,100000,99090,month
JOANQ,NO_DATA,0,EMPTY_SERIES,100000,99091,month
JOBY,OK,542,,100000,99086,month
JPM-P-C,NO_DATA,0,HTTP_404_SECURITY_NOT_FOUND,100000,99089,month
JPM-P-D,NO_DATA,0,HTTP_404_SECURITY_NOT_FOUND,100000,99088,month
JPM-P-G,NO_DATA,0,HTTP_404_SECURITY_NOT_FOUND,100000,99087,month
JPM-P-J,NO_DATA,0,HTTP_404_SECURITY_NOT_FOUND,100000,99083,month
JPM-P-K,NO_DATA,0,HTTP_404_SECURITY_NOT_FOUND,100000,99085,month
JPM-P-L,NO_DATA,0,HTTP_404_SECURITY_NOT_FOUND,100000,99084,month
JWACR,NO_DATA,0,HTTP_404_SECURITY_NOT_FOUND,100000,99135,month
JWN,OK,844,,100000,99082,month
KACL,NO_DATA,0,HTTP_404_SECURITY_NOT_FOUND,100000,99080,month
KACLR,NO_DATA,0,HTTP_404_SECURITY_NOT_FOUND,100000,99081,month
KALV,OK,842,,100000,99079,month
KAMN,NO_DATA,0,EMPTY_SERIES,100000,99077,month
KBLMR,NO_DATA,0,HTTP_404_SECURITY_NOT_FOUND,100000,99078,month
KCAPL,NO_DATA,0,HTTP_404_SECURITY_NOT_FOUND,100000,99076,month
KD,OK,302,,100000,99075,month
KDMN,NO_DATA,0,HTTP_404_SECURITY_NOT_FOUND,100000,99074,month
KDNY,NO_DATA,0,EMPTY_SERIES,100000,99073,month
KEM,NO_DATA,0,HTTP_404_SECURITY_NOT_FOUND,100000,99072,month
KIM-P-L,NO_DATA,0,HTTP_404_SECURITY_NOT_FOUND,100000,99071,month
KIM-P-M,NO_DATA,0,HTTP_404_SECURITY_NOT_FOUND,100000,99070,month
KIN,NO_DATA,0,EMPTY_SERIES,100000,99198,month
KITT,OK,358,,100000,99197,month
KKR-P-A,NO_DATA,0,HTTP_404_SECURITY_NOT_FOUND,100000,99062,month
KKR-P-B,NO_DATA,0,HTTP_404_SECURITY_NOT_FOUND,100000,99196,month
KKR-P-C,NO_DATA,0,HTTP_404_SECURITY_NOT_FOUND,100000,99061,month
KLR,NO_DATA,0,EMPTY_SERIES,100000,99063,month
KLTR,OK,368,,100000,99060,month
KMPB,NO_DATA,0,HTTP_404_SECURITY_NOT_FOUND,100000,99058,month
KMPH,NO_DATA,0,HTTP_404_SECURITY_NOT_FOUND,100000,99059,month
KNL,NO_DATA,0,EMPTY_SERIES,100000,99057,month
KNTE,NO_DATA,0,EMPTY_SERIES,100000,99069,month
KOR,NO_DATA,0,HTTP_404_SECURITY_NOT_FOUND,100000,99056,month
KORE,OK,519,,100000,99055,month
KRA,OK,643,,100000,99068,month
KRON,OK,564,,100000,99054,month
KROS,OK,691,,100000,99053,month
KRT,OK,436,,100000,99067,month
KRTX,NO_DATA,0,EMPTY_SERIES,100000,99052,month
KSU,OK,582,,100000,99049,month
KSU-P,NO_DATA,0,HTTP_404_SECURITY_NOT_FOUND,100000,99051,month
KTTA,OK,329,,100000,99050,month
KW,OK,842,,100000,99048,month
KYCHR,NO_DATA,0,HTTP_404_SECURITY_NOT_FOUND,100000,99047,month
KYMR,OK,597,,100000,99046,month
KZR,OK,842,,100000,99045,month
LABP,NO_DATA,0,EMPTY_SERIES,100000,99044,month
LANDM,NO_DATA,0,HTTP_404_SECURITY_NOT_FOUND,100000,99043,month
LANDO,NO_DATA,0,HTTP_404_SECURITY_NOT_FOUND,100000,99042,month
LANDP,NO_DATA,0,HTTP_404_SECURITY_NOT_FOUND,100000,99041,month
LASE,OK,66,,100000,99040,month
LATN,NO_DATA,0,HTTP_404_SECURITY_NOT_FOUND,100000,98984,month
LAW,OK,368,,100000,98983,month
LAXXR,NO_DATA,0,HTTP_404_SECURITY_NOT_FOUND,100000,99038,month
LBAI,OK,843,,100000,99039,month
LBBB,NO_DATA,0,HTTP_404_SECURITY_NOT_FOUND,100000,98982,month
LBBBR,NO_DATA,0,HTTP_404_SECURITY_NOT_FOUND,100000,99037,month
LBC,OK,843,,100000,99036,month
LBCC,NO_DATA,0,HTTP_404_SECURITY_NOT_FOUND,100000,98981,month
LBPH,NO_DATA,0,EMPTY_SERIES,100000,98980,month
LBRDP,NO_DATA,0,HTTP_404_SECURITY_NOT_FOUND,100000,99034,month
LBY,NO_DATA,0,HTTP_404_SECURITY_NOT_FOUND,100000,99033,month
LCID,OK,578,,100000,99035,month
LEAF,NO_DATA,0,EMPTY_SERIES,100000,98979,month
LEG,OK,843,,100000,98978,month
LEVL,NO_DATA,0,EMPTY_SERIES,100000,98977,month
LEVLP,NO_DATA,0,HTTP_404_SECURITY_NOT_FOUND,100000,99032,month
LEXX,OK,499,,100000,98976,month
LFACW,NO_DATA,0,HTTP_404_SECURITY_NOT_FOUND,100000,98975,month
LFST,OK,396,,100000,98974,month
LFT-P-A,NO_DATA,0,HTTP_404_SECURITY_NOT_FOUND,100000,99030,month
LHCG,OK,843,,100000,99031,month
LILAR,NO_DATA,0,HTTP_404_SECURITY_NOT_FOUND,100000,99029,month
LILAV,NO_DATA,0,HTTP_404_SECURITY_NOT_FOUND,100000,99028,month
LILKV,NO_DATA,0,HTTP_404_SECURITY_NOT_FOUND,100000,99026,month
LJAQ,NO_DATA,0,HTTP_404_SECURITY_NOT_FOUND,100000,99025,month
LLEX,NO_DATA,0,HTTP_404_SECURITY_NOT_FOUND,100000,99027,month
LM,NO_DATA,0,HTTP_404_SECURITY_NOT_FOUND,100000,99024,month
LMIBL,NO_DATA,0,HTTP_404_SECURITY_NOT_FOUND,100000,99023,month
LMICL,NO_DATA,0,HTTP_404_SECURITY_NOT_FOUND,100000,99022,month
LMMKP,NO_DATA,0,HTTP_404_SECURITY_NOT_FOUND,100000,98973,month
LMNX,NO_DATA,0,EMPTY_SERIES,100000,99020,month
LMRK,NO_DATA,0,HTTP_404_SECURITY_NOT_FOUND,100000,99021,month
LMRKO,NO_DATA,0,HTTP_404_SECURITY_NOT_FOUND,100000,99019,month
LMRKP,NO_DATA,0,HTTP_404_SECURITY_NOT_FOUND,100000,98972,month
LMST,OK,815,,100000,99018,month
LNC-P-D,NO_DATA,0,HTTP_404_SECURITY_NOT_FOUND,100000,98971,month
LNKB,OK,287,,100000,99017,month
LOAC,NO_DATA,0,HTTP_404_SECURITY_NOT_FOUND,100000,99016,month
LOACR,NO_DATA,0,HTTP_404_SECURITY_NOT_FOUND,100000,99015,month
LOGC,OK,838,,100000,98969,month
LOGM,NO_DATA,0,HTTP_404_SECURITY_NOT_FOUND,100000,98970,month
LONA,OK,578,,100000,99013,month
LORL,NO_DATA,0,EMPTY_SERIES,100000,99014,month
LPRO,OK,842,,100000,98968,month
LSI,OK,844,,100000,98967,month
LTHM,NO_DATA,0,EMPTY_SERIES,100000,98965,month
LTRN,OK,647,,100000,98966,month
LUCD,OK,309,,100000,98964,month
LUCY,OK,99,,100000,98963,month
LUMO,NO_DATA,0,EMPTY_SERIES,100000,98962,month
LVGO,NO_DATA,0,HTTP_404_SECURITY_NOT_FOUND,100000,98961,month
LXP-P-C,NO_DATA,0,HTTP_404_SECURITY_NOT_FOUND,100000,98960,month
LYEL,OK,391,,100000,98959,month
LZ,OK,382,,100000,98958,month
MAA-P-I,NO_DATA,0,HTTP_404_SECURITY_NOT_FOUND,100000,98956,month
MAAQR,NO_DATA,0,HTTP_404_SECURITY_NOT_FOUND,100000,98957,month
MACK,OK,843,,100000,99012,month
MACU,NO_DATA,0,HTTP_404_SECURITY_NOT_FOUND,100000,99011,month
MASI,OK,843,,100000,98955,month
MASS,OK,515,,100000,99010,month
MAXR,NO_DATA,0,EMPTY_SERIES,100000,98953,month
MBCN,OK,842,,100000,98954,month
MBINM,NO_DATA,0,HTTP_404_SECURITY_NOT_FOUND,100000,98951,month
MBINO,NO_DATA,0,HTTP_404_SECURITY_NOT_FOUND,100000,98952,month
MBINP,NO_DATA,0,HTTP_404_SECURITY_NOT_FOUND,100000,98950,month
MBTC,OK,247,,100000,98949,month
MBTCR,NO_DATA,0,HTTP_404_SECURITY_NOT_FOUND,100000,98976,month
MCACR,NO_DATA,0,HTTP_404_SECURITY_NOT_FOUND,100000,98947,month
MCADR,NO_DATA,0,HTTP_404_SECURITY_NOT_FOUND,100000,99009,month
MCAF,NO_DATA,0,EMPTY_SERIES,100000,98948,month
MCAFR,NO_DATA,0,HTTP_404_SECURITY_NOT_FOUND,100000,99008,month
MCAGR,NO_DATA,0,HTTP_404_SECURITY_NOT_FOUND,100000,98975,month
MCBC,NO_DATA,0,EMPTY_SERIES,100000,98974,month
MCEP,NO_DATA,0,HTTP_404_SECURITY_NOT_FOUND,100000,99007,month
MCF,NO_DATA,0,EMPTY_SERIES,100000,98973,month
MCVT,NO_DATA,0,HTTP_404_SECURITY_NOT_FOUND,100000,99004,month
MCW,OK,386,,100000,99006,month
MDC,NO_DATA,0,EMPTY_SERIES,100000,99005,month
MDLA,OK,551,,100000,98946,month
MDRRP,NO_DATA,0,HTTP_404_SECURITY_NOT_FOUND,100000,98820,month
MDVL,NO_DATA,0,EMPTY_SERIES,100000,98945,month
MDWT,NO_DATA,0,HTTP_404_SECURITY_NOT_FOUND,100000,98944,month
MEET,NO_DATA,0,HTTP_404_SECURITY_NOT_FOUND,100000,98943,month
MEME,NO_DATA,0,HTTP_404_SECURITY_NOT_FOUND,100000,99001,month
MET-P-A,NO_DATA,0,HTTP_404_SECURITY_NOT_FOUND,100000,99003,month
MET-P-E,NO_DATA,0,HTTP_404_SECURITY_NOT_FOUND,100000,99002,month
METCL,NO_DATA,0,HTTP_404_SECURITY_NOT_FOUND,100000,98942,month
MFA-P-B,NO_DATA,0,HTTP_404_SECURITY_NOT_FOUND,100000,98941,month
MFA-P-C,NO_DATA,0,HTTP_404_SECURITY_NOT_FOUND,100000,98940,month
MFINL,NO_DATA,0,HTTP_404_SECURITY_NOT_FOUND,100000,98938,month
MFO,NO_DATA,0,HTTP_404_SECURITY_NOT_FOUND,100000,98939,month
MFSF,NO_DATA,0,HTTP_404_SECURITY_NOT_FOUND,100000,98937,month
MGI,OK,843,,100000,99000,month
MGLN,OK,590,,100000,98971,month
MGRB,NO_DATA,0,HTTP_404_SECURITY_NOT_FOUND,100000,98972,month
MGRD,NO_DATA,0,HTTP_404_SECURITY_NOT_FOUND,100000,98970,month
MGTA,NO_DATA,0,EMPTY_SERIES,100000,98966,month
MH-P-A,NO_DATA,0,HTTP_404_SECURITY_NOT_FOUND,100000,98999,month
MH-P-C,NO_DATA,0,HTTP_404_SECURITY_NOT_FOUND,100000,98967,month
MH-P-D,NO_DATA,0,HTTP_404_SECURITY_NOT_FOUND,100000,98968,month
MHLD,NO_DATA,0,HTTP_404_SECURITY_NOT_FOUND,100000,98969,month
MIC,OK,741,,100000,98998,month
MIK,NO_DATA,0,EMPTY_SERIES,100000,98965,month
MILE,NO_DATA,0,HTTP_404_SECURITY_NOT_FOUND,100000,98997,month
MIME,OK,685,,100000,98996,month
MINDP,NO_DATA,0,HTTP_404_SECURITY_NOT_FOUND,100000,98995,month
MINI,NO_DATA,0,HTTP_404_SECURITY_NOT_FOUND,100000,98994,month
MIRO,NO_DATA,0,HTTP_404_SECURITY_NOT_FOUND,100000,98964,month
MITT-P-A,NO_DATA,0,HTTP_404_SECURITY_NOT_FOUND,100000,98936,month
MITT-P-B,NO_DATA,0,HTTP_404_SECURITY_NOT_FOUND,100000,98935,month
MITT-P-C,NO_DATA,0,HTTP_404_SECURITY_NOT_FOUND,100000,98934,month
MIXT,NO_DATA,0,HTTP_404_SECURITY_NOT_FOUND,100000,98963,month
MJCO,NO_DATA,0,HTTP_404_SECURITY_NOT_FOUND,100000,98962,month
MKFG,NO_DATA,0,EMPTY_SERIES,100000,98961,month
MLNK,OK,364,,100000,98959,month
MLNX,NO_DATA,0,HTTP_404_SECURITY_NOT_FOUND,100000,98960,month
MLPC,NO_DATA,0,HTTP_404_SECURITY_NOT_FOUND,100000,98958,month
MLPY,NO_DATA,0,HTTP_404_SECURITY_NOT_FOUND,100000,98933,month
MLVF,OK,831,,100000,98957,month
MMAC,NO_DATA,0,EMPTY_SERIES,100000,98955,month
MMP,OK,843,,100000,98956,month
MNDT,NO_DATA,0,HTTP_404_SECURITY_NOT_FOUND,100000,98954,month
MNSBP,NO_DATA,0,HTTP_404_SECURITY_NOT_FOUND,100000,98953,month
MNTA,NO_DATA,0,HTTP_404_SECURITY_NOT_FOUND,100000,98952,month
MNTK,OK,492,,100000,98951,month
MNTV,NO_DATA,0,HTTP_404_SECURITY_NOT_FOUND,100000,98932,month
MNTX,NO_DATA,0,EMPTY_SERIES,100000,98950,month
MODD,OK,456,,100000,98931,month
MODN,OK,848,,100000,98929,month
MODV,NO_DATA,0,EMPTY_SERIES,100000,98949,month
MOFG,NO_DATA,0,EMPTY_SERIES,100000,98930,month
MORF,NO_DATA,0,EMPTY_SERIES,100000,98948,month
MOVE,OK,451,,100000,98928,month
MPX,OK,843,,100000,98927,month
MR,NO_DATA,0,HTTP_404_SECURITY_NOT_FOUND,100000,98947,month
MRC,OK,848,,100000,98946,month
MRCC,OK,842,,100000,98945,month
MRCCL,NO_DATA,0,HTTP_404_SECURITY_NOT_FOUND,100000,98943,month
MRLN,NO_DATA,0,EMPTY_SERIES,100000,98944,month
MRNS,NO_DATA,0,EMPTY_SERIES,100000,98942,month
MRO,OK,843,,100000,98941,month
MRSN,NO_DATA,0,EMPTY_SERIES,100000,98984,month
MRTX,NO_DATA,0,EMPTY_SERIES,100000,98940,month
MRUS,NO_DATA,0,EMPTY_SERIES,100000,98939,month
MS-P-A,NO_DATA,0,HTTP_404_SECURITY_NOT_FOUND,100000,98938,month
MS-P-E,NO_DATA,0,HTTP_404_SECURITY_NOT_FOUND,100000,98936,month
MS-P-F,NO_DATA,0,HTTP_404_SECURITY_NOT_FOUND,100000,98937,month
MS-P-I,NO_DATA,0,HTTP_404_SECURITY_NOT_FOUND,100000,98935,month
MS-P-K,NO_DATA,0,HTTP_404_SECURITY_NOT_FOUND,100000,98934,month
MS-P-L,NO_DATA,0,HTTP_404_SECURITY_NOT_FOUND,100000,98932,month
MS-P-P,NO_DATA,0,HTTP_404_SECURITY_NOT_FOUND,100000,98933,month
MSBF,NO_DATA,0,HTTP_404_SECURITY_NOT_FOUND,100000,98931,month
MSBIP,NO_DATA,0,HTTP_404_SECURITY_NOT_FOUND,100000,98930,month
MSON,OK,551,,100000,98843,month
MSP,NO_DATA,0,HTTP_404_SECURITY_NOT_FOUND,100000,98844,month
MTB-P-H,NO_DATA,0,HTTP_404_SECURITY_NOT_FOUND,100000,98841,month
MTCR,NO_DATA,0,EMPTY_SERIES,100000,98929,month
MTOR,NO_DATA,0,EMPTY_SERIES,100000,98842,month
MTSC,NO_DATA,0,EMPTY_SERIES,100000,98840,month
MXCT,OK,361,,100000,98928,month
MXIM,OK,501,,100000,98839,month
MYL,NO_DATA,0,HTTP_404_SECURITY_NOT_FOUND,100000,98927,month
MYOK,NO_DATA,0,HTTP_404_SECURITY_NOT_FOUND,100000,98903,month
MYOV,NO_DATA,0,EMPTY_SERIES,100000,98838,month
NABL,OK,370,,100000,98837,month
NAPA,NO_DATA,0,EMPTY_SERIES,100000,98926,month
NARI,NO_DATA,0,EMPTY_SERIES,100000,98836,month
NATI,NO_DATA,0,EMPTY_SERIES,100000,98834,month
NAV,OK,461,,100000,98835,month
NB,NO_DATA,0,EMPTY_SERIES,100000,98901,month
NBAC,NO_DATA,0,HTTP_404_SECURITY_NOT_FOUND,100000,98902,month
NBACR,NO_DATA,0,HTTP_404_SECURITY_NOT_FOUND,100000,98833,month
NBL,NO_DATA,0,HTTP_404_SECURITY_NOT_FOUND,100000,98832,month
NBLX,NO_DATA,0,HTTP_404_SECURITY_NOT_FOUND,100000,98925,month
NBSE,NO_DATA,0,EMPTY_SERIES,100000,98831,month
NCRA,OK,501,,100000,98900,month
NCSM,OK,842,,100000,98924,month
NEEPR,NO_DATA,0,HTTP_404_SECURITY_NOT_FOUND,100000,98923,month
NEOS,NO_DATA,0,HTTP_404_SECURITY_NOT_FOUND,100000,98899,month
NEOV,OK,662,,100000,98922,month
NES,NO_DATA,0,EMPTY_SERIES,100000,98830,month
NESR,NO_DATA,0,EMPTY_SERIES,100000,98829,month
NEWR,NO_DATA,0,EMPTY_SERIES,100000,98828,month
NEX,OK,848,,100000,98827,month
NFBK,OK,843,,100000,98826,month
NGA,NO_DATA,0,EMPTY_SERIES,100000,98824,month
NGC,NO_DATA,0,HTTP_404_SECURITY_NOT_FOUND,100000,98825,month
NGHC,NO_DATA,0,HTTP_404_SECURITY_NOT_FOUND,100000,98821,month
NGHCP,NO_DATA,0,HTTP_404_SECURITY_NOT_FOUND,100000,98822,month
NGHCZ,NO_DATA,0,HTTP_404_SECURITY_NOT_FOUND,100000,98823,month
NGIO,NO_DATA,0,HTTP_404_SECURITY_NOT_FOUND,100000,98819,month
NGL-P-B,NO_DATA,0,HTTP_404_SECURITY_NOT_FOUND,100000,98818,month
NGLS-P-A,NO_DATA,0,HTTP_404_SECURITY_NOT_FOUND,100000,98817,month
NGM,NO_DATA,0,EMPTY_SERIES,100000,98816,month
NI-P-B,NO_DATA,0,HTTP_404_SECURITY_NOT_FOUND,100000,98815,month
NIHD,NO_DATA,0,HTTP_404_SECURITY_NOT_FOUND,100000,98898,month
NIMC,NO_DATA,0,HTTP_404_SECURITY_NOT_FOUND,100000,98897,month
NKLA,NO_DATA,0,HTTP_404_SECURITY_NOT_FOUND,100000,98814,month
NKTX,OK,627,,100000,98895,month
NLSN,NO_DATA,0,EMPTY_SERIES,100000,98896,month
NLY-P-D,NO_DATA,0,HTTP_404_SECURITY_NOT_FOUND,100000,98894,month
NLY-P-F,NO_DATA,0,HTTP_404_SECURITY_NOT_FOUND,100000,98892,month
NLY-P-G,NO_DATA,0,HTTP_404_SECURITY_NOT_FOUND,100000,98890,month
NLY-P-I,NO_DATA,0,HTTP_404_SECURITY_NOT_FOUND,100000,98893,month
NMFCL,NO_DATA,0,HTTP_404_SECURITY_NOT_FOUND,100000,98891,month
NOAC,NO_DATA,0,HTTP_404_SECURITY_NOT_FOUND,100000,98889,month
NOVA,NO_DATA,0,EMPTY_SERIES,100000,98813,month
NOVV,NO_DATA,0,HTTP_404_SECURITY_NOT_FOUND,100000,98888,month
NOVVR,NO_DATA,0,HTTP_404_SECURITY_NOT_FOUND,100000,98812,month
NP,NO_DATA,0,EMPTY_SERIES,100000,98811,month
NPCE,OK,430,,100000,98887,month
NPTN,NO_DATA,0,EMPTY_SERIES,100000,98886,month
NREF,OK,733,,100000,98885,month
NREF-P-A,NO_DATA,0,HTTP_404_SECURITY_NOT_FOUND,100000,98884,month
NRIX,OK,617,,100000,98881,month
NS,OK,843,,100000,98883,month
NS-P-A,NO_DATA,0,HTTP_404_SECURITY_NOT_FOUND,100000,98882,month
NS-P-B,NO_DATA,0,HTTP_404_SECURITY_NOT_FOUND,100000,98879,month
NS-P-C,NO_DATA,0,HTTP_404_SECURITY_NOT_FOUND,100000,98880,month
NSA,OK,842,,100000,98878,month
NSA-P-A,NO_DATA,0,HTTP_404_SECURITY_NOT_FOUND,100000,98810,month
NSEC,NO_DATA,0,EMPTY_SERIES,100000,98877,month
NSTS,OK,221,,100000,98876,month
NTGN,NO_DATA,0,HTTP_404_SECURITY_NOT_FOUND,100000,98809,month
NTRB,OK,317,,100000,98807,month
NTST,OK,604,,100000,98808,month
NTTNP,NO_DATA,0,HTTP_404_SECURITY_NOT_FOUND,100000,98806,month
NTUS,OK,727,,100000,98875,month
NUAN,OK,632,,100000,98805,month
NURO,NO_DATA,0,EMPTY_SERIES,100000,98874,month
NUTX,OK,190,,100000,98873,month
NUVA,OK,843,,100000,98871,month
NVCT,OK,231,,100000,98869,month
NVEE,OK,843,,100000,98872,month
NVRO,NO_DATA,0,EMPTY_SERIES,100000,98870,month
NVTS,OK,304,,100000,98868,month
NWHM,NO_DATA,0,EMPTY_SERIES,100000,98866,month
NXDT-P-A,NO_DATA,0,HTTP_404_SECURITY_NOT_FOUND,100000,98867,month
NXGL,OK,260,,100000,98865,month
NXGN,NO_DATA,0,EMPTY_SERIES,100000,98864,month
NXL,OK,76,,100000,98863,month
NYMTO,NO_DATA,0,HTTP_404_SECURITY_NOT_FOUND,100000,98862,month
NYMTP,NO_DATA,0,HTTP_404_SECURITY_NOT_FOUND,100000,98861,month
NYMTZ,NO_DATA,0,HTTP_404_SECURITY_NOT_FOUND,100000,98860,month
OAK-P-A,NO_DATA,0,HTTP_404_SECURITY_NOT_FOUND,100000,98859,month
OAK-P-B,NO_DATA,0,HTTP_404_SECURITY_NOT_FOUND,100000,98804,month
OAS,NO_DATA,0,HTTP_404_SECURITY_NOT_FOUND,100000,98858,month
OBCI,NO_DATA,0,EMPTY_SERIES,100000,98857,month
OCDX,NO_DATA,0,HTTP_404_SECURITY_NOT_FOUND,100000,98856,month
OCFCP,NO_DATA,0,HTTP_404_SECURITY_NOT_FOUND,100000,98855,month
ODP,NO_DATA,0,EMPTY_SERIES,100000,98854,month
OFG-P-A,NO_DATA,0,HTTP_404_SECURITY_NOT_FOUND,100000,98853,month
OFG-P-B,NO_DATA,0,HTTP_404_SECURITY_NOT_FOUND,100000,98803,month
OFG-P-D,NO_DATA,0,HTTP_404_SECURITY_NOT_FOUND,100000,98852,month
OFSSG,NO_DATA,0,HTTP_404_SECURITY_NOT_FOUND,100000,98802,month
OFSSH,NO_DATA,0,HTTP_404_SECURITY_NOT_FOUND,100000,98801,month
OFSSI,NO_DATA,0,HTTP_404_SECURITY_NOT_FOUND,100000,98799,month
OFSSL,NO_DATA,0,HTTP_404_SECURITY_NOT_FOUND,100000,98800,month
OFSSZ,NO_DATA,0,HTTP_404_SECURITY_NOT_FOUND,100000,98798,month
OGN,OK,414,,100000,98797,month
OLMA,OK,534,,100000,98795,month
OLPX,OK,318,,100000,98796,month
OM,OK,581,,100000,98794,month
OMGA,NO_DATA,0,HTTP_404_SECURITY_NOT_FOUND,100000,98793,month
OMIC,NO_DATA,0,EMPTY_SERIES,100000,98792,month
OMN,NO_DATA,0,HTTP_404_SECURITY_NOT_FOUND,100000,98791,month
OMP,NO_DATA,0,HTTP_404_SECURITY_NOT_FOUND,100000,98790,month
ONCE,NO_DATA,0,HTTP_404_SECURITY_NOT_FOUND,100000,98789,month
ONCT,NO_DATA,0,EMPTY_SERIES,100000,98851,month
ONDK,NO_DATA,0,HTTP_404_SECURITY_NOT_FOUND,100000,98787,month
ONDS,OK,524,,100000,98788,month
ONEM,NO_DATA,0,EMPTY_SERIES,100000,98786,month
ONFO,OK,90,,100000,98785,month
ONL,OK,280,,100000,98784,month
ONTF,OK,484,,100000,98850,month
OPEN,OK,642,,100000,98779,month
OPOF,NO_DATA,0,EMPTY_SERIES,100000,98849,month
OPTN,NO_DATA,0,EMPTY_SERIES,100000,98783,month
ORBC,NO_DATA,0,EMPTY_SERIES,100000,98782,month
ORGN,OK,588,,100000,98848,month
ORIC,OK,680,,100000,98781,month
ORSN,NO_DATA,0,HTTP_404_SECURITY_NOT_FOUND,100000,98780,month
ORSNR,NO_DATA,0,HTTP_404_SECURITY_NOT_FOUND,100000,98779,month
ORTX,NO_DATA,0,EMPTY_SERIES,100000,98776,month
OSH,NO_DATA,0,EMPTY_SERIES,100000,98777,month
OTIS,OK,706,,100000,98778,month
OTIV,NO_DATA,0,HTTP_404_SECURITY_NOT_FOUND,100000,98775,month
OXFD,NO_DATA,0,HTTP_404_SECURITY_NOT_FOUND,100000,98774,month
OXSQG,NO_DATA,0,HTTP_404_SECURITY_NOT_FOUND,100000,98773,month
OXSQL,NO_DATA,0,HTTP_404_SECURITY_NOT_FOUND,100000,98772,month
OXSQZ,NO_DATA,0,HTTP_404_SECURITY_NOT_FOUND,100000,98771,month
OYST,NO_DATA,0,EMPTY_SERIES,100000,98770,month
PACW,NO_DATA,0,EMPTY_SERIES,100000,98767,month
PACWP,NO_DATA,0,HTTP_404_SECURITY_NOT_FOUND,100000,98769,month
PAFO,NO_DATA,0,HTTP_404_SECURITY_NOT_FOUND,100000,98768,month
PAFOR,NO_DATA,0,HTTP_404_SECURITY_NOT_FOUND,100000,98766,month
PASG,OK,719,,100000,98765,month
PATI,NO_DATA,0,HTTP_404_SECURITY_NOT_FOUND,100000,98734,month
PBB,NO_DATA,0,HTTP_404_SECURITY_NOT_FOUND,100000,98764,month
PBBK,OK,330,,100000,98790,month
PBC,NO_DATA,0,HTTP_404_SECURITY_NOT_FOUND,100000,99916,month
PBCT,OK,653,,100000,98733,month
PBFX,NO_DATA,0,HTTP_404_SECURITY_NOT_FOUND,100000,98763,month
PBIP,NO_DATA,0,HTTP_404_SECURITY_NOT_FOUND,100000,99915,month
PBPB,NO_DATA,0,EMPTY_SERIES,100000,98789,month
PBY,NO_DATA,0,HTTP_404_SECURITY_NOT_FOUND,100000,99912,month
PCGU,NO_DATA,0,HTTP_404_SECURITY_NOT_FOUND,100000,99913,month
PCH,OK,843,,100000,99914,month
PCOR,OK,410,,100000,99910,month
PCSB,OK,842,,100000,99909,month
PCT,OK,625,,100000,99911,month
PCVX,OK,646,,100000,99908,month
PDCE,OK,843,,100000,99907,month
PDCO,NO_DATA,0,EMPTY_SERIES,100000,98788,month
PDLI,NO_DATA,0,HTTP_404_SECURITY_NOT_FOUND,100000,99906,month
PEB-P-C,NO_DATA,0,HTTP_404_SECURITY_NOT_FOUND,100000,99905,month
PEB-P-D,NO_DATA,0,HTTP_404_SECURITY_NOT_FOUND,100000,99904,month
PEB-P-E,NO_DATA,0,HTTP_404_SECURITY_NOT_FOUND,100000,99903,month
PEB-P-F,NO_DATA,0,HTTP_404_SECURITY_NOT_FOUND,100000,99901,month
PEB-P-G,NO_DATA,0,HTTP_404_SECURITY_NOT_FOUND,100000,99900,month
PEB-P-H,NO_DATA,0,HTTP_404_SECURITY_NOT_FOUND,100000,99902,month
PEPG,OK,167,,100000,99898,month
PET,NO_DATA,0,EMPTY_SERIES,100000,99899,month
PFBI,OK,516,,100000,99897,month
PFC,OK,689,,100000,99896,month
PFH,NO_DATA,0,HTTP_404_SECURITY_NOT_FOUND,100000,99895,month
PFIE,NO_DATA,0,EMPTY_SERIES,100000,99894,month
PFNX,NO_DATA,0,HTTP_404_SECURITY_NOT_FOUND,100000,98787,month
PFPT,NO_DATA,0,EMPTY_SERIES,100000,98786,month
PFSW,NO_DATA,0,EMPTY_SERIES,100000,98785,month
PGNX,NO_DATA,0,HTTP_404_SECURITY_NOT_FOUND,100000,98784,month
PGRE,NO_DATA,0,EMPTY_SERIES,100000,98783,month
PGTI,NO_DATA,0,EMPTY_SERIES,100000,98781,month
PIK,NO_DATA,0,HTTP_404_SECURITY_NOT_FOUND,100000,98780,month
PING,NO_DATA,0,EMPTY_SERIES,100000,98782,month
PIRS,NO_DATA,0,HTTP_404_SECURITY_NOT_FOUND,100000,98628,month
PIXY,NO_DATA,0,EMPTY_SERIES,100000,98627,month
PJH,NO_DATA,0,HTTP_404_SECURITY_NOT_FOUND,100000,98626,month
PLAN,NO_DATA,0,EMPTY_SERIES,100000,98625,month
PLBY,OK,591,,100000,98624,month
PLL,NO_DATA,0,EMPTY_SERIES,100000,98623,month
PLRX,OK,654,,100000,98778,month
PLTK,OK,495,,100000,98622,month
PLYA,NO_DATA,0,EMPTY_SERIES,100000,98621,month
PLYM,NO_DATA,0,EMPTY_SERIES,100000,98777,month
PLYM-P-A,NO_DATA,0,HTTP_404_SECURITY_NOT_FOUND,100000,98776,month
PMBC,OK,537,,100000,98775,month
PME,NO_DATA,0,EMPTY_SERIES,100000,98773,month
PMT-P-A,NO_DATA,0,HTTP_404_SECURITY_NOT_FOUND,100000,98774,month
PMT-P-B,NO_DATA,0,HTTP_404_SECURITY_NOT_FOUND,100000,98772,month
PMT-P-C,NO_DATA,0,HTTP_404_SECURITY_NOT_FOUND,100000,98770,month
PMVP,OK,574,,100000,98769,month
PNC-P-P,NO_DATA,0,HTTP_404_SECURITY_NOT_FOUND,100000,98771,month
PNC-P-Q,NO_DATA,0,HTTP_404_SECURITY_NOT_FOUND,100000,98789,month
PNFPP,NO_DATA,0,HTTP_404_SECURITY_NOT_FOUND,100000,98790,month
PNNTG,NO_DATA,0,HTTP_404_SECURITY_NOT_FOUND,100000,98619,month
PNT,NO_DATA,0,EMPTY_SERIES,100000,98620,month
POWWP,NO_DATA,0,HTTP_404_SECURITY_NOT_FOUND,100000,98604,month
PPBI,OK,843,,100000,98603,month
PPD,OK,466,,100000,98618,month
PPHPR,NO_DATA,0,HTTP_404_SECURITY_NOT_FOUND,100000,98601,month
PPTA,NO_DATA,0,HTTP_404_SECURITY_NOT_FOUND,100000,98602,month
PRA,OK,843,,100000,98600,month
PRAH,OK,462,,100000,98616,month
PRAX,OK,558,,100000,98617,month
PRCT,OK,329,,100000,98614,month
PRDS,NO_DATA,0,HTTP_404_SECURITY_NOT_FOUND,100000,98615,month
PRFT,NO_DATA,0,EMPTY_SERIES,100000,98613,month
PRGX,NO_DATA,0,HTTP_404_SECURITY_NOT_FOUND,100000,98611,month
PRH,NO_DATA,0,HTTP_404_SECURITY_NOT_FOUND,100000,98612,month
PRLD,OK,573,,100000,98610,month
PRME,OK,52,,100000,98608,month
PRNB,NO_DATA,0,HTTP_404_SECURITY_NOT_FOUND,100000,98609,month
PRO,NO_DATA,0,EMPTY_SERIES,100000,98606,month
PROS,OK,493,,100000,98607,month
PRSP,OK,423,,100000,98605,month
PRTK,NO_DATA,0,EMPTY_SERIES,100000,98598,month
PRVA,OK,426,,100000,98599,month
PRVB,NO_DATA,0,EMPTY_SERIES,100000,98597,month
PRVL,NO_DATA,0,HTTP_404_SECURITY_NOT_FOUND,100000,98595,month
PS,NO_DATA,0,EMPTY_SERIES,100000,98596,month
PSA-P-F,NO_DATA,0,HTTP_404_SECURITY_NOT_FOUND,100000,98603,month
PSA-P-G,NO_DATA,0,HTTP_404_SECURITY_NOT_FOUND,100000,98604,month
PSA-P-H,NO_DATA,0,HTTP_404_SECURITY_NOT_FOUND,100000,98602,month
PSA-P-I,NO_DATA,0,HTTP_404_SECURITY_NOT_FOUND,100000,98601,month
PSA-P-J,NO_DATA,0,HTTP_404_SECURITY_NOT_FOUND,100000,98600,month
PSA-P-K,NO_DATA,0,HTTP_404_SECURITY_NOT_FOUND,100000,98598,month
PSA-P-L,NO_DATA,0,HTTP_404_SECURITY_NOT_FOUND,100000,98599,month
PSA-P-M,NO_DATA,0,HTTP_404_SECURITY_NOT_FOUND,100000,98596,month
PSA-P-N,NO_DATA,0,HTTP_404_SECURITY_NOT_FOUND,100000,98594,month
PSA-P-O,NO_DATA,0,HTTP_404_SECURITY_NOT_FOUND,100000,98597,month
PSA-P-P,NO_DATA,0,HTTP_404_SECURITY_NOT_FOUND,100000,98595,month
PSA-P-Q,NO_DATA,0,HTTP_404_SECURITY_NOT_FOUND,100000,98594,month
PSA-P-R,NO_DATA,0,HTTP_404_SECURITY_NOT_FOUND,100000,98593,month
PSA-P-S,NO_DATA,0,HTTP_404_SECURITY_NOT_FOUND,100000,98592,month
PSEC-P-A,NO_DATA,0,HTTP_404_SECURITY_NOT_FOUND,100000,98591,month
PSTX,NO_DATA,0,EMPTY_SERIES,100000,98589,month
PSXP,NO_DATA,0,HTTP_404_SECURITY_NOT_FOUND,100000,98590,month
PTLA,NO_DATA,0,HTTP_404_SECURITY_NOT_FOUND,100000,98593,month
PTRS,OK,619,,100000,98588,month
PTVE,NO_DATA,0,EMPTY_SERIES,100000,98591,month
PVBC,OK,843,,100000,98592,month
PWOD,OK,842,,100000,98587,month
PXD,OK,844,,100000,98585,month
PYCR,NO_DATA,0,EMPTY_SERIES,100000,98586,month
PYX,NO_DATA,0,HTTP_404_SECURITY_NOT_FOUND,100000,98732,month
PYXS,OK,312,,100000,98590,month
QEP,NO_DATA,0,HTTP_404_SECURITY_NOT_FOUND,100000,98731,month
QES,NO_DATA,0,HTTP_404_SECURITY_NOT_FOUND,100000,98730,month
QHC,NO_DATA,0,HTTP_404_SECURITY_NOT_FOUND,100000,98584,month
QOMO,OK,7,,100000,98583,month
QOMOR,NO_DATA,0,HTTP_404_SECURITY_NOT_FOUND,100000,98729,month
QTNT,NO_DATA,0,EMPTY_SERIES,100000,98582,month
QTS-P-A,NO_DATA,0,HTTP_404_SECURITY_NOT_FOUND,100000,98727,month
QTTTP,NO_DATA,0,HTTP_404_SECURITY_NOT_FOUND,100000,98728,month
QUMU,NO_DATA,0,EMPTY_SERIES,100000,98726,month
QUOT,NO_DATA,0,EMPTY_SERIES,100000,98724,month
RAPT,NO_DATA,0,EMPTY_SERIES,100000,98725,month
RARX,NO_DATA,0,HTTP_404_SECURITY_NOT_FOUND,100000,98723,month
RAVN,NO_DATA,0,EMPTY_SERIES,100000,98721,month
RBCP,NO_DATA,0,HTTP_404_SECURITY_NOT_FOUND,100000,98722,month
RBNC,OK,590,,100000,98720,month
RC-P-B,NO_DATA,0,HTTP_404_SECURITY_NOT_FOUND,100000,98719,month
RC-P-C,NO_DATA,0,HTTP_404_SECURITY_NOT_FOUND,100000,98718,month
RC-P-D,NO_DATA,0,HTTP_404_SECURITY_NOT_FOUND,100000,98717,month
RC-P-E,NO_DATA,0,HTTP_404_SECURITY_NOT_FOUND,100000,98716,month
RCA,NO_DATA,0,HTTP_404_SECURITY_NOT_FOUND,100000,98715,month
RCB,NO_DATA,0,HTTP_404_SECURITY_NOT_FOUND,100000,98581,month
RCM,OK,843,,100000,98580,month
RCOR,NO_DATA,0,HTTP_404_SECURITY_NOT_FOUND,100000,98579,month
RCP,NO_DATA,0,HTTP_404_SECURITY_NOT_FOUND,100000,98578,month
RDFN,NO_DATA,0,EMPTY_SERIES,100000,98577,month
RDUS,NO_DATA,0,EMPTY_SERIES,100000,98714,month
REBN,OK,100,,100000,98713,month
REFI,OK,270,,100000,98575,month
REGI,NO_DATA,0,EMPTY_SERIES,100000,98576,month
RELI,NO_DATA,0,HTTP_404_SECURITY_NOT_FOUND,100000,98571,month
RELY,OK,323,,100000,98574,month
RESI,NO_DATA,0,HTTP_404_SECURITY_NOT_FOUND,100000,98573,month
RESN,NO_DATA,0,EMPTY_SERIES,100000,98572,month
REVB,OK,536,,100000,98569,month
REVE,NO_DATA,0,HTTP_404_SECURITY_NOT_FOUND,100000,98570,month
REVG,NO_DATA,0,EMPTY_SERIES,100000,98568,month
REXR-P-A,NO_DATA,0,HTTP_404_SECURITY_NOT_FOUND,100000,98567,month
REXR-P-B,NO_DATA,0,HTTP_404_SECURITY_NOT_FOUND,100000,98711,month
REXR-P-C,NO_DATA,0,HTTP_404_SECURITY_NOT_FOUND,100000,98566,month
REYN,OK,739,,100000,98565,month
RF-P-A,NO_DATA,0,HTTP_404_SECURITY_NOT_FOUND,100000,98712,month
RF-P-B,NO_DATA,0,HTTP_404_SECURITY_NOT_FOUND,100000,98710,month
RF-P-C,NO_DATA,0,HTTP_404_SECURITY_NOT_FOUND,100000,98708,month
RF-P-E,NO_DATA,0,HTTP_404_SECURITY_NOT_FOUND,100000,98709,month
RFACR,NO_DATA,0,HTTP_404_SECURITY_NOT_FOUND,100000,98707,month
RFP,NO_DATA,0,EMPTY_SERIES,100000,98564,month
RGLS,NO_DATA,0,EMPTY_SERIES,100000,98706,month
RGTI,OK,430,,100000,98705,month
RILYG,NO_DATA,0,HTTP_404_SECURITY_NOT_FOUND,100000,98704,month
RILYH,NO_DATA,0,HTTP_404_SECURITY_NOT_FOUND,100000,98703,month
RILYI,NO_DATA,0,HTTP_404_SECURITY_NOT_FOUND,100000,98702,month
RILYK,NO_DATA,0,HTTP_404_SECURITY_NOT_FOUND,100000,98701,month
RILYL,NO_DATA,0,HTTP_404_SECURITY_NOT_FOUND,100000,98562,month
RILYM,NO_DATA,0,HTTP_404_SECURITY_NOT_FOUND,100000,98563,month
RILYO,NO_DATA,0,HTTP_404_SECURITY_NOT_FOUND,100000,98561,month
RILYT,NO_DATA,0,HTTP_404_SECURITY_NOT_FOUND,100000,98560,month
RILYZ,NO_DATA,0,HTTP_404_SECURITY_NOT_FOUND,100000,98559,month
RITM-P-A,NO_DATA,0,HTTP_404_SECURITY_NOT_FOUND,100000,98557,month
RITM-P-B,NO_DATA,0,HTTP_404_SECURITY_NOT_FOUND,100000,98558,month
RITM-P-C,NO_DATA,0,HTTP_404_SECURITY_NOT_FOUND,100000,98556,month
RITM-P-D,NO_DATA,0,HTTP_404_SECURITY_NOT_FOUND,100000,98572,month
RIVE,NO_DATA,0,EMPTY_SERIES,100000,98555,month
RJF-P-A,NO_DATA,0,HTTP_404_SECURITY_NOT_FOUND,100000,98571,month
RJF-P-B,NO_DATA,0,HTTP_404_SECURITY_NOT_FOUND,100000,98554,month
RKLY,NO_DATA,0,HTTP_404_SECURITY_NOT_FOUND,100000,98570,month
RLAY,OK,623,,100000,98568,month
RLH,NO_DATA,0,HTTP_404_SECURITY_NOT_FOUND,100000,98569,month
RLJ-P-A,NO_DATA,0,HTTP_404_SECURITY_NOT_FOUND,100000,98553,month
RLYB,OK,362,,100000,98567,month
RNA,NO_DATA,0,EMPTY_SERIES,100000,98552,month
RNAM,OK,646,,100000,98566,month
RNDB,OK,766,,100000,98551,month
RNET,NO_DATA,0,EMPTY_SERIES,100000,98550,month
RNR-P-E,NO_DATA,0,HTTP_404_SECURITY_NOT_FOUND,100000,98548,month
RNR-P-F,NO_DATA,0,HTTP_404_SECURITY_NOT_FOUND,100000,98549,month
RNWK,NO_DATA,0,EMPTY_SERIES,100000,98547,month
RNXT,OK,343,,100000,98546,month
ROC,NO_DATA,0,EMPTY_SERIES,100000,98565,month
ROCL,NO_DATA,0,HTTP_404_SECURITY_NOT_FOUND,100000,98564,month
ROCR,NO_DATA,0,HTTP_404_SECURITY_NOT_FOUND,100000,98589,month
ROIC,OK,843,,100000,98563,month
RP,OK,413,,100000,98545,month
RPHM,NO_DATA,0,HTTP_404_SECURITY_NOT_FOUND,100000,98561,month
RPT-P-D,NO_DATA,0,HTTP_404_SECURITY_NOT_FOUND,100000,98562,month
RPTX,NO_DATA,0,EMPTY_SERIES,100000,98560,month
RST,NO_DATA,0,HTTP_404_SECURITY_NOT_FOUND,100000,98557,month
RTIX,NO_DATA,0,HTTP_404_SECURITY_NOT_FOUND,100000,98544,month
RTLPO,NO_DATA,0,HTTP_404_SECURITY_NOT_FOUND,100000,98559,month
RTLPP,NO_DATA,0,HTTP_404_SECURITY_NOT_FOUND,100000,98558,month
RTLR,NO_DATA,0,HTTP_404_SECURITY_NOT_FOUND,100000,98543,month
RTN,NO_DATA,0,HTTP_404_SECURITY_NOT_FOUND,100000,98556,month
RTW,NO_DATA,0,HTTP_404_SECURITY_NOT_FOUND,100000,98542,month
RUBI,NO_DATA,0,EMPTY_SERIES,100000,98541,month
RUTH,OK,843,,100000,98540,month
RVI,NO_DATA,0,HTTP_404_SECURITY_NOT_FOUND,100000,98539,month
RVMD,OK,729,,100000,98538,month
RVNC,NO_DATA,0,EMPTY_SERIES,100000,98537,month
RVPH,OK,690,,100000,98536,month
RWAY,OK,303,,100000,98535,month
RWAYL,NO_DATA,0,HTTP_404_SECURITY_NOT_FOUND,100000,98533,month
RWAYZ,NO_DATA,0,HTTP_404_SECURITY_NOT_FOUND,100000,98534,month
RXDX,NO_DATA,0,EMPTY_SERIES,100000,98628,month
RXO,OK,47,,100000,98555,month
RXST,OK,361,,100000,98554,month
RXT,OK,609,,100000,98553,month
RYI,NO_DATA,0,HTTP_404_SECURITY_NOT_FOUND,100000,98552,month
RYM,OK,488,,100000,98551,month
RZA,NO_DATA,0,HTTP_404_SECURITY_NOT_FOUND,100000,98588,month
RZB,NO_DATA,0,HTTP_404_SECURITY_NOT_FOUND,100000,98475,month
RZC,NO_DATA,0,HTTP_404_SECURITY_NOT_FOUND,100000,98587,month
S,OK,383,,100000,98474,month
SABRP,NO_DATA,0,HTTP_404_SECURITY_NOT_FOUND,100000,98585,month
SABS,OK,480,,100000,98586,month
SAF,NO_DATA,0,HTTP_404_SECURITY_NOT_FOUND,100000,98550,month
SAFM,OK,728,,100000,98549,month
SAGAR,NO_DATA,0,HTTP_404_SECURITY_NOT_FOUND,100000,98548,month
SAGE,NO_DATA,0,EMPTY_SERIES,100000,98584,month
SAIL,NO_DATA,0,EMPTY_SERIES,100000,98583,month
SAJ,NO_DATA,0,HTTP_404_SECURITY_NOT_FOUND,100000,98547,month
SAK,NO_DATA,0,HTTP_404_SECURITY_NOT_FOUND,100000,98582,month
SAL,OK,806,,100000,98581,month
SAMA,NO_DATA,0,HTTP_404_SECURITY_NOT_FOUND,100000,98605,month
SANA,OK,483,,100000,98580,month
SASI,NO_DATA,0,EMPTY_SERIES,100000,98579,month
SASR,OK,843,,100000,98606,month
SAT,NO_DATA,0,HTTP_404_SECURITY_NOT_FOUND,100000,98604,month
SAY,NO_DATA,0,HTTP_404_SECURITY_NOT_FOUND,100000,98546,month
SBBP,NO_DATA,0,EMPTY_SERIES,100000,98473,month
SBBX,NO_DATA,0,HTTP_404_SECURITY_NOT_FOUND,100000,98472,month
SBFM,OK,223,,100000,98545,month
SBOW,OK,849,,100000,98544,month
SC,OK,613,,100000,98471,month
SCA,NO_DATA,0,HTTP_404_SECURITY_NOT_FOUND,100000,98543,month
SCCB,NO_DATA,0,HTTP_404_SECURITY_NOT_FOUND,100000,98542,month
SCCC,NO_DATA,0,HTTP_404_SECURITY_NOT_FOUND,100000,98541,month
SCCG,NO_DATA,0,HTTP_404_SECURITY_NOT_FOUND,100000,98470,month
SCPH,NO_DATA,0,EMPTY_SERIES,100000,98468,month
SCTL,NO_DATA,0,EMPTY_SERIES,100000,98469,month
SDGR,OK,734,,100000,98467,month
SDI,NO_DATA,0,HTTP_404_SECURITY_NOT_FOUND,100000,98466,month
SDPI,NO_DATA,0,EMPTY_SERIES,100000,98465,month
SEM,OK,844,,100000,98540,month
SES,OK,467,,100000,98539,month
SESG,NO_DATA,0,HTTP_404_SECURITY_NOT_FOUND,100000,98538,month
SF-P-A,NO_DATA,0,HTTP_404_SECURITY_NOT_FOUND,100000,98537,month
SF-P-B,NO_DATA,0,HTTP_404_SECURITY_NOT_FOUND,100000,98536,month
SF-P-C,NO_DATA,0,HTTP_404_SECURITY_NOT_FOUND,100000,98535,month
SF-P-D,NO_DATA,0,HTTP_404_SECURITY_NOT_FOUND,100000,98534,month
SFB,NO_DATA,0,HTTP_404_SECURITY_NOT_FOUND,100000,98464,month
SG,OK,283,,100000,98463,month
SGB,NO_DATA,0,HTTP_404_SECURITY_NOT_FOUND,100000,98462,month
SGEN,OK,843,,100000,98460,month
SGHT,OK,372,,100000,98461,month
SGMA,NO_DATA,0,EMPTY_SERIES,100000,98459,month
SGTX,NO_DATA,0,HTTP_404_SECURITY_NOT_FOUND,100000,98458,month
SHC,OK,534,,100000,98456,month
SHLO,NO_DATA,0,HTTP_404_SECURITY_NOT_FOUND,100000,98457,month
SHLX,NO_DATA,0,HTTP_404_SECURITY_NOT_FOUND,100000,98455,month
SHO-P-E,NO_DATA,0,HTTP_404_SECURITY_NOT_FOUND,100000,98454,month
SHO-P-F,NO_DATA,0,HTTP_404_SECURITY_NOT_FOUND,100000,98453,month
SHO-P-H,NO_DATA,0,HTTP_404_SECURITY_NOT_FOUND,100000,98452,month
SHO-P-I,NO_DATA,0,HTTP_404_SECURITY_NOT_FOUND,100000,98451,month
SHPH,OK,87,,100000,98449,month
SHSP,NO_DATA,0,EMPTY_SERIES,100000,98450,month
SHYF,NO_DATA,0,EMPTY_SERIES,100000,98533,month
SILA,NO_DATA,0,EMPTY_SERIES,100000,98447,month
SILK,NO_DATA,0,EMPTY_SERIES,100000,98448,month
SILO,OK,501,,100000,98446,month
SIRE,NO_DATA,0,HTTP_404_SECURITY_NOT_FOUND,100000,98531,month
SITC-P-A,NO_DATA,0,HTTP_404_SECURITY_NOT_FOUND,100000,98532,month
SITC-P-K,NO_DATA,0,HTTP_404_SECURITY_NOT_FOUND,100000,98530,month
SIX,NO_DATA,0,EMPTY_SERIES,100000,98529,month
SJI,OK,844,,100000,98527,month
SJIJ,NO_DATA,0,HTTP_404_SECURITY_NOT_FOUND,100000,98528,month
SKYA,OK,182,,100000,98526,month
SKYT,OK,431,,100000,98525,month
SKYX,OK,226,,100000,98524,month
SLCA,NO_DATA,0,EMPTY_SERIES,100000,98523,month
SLCT,NO_DATA,0,EMPTY_SERIES,100000,98522,month
SLG-P-I,NO_DATA,0,HTTP_404_SECURITY_NOT_FOUND,100000,98521,month
SLNHP,NO_DATA,0,HTTP_404_SECURITY_NOT_FOUND,100000,98520,month
SLNO,OK,842,,100000,98519,month
SLQT,OK,661,,100000,98445,month
SLVM,OK,324,,100000,98441,month
SMED,NO_DATA,0,EMPTY_SERIES,100000,98443,month
SMLP,NO_DATA,0,HTTP_404_SECURITY_NOT_FOUND,100000,98444,month
SMLR,NO_DATA,0,EMPTY_SERIES,100000,98442,month
SMMF,OK,843,,100000,98440,month
SMRTQ,NO_DATA,0,EMPTY_SERIES,100000,98439,month
SMTK,NO_DATA,0,EMPTY_SERIES,100000,98437,month
SMTX,NO_DATA,0,EMPTY_SERIES,100000,98436,month
SNBR,OK,842,,100000,98438,month
SNCE,NO_DATA,0,EMPTY_SERIES,100000,98518,month
SNCR,NO_DATA,0,EMPTY_SERIES,100000,98435,month
SNCRL,NO_DATA,0,HTTP_404_SECURITY_NOT_FOUND,100000,98517,month
SNCY,OK,455,,100000,98434,month
SNDEQ,NO_DATA,0,EMPTY_SERIES,100000,98516,month
SNMP,NO_DATA,0,HTTP_404_SECURITY_NOT_FOUND,100000,98433,month
SNPO,NO_DATA,0,EMPTY_SERIES,100000,98514,month
SNR,OK,523,,100000,98515,month
SNTI,OK,406,,100000,98432,month
SNV,OK,844,,100000,98431,month
SNV-P-D,NO_DATA,0,HTTP_404_SECURITY_NOT_FOUND,100000,98430,month
SNV-P-E,NO_DATA,0,HTTP_404_SECURITY_NOT_FOUND,100000,98429,month
SNWV,NO_DATA,0,EMPTY_SERIES,100000,98428,month
SO 6.75 08-01-22,NO_DATA,0,HTTP_404_SECURITY_NOT_FOUND,100000,98427,month
SOFI,OK,505,,100000,98513,month
SOHO,NO_DATA,0,EMPTY_SERIES,100000,98512,month
SOJA,NO_DATA,0,HTTP_404_SECURITY_NOT_FOUND,100000,98511,month
SOJB,NO_DATA,0,HTTP_404_SECURITY_NOT_FOUND,100000,98426,month
SOJD,NO_DATA,0,HTTP_404_SECURITY_NOT_FOUND,100000,98510,month
SOJE,NO_DATA,0,HTTP_404_SECURITY_NOT_FOUND,100000,98425,month
SOLY,NO_DATA,0,EMPTY_SERIES,100000,98423,month
SONN,NO_DATA,0,EMPTY_SERIES,100000,98424,month
SORL,NO_DATA,0,HTTP_404_SECURITY_NOT_FOUND,100000,98422,month
SOVO,OK,324,,100000,98420,month
SP,NO_DATA,0,EMPTY_SERIES,100000,98421,month
SPCE-WS,NO_DATA,0,HTTP_404_SECURITY_NOT_FOUND,100000,98419,month
SPK,NO_DATA,0,HTTP_404_SECURITY_NOT_FOUND,100000,98415,month
SPKAR,NO_DATA,0,HTTP_404_SECURITY_NOT_FOUND,100000,98418,month
SPLK,NO_DATA,0,EMPTY_SERIES,100000,98417,month
SPNE,NO_DATA,0,EMPTY_SERIES,100000,98416,month
SPNT-P-B,NO_DATA,0,HTTP_404_SECURITY_NOT_FOUND,100000,98414,month
SPPI,NO_DATA,0,EMPTY_SERIES,100000,98413,month
SPRB,OK,563,,100000,98412,month
SPRT,NO_DATA,0,HTTP_404_SECURITY_NOT_FOUND,100000,98509,month
SPTN,NO_DATA,0,EMPTY_SERIES,100000,98411,month
SQFTP,NO_DATA,0,HTTP_404_SECURITY_NOT_FOUND,100000,98409,month
SR-P-A,NO_DATA,0,HTTP_404_SECURITY_NOT_FOUND,100000,98410,month
SRC,OK,848,,100000,98408,month
SRC-P-A,NO_DATA,0,HTTP_404_SECURITY_NOT_FOUND,100000,98508,month
SRCL,OK,843,,100000,98572,month
SRDX,NO_DATA,0,EMPTY_SERIES,100000,98571,month
SREV,NO_DATA,0,EMPTY_SERIES,100000,98381,month
SRG-P-A,NO_DATA,0,HTTP_404_SECURITY_NOT_FOUND,100000,98379,month
SRLP,NO_DATA,0,HTTP_404_SECURITY_NOT_FOUND,100000,98378,month
SRRA,NO_DATA,0,EMPTY_SERIES,100000,98380,month
SRT,NO_DATA,0,EMPTY_SERIES,100000,98376,month
SSBK,OK,345,,100000,98377,month
SSI,NO_DATA,0,HTTP_404_SECURITY_NOT_FOUND,100000,98375,month
SSY,NO_DATA,0,EMPTY_SERIES,100000,98374,month
STAG-P-C,NO_DATA,0,HTTP_404_SECURITY_NOT_FOUND,100000,98405,month
STAR-P-D,NO_DATA,0,HTTP_404_SECURITY_NOT_FOUND,100000,98373,month
STAR-P-G,NO_DATA,0,HTTP_404_SECURITY_NOT_FOUND,100000,98406,month
STAR-P-I,NO_DATA,0,HTTP_404_SECURITY_NOT_FOUND,100000,98407,month
STEL,OK,843,,100000,98372,month
STER,OK,324,,100000,98404,month
STFC,NO_DATA,0,EMPTY_SERIES,100000,98371,month
STKL,NO_DATA,0,HTTP_404_SECURITY_NOT_FOUND,100000,98370,month
STML,NO_DATA,0,HTTP_404_SECURITY_NOT_FOUND,100000,98369,month
STMP,NO_DATA,0,EMPTY_SERIES,100000,98368,month
STND,OK,424,,100000,98367,month
STOR,OK,848,,100000,98366,month
STRM,NO_DATA,0,EMPTY_SERIES,100000,98364,month
STSA,NO_DATA,0,EMPTY_SERIES,100000,98365,month
STT-P-D,NO_DATA,0,HTTP_404_SECURITY_NOT_FOUND,100000,98363,month
STT-P-G,NO_DATA,0,HTTP_404_SECURITY_NOT_FOUND,100000,98403,month
STTK,OK,563,,100000,98362,month
STXB,OK,658,,100000,98361,month
SUMO,NO_DATA,0,EMPTY_SERIES,100000,98401,month
SUMR,NO_DATA,0,EMPTY_SERIES,100000,98402,month
SURF,NO_DATA,0,EMPTY_SERIES,100000,98399,month
SVBI,OK,545,,100000,98400,month
SWAG,OK,290,,100000,98398,month
SWAV,NO_DATA,0,EMPTY_SERIES,100000,98397,month
SWI,NO_DATA,0,EMPTY_SERIES,100000,98396,month
SWIM,OK,430,,100000,98395,month
SWKH,OK,814,,100000,98360,month
SWN,OK,843,,100000,98359,month
SWTX,NO_DATA,0,EMPTY_SERIES,100000,98358,month
SYF-P-A,NO_DATA,0,HTTP_404_SECURITY_NOT_FOUND,100000,98357,month
SYKE,OK,502,,100000,98356,month
SYNC,NO_DATA,0,EMPTY_SERIES,100000,98355,month
SZZL,NO_DATA,0,EMPTY_SERIES,100000,98394,month
T-P-A,NO_DATA,0,HTTP_404_SECURITY_NOT_FOUND,100000,98476,month
T-P-C,NO_DATA,0,HTTP_404_SECURITY_NOT_FOUND,100000,98475,month
TACO,OK,635,,100000,98474,month
TALK,OK,613,,100000,98297,month
TARS,OK,558,,100000,98296,month
TAST,NO_DATA,0,EMPTY_SERIES,100000,98354,month
TAT,NO_DATA,0,HTTP_404_SECURITY_NOT_FOUND,100000,98295,month
TBC,NO_DATA,0,HTTP_404_SECURITY_NOT_FOUND,100000,98294,month
TBIO,OK,390,,100000,98353,month
TBNK,OK,843,,100000,98352,month
TBPH,OK,842,,100000,98351,month
TCBS,OK,335,,100000,98350,month
TCBX,OK,290,,100000,98349,month
TCO,NO_DATA,0,HTTP_404_SECURITY_NOT_FOUND,100000,98348,month
TCO-P-J,NO_DATA,0,HTTP_404_SECURITY_NOT_FOUND,100000,98346,month
TCO-P-K,NO_DATA,0,HTTP_404_SECURITY_NOT_FOUND,100000,98347,month
TCP,NO_DATA,0,HTTP_404_SECURITY_NOT_FOUND,100000,98345,month
TCRR,NO_DATA,0,EMPTY_SERIES,100000,98344,month
TCRX,OK,371,,100000,98343,month
TEAD,OK,366,,100000,98342,month
TECD,NO_DATA,0,HTTP_404_SECURITY_NOT_FOUND,100000,98341,month
TECTP,NO_DATA,0,HTTP_404_SECURITY_NOT_FOUND,100000,98340,month
TERN,OK,482,,100000,98339,month
TESS,NO_DATA,0,EMPTY_SERIES,100000,98338,month
TEUM,NO_DATA,0,HTTP_404_SECURITY_NOT_FOUND,100000,98293,month
TFC-P-F,NO_DATA,0,HTTP_404_SECURITY_NOT_FOUND,100000,98292,month
TFC-P-G,NO_DATA,0,HTTP_404_SECURITY_NOT_FOUND,100000,98291,month
TFC-P-H,NO_DATA,0,HTTP_404_SECURITY_NOT_FOUND,100000,98290,month
TFC-P-I,NO_DATA,0,HTTP_404_SECURITY_NOT_FOUND,100000,98337,month
TFC-P-O,NO_DATA,0,HTTP_404_SECURITY_NOT_FOUND,100000,98289,month
TFC-P-R,NO_DATA,0,HTTP_404_SECURITY_NOT_FOUND,100000,98288,month
TFFP,NO_DATA,0,EMPTY_SERIES,100000,98287,month
TGAN,NO_DATA,0,EMPTY_SERIES,100000,98285,month
TGE,NO_DATA,0,EMPTY_SERIES,100000,98286,month
TGI,NO_DATA,0,EMPTY_SERIES,100000,98284,month
TGL,OK,101,,100000,98283,month
TGNA,OK,848,,100000,98282,month
THCA,NO_DATA,0,HTTP_404_SECURITY_NOT_FOUND,100000,98336,month
THGA,NO_DATA,0,HTTP_404_SECURITY_NOT_FOUND,100000,98281,month
THR,OK,842,,100000,98280,month
THRD,NO_DATA,0,EMPTY_SERIES,100000,98278,month
THRN,NO_DATA,0,EMPTY_SERIES,100000,98277,month
THRX,NO_DATA,0,EMPTY_SERIES,100000,98279,month
THS,NO_DATA,0,EMPTY_SERIES,100000,98276,month
THTI,NO_DATA,0,EMPTY_SERIES,100000,98335,month
TIF,NO_DATA,0,HTTP_404_SECURITY_NOT_FOUND,100000,98334,month
TIG,NO_DATA,0,EMPTY_SERIES,100000,98332,month
TIL,OK,453,,100000,98331,month
TIVO,NO_DATA,0,HTTP_404_SECURITY_NOT_FOUND,100000,98333,month
TKNO,OK,385,,100000,98330,month
TLND,OK,487,,100000,98329,month
TLRA,NO_DATA,0,HTTP_404_SECURITY_NOT_FOUND,100000,98328,month
TLS,OK,534,,100000,98326,month
TMC,OK,332,,100000,98327,month
TMCI,OK,429,,100000,98324,month
TMHC,OK,848,,100000,98325,month
TMX,OK,584,,100000,98323,month
TNAV,NO_DATA,0,HTTP_404_SECURITY_NOT_FOUND,100000,98275,month
TNGX,OK,588,,100000,98322,month
TNON,OK,174,,100000,98274,month
TNYA,OK,361,,100000,98273,month
TOTA,NO_DATA,0,HTTP_404_SECURITY_NOT_FOUND,100000,98272,month
TOTAR,NO_DATA,0,HTTP_404_SECURITY_NOT_FOUND,100000,98271,month
TPCO,OK,492,,100000,98270,month
TPH,OK,842,,100000,98268,month
TPTA,NO_DATA,0,HTTP_404_SECURITY_NOT_FOUND,100000,98269,month
TPTX,NO_DATA,0,EMPTY_SERIES,100000,98266,month
TPVY,NO_DATA,0,HTTP_404_SECURITY_NOT_FOUND,100000,98320,month
TRDA,OK,297,,100000,98267,month
TREC,OK,710,,100000,98321,month
TRHC,NO_DATA,0,EMPTY_SERIES,100000,98319,month
TRIL,NO_DATA,0,HTTP_404_SECURITY_NOT_FOUND,100000,98318,month
TRMT,NO_DATA,0,HTTP_404_SECURITY_NOT_FOUND,100000,98317,month
TRTN,OK,843,,100000,98316,month
TRTN-P-C,NO_DATA,0,HTTP_404_SECURITY_NOT_FOUND,100000,98315,month
TRTN-P-D,NO_DATA,0,HTTP_404_SECURITY_NOT_FOUND,100000,98265,month
TRTN-P-E,NO_DATA,0,HTTP_404_SECURITY_NOT_FOUND,100000,98264,month
TRTX-P-C,NO_DATA,0,HTTP_404_SECURITY_NOT_FOUND,100000,98263,month
TRUE,NO_DATA,0,EMPTY_SERIES,100000,98262,month
TSC,NO_DATA,0,EMPTY_SERIES,100000,98261,month
TSCAP,NO_DATA,0,HTTP_404_SECURITY_NOT_FOUND,100000,98260,month
TSG,NO_DATA,0,HTTP_404_SECURITY_NOT_FOUND,100000,98259,month
TSHA,OK,574,,100000,98258,month
TSRI,NO_DATA,0,EMPTY_SERIES,100000,98256,month
TSVT,NO_DATA,0,EMPTY_SERIES,100000,98257,month
TTPH,NO_DATA,0,HTTP_404_SECURITY_NOT_FOUND,100000,98255,month
TVTY,NO_DATA,0,HTTP_404_SECURITY_NOT_FOUND,100000,98248,month
TWKS,NO_DATA,0,EMPTY_SERIES,100000,98252,month
TWO,OK,843,,100000,98254,month
TWO-P-A,NO_DATA,0,HTTP_404_SECURITY_NOT_FOUND,100000,98253,month
TWO-P-B,NO_DATA,0,HTTP_404_SECURITY_NOT_FOUND,100000,98251,month
TWO-P-C,NO_DATA,0,HTTP_404_SECURITY_NOT_FOUND,100000,98247,month
TWO-P-D,NO_DATA,0,HTTP_404_SECURITY_NOT_FOUND,100000,98249,month
TWO-P-E,NO_DATA,0,HTTP_404_SECURITY_NOT_FOUND,100000,98250,month
TWTR,NO_DATA,0,EMPTY_SERIES,100000,98246,month
TYME,NO_DATA,0,EMPTY_SERIES,100000,98314,month
TYRA,OK,329,,100000,98313,month
U,OK,578,,100000,98245,month
UBP,NO_DATA,0,HTTP_404_SECURITY_NOT_FOUND,100000,98312,month
UBP-P-H,NO_DATA,0,HTTP_404_SECURITY_NOT_FOUND,100000,98311,month
UBP-P-K,NO_DATA,0,HTTP_404_SECURITY_NOT_FOUND,100000,98308,month
UCB-P-I,NO_DATA,0,HTTP_404_SECURITY_NOT_FOUND,100000,98310,month
UDMY,OK,297,,100000,98309,month
UFS,NO_DATA,0,EMPTY_SERIES,100000,98306,month
UMH-P-B,NO_DATA,0,HTTP_404_SECURITY_NOT_FOUND,100000,98307,month
UMH-P-C,NO_DATA,0,HTTP_404_SECURITY_NOT_FOUND,100000,98304,month
UMH-P-D,NO_DATA,0,HTTP_404_SECURITY_NOT_FOUND,100000,98303,month
UMPQ,OK,843,,100000,98305,month
UNAMQ,NO_DATA,0,HTTP_404_SECURITY_NOT_FOUND,100000,98302,month
UNCY,OK,375,,100000,98301,month
UNT,NO_DATA,0,HTTP_404_SECURITY_NOT_FOUND,100000,98300,month
UNVR,NO_DATA,0,EMPTY_SERIES,100000,98299,month
UPST,OK,516,,100000,98298,month
UPXI,OK,386,,100000,98297,month
UROV,NO_DATA,0,HTTP_404_SECURITY_NOT_FOUND,100000,98295,month
USAK,NO_DATA,0,EMPTY_SERIES,100000,98296,month
USAP,NO_DATA,0,EMPTY_SERIES,100000,98294,month
USCR,OK,501,,100000,98244,month
USER,NO_DATA,0,HTTP_404_SECURITY_NOT_FOUND,100000,98293,month
UZA,NO_DATA,0,HTTP_404_SECURITY_NOT_FOUND,100000,98242,month
UZB,NO_DATA,0,HTTP_404_SECURITY_NOT_FOUND,100000,98243,month
UZC,NO_DATA,0,HTTP_404_SECURITY_NOT_FOUND,100000,98241,month
UZD,NO_DATA,0,HTTP_404_SECURITY_NOT_FOUND,100000,98239,month
UZE,NO_DATA,0,HTTP_404_SECURITY_NOT_FOUND,100000,98238,month
UZF,NO_DATA,0,HTTP_404_SECURITY_NOT_FOUND,100000,98240,month
VAL,OK,423,,100000,98237,month
VAR,OK,408,,100000,98235,month
VBFC,NO_DATA,0,EMPTY_SERIES,100000,98236,month
VBOC,NO_DATA,0,HTTP_404_SECURITY_NOT_FOUND,100000,98234,month
VBTX,OK,843,,100000,98232,month
VEEE,OK,368,,100000,98206,month
VEL,OK,753,,100000,98233,month
VER,OK,546,,100000,98231,month
VER-P-F,NO_DATA,0,HTTP_404_SECURITY_NOT_FOUND,100000,98230,month
VERB,NO_DATA,0,HTTP_404_SECURITY_NOT_FOUND,100000,98229,month
VERV,NO_DATA,0,EMPTY_SERIES,100000,98227,month
VERY,NO_DATA,0,EMPTY_SERIES,100000,98228,month
VG,NO_DATA,0,EMPTY_SERIES,100000,98225,month
VGR,NO_DATA,0,EMPTY_SERIES,100000,98226,month
VIACP,NO_DATA,0,HTTP_404_SECURITY_NOT_FOUND,100000,98224,month
VIASP,NO_DATA,0,HTTP_404_SECURITY_NOT_FOUND,100000,98223,month
VIE,NO_DATA,0,HTTP_404_SECURITY_NOT_FOUND,100000,98222,month
VIGL,NO_DATA,0,EMPTY_SERIES,100000,98219,month
VITL,OK,612,,100000,98220,month
VIVKD,NO_DATA,0,HTTP_404_SECURITY_NOT_FOUND,100000,98221,month
VMEO,NO_DATA,0,EMPTY_SERIES,100000,98218,month
VNE,NO_DATA,0,EMPTY_SERIES,100000,98205,month
VNO-P-K,NO_DATA,0,HTTP_404_SECURITY_NOT_FOUND,100000,98204,month
VNO-P-L,NO_DATA,0,HTTP_404_SECURITY_NOT_FOUND,100000,98203,month
VNO-P-M,NO_DATA,0,HTTP_404_SECURITY_NOT_FOUND,100000,98202,month
VNO-P-N,NO_DATA,0,HTTP_404_SECURITY_NOT_FOUND,100000,98201,month
VNT,OK,574,,100000,98200,month
VOR,OK,482,,100000,98198,month
VOYA-P-B,NO_DATA,0,HTTP_404_SECURITY_NOT_FOUND,100000,98199,month
VRE,OK,843,,100000,98217,month
VRM,OK,650,,100000,98297,month
VRNA,NO_DATA,0,EMPTY_SERIES,100000,98295,month
VRNT,OK,843,,100000,98294,month
VRTU,NO_DATA,0,HTTP_404_SECURITY_NOT_FOUND,100000,98296,month
VRTV,NO_DATA,0,EMPTY_SERIES,100000,98293,month
VSLR,NO_DATA,0,HTTP_404_SECURITY_NOT_FOUND,100000,98292,month
VSTO,NO_DATA,0,EMPTY_SERIES,100000,98291,month
VSXY,NO_DATA,0,HTTP_404_SECURITY_NOT_FOUND,100000,98216,month
VTAQR,NO_DATA,0,HTTP_404_SECURITY_NOT_FOUND,100000,98290,month
VTYX,NO_DATA,0,EMPTY_SERIES,100000,98214,month
VVOS,OK,519,,100000,98215,month
VWTR,OK,689,,100000,98289,month
WBA,OK,843,,100000,98300,month
WBC,NO_DATA,0,HTTP_404_SECURITY_NOT_FOUND,100000,98197,month
WBS,OK,848,,100000,98299,month
WBS-P-F,NO_DATA,0,HTTP_404_SECURITY_NOT_FOUND,100000,98196,month
WBS-P-G,NO_DATA,0,HTTP_404_SECURITY_NOT_FOUND,100000,98195,month
WBT,OK,737,,100000,98194,month
WCC-P-A,NO_DATA,0,HTTP_404_SECURITY_NOT_FOUND,100000,98191,month
WEAV,OK,288,,100000,98193,month
WEBK,NO_DATA,0,HTTP_404_SECURITY_NOT_FOUND,100000,98192,month
WETH,NO_DATA,0,EMPTY_SERIES,100000,98190,month
WHFBZ,NO_DATA,0,HTTP_404_SECURITY_NOT_FOUND,100000,98189,month
WHLRL,NO_DATA,0,HTTP_404_SECURITY_NOT_FOUND,100000,98188,month
WIFI,OK,441,,100000,98187,month
WIRE,NO_DATA,0,EMPTY_SERIES,100000,98186,month
WLL,OK,735,,100000,98185,month
WMC,OK,843,,100000,98183,month
WMGI,NO_DATA,0,HTTP_404_SECURITY_NOT_FOUND,100000,98117,month
WMPN,OK,841,,100000,98184,month
WOLF,NO_DATA,0,EMPTY_SERIES,100000,98182,month
WOW,NO_DATA,0,EMPTY_SERIES,100000,98181,month
WPX,NO_DATA,0,HTTP_404_SECURITY_NOT_FOUND,100000,98180,month
WRAC,OK,228,,100000,98179,month
WSBCP,NO_DATA,0,HTTP_404_SECURITY_NOT_FOUND,100000,98175,month
WSR,OK,842,,100000,98178,month
WTFCM,NO_DATA,0,HTTP_404_SECURITY_NOT_FOUND,100000,98177,month
WTFCP,NO_DATA,0,HTTP_404_SECURITY_NOT_FOUND,100000,98176,month
WTREP,NO_DATA,0,HTTP_404_SECURITY_NOT_FOUND,100000,98174,month
WTRU,NO_DATA,0,HTTP_404_SECURITY_NOT_FOUND,100000,98172,month
WTT,NO_DATA,0,EMPTY_SERIES,100000,98173,month
WW,NO_DATA,0,EMPTY_SERIES,100000,98171,month
X,NO_DATA,0,EMPTY_SERIES,100000,98170,month
XEC,NO_DATA,0,EMPTY_SERIES,100000,98169,month
XENT,OK,681,,100000,98651,month
XLNX,NO_DATA,0,EMPTY_SERIES,100000,98168,month
XLO,OK,303,,100000,98167,month
XLRN,NO_DATA,0,EMPTY_SERIES,100000,98110,month
XONE,OK,634,,100000,98116,month
XRN-P-A,NO_DATA,0,HTTP_404_SECURITY_NOT_FOUND,100000,98115,month
YCBD-P-A,NO_DATA,0,HTTP_404_SECURITY_NOT_FOUND,100000,98109,month
YMAB,NO_DATA,0,EMPTY_SERIES,100000,98108,month
YUMA,NO_DATA,0,HTTP_404_SECURITY_NOT_FOUND,100000,98107,month
ZAGG,NO_DATA,0,HTTP_404_SECURITY_NOT_FOUND,100000,98105,month
ZEN,NO_DATA,0,EMPTY_SERIES,100000,98106,month
ZEUS,NO_DATA,0,EMPTY_SERIES,100000,98104,month
ZFOX,NO_DATA,0,EMPTY_SERIES,100000,98114,month
ZGNX,NO_DATA,0,EMPTY_SERIES,100000,98103,month
ZGYHR,NO_DATA,0,HTTP_404_SECURITY_NOT_FOUND,100000,98650,month
ZIMV,NO_DATA,0,EMPTY_SERIES,100000,98649,month
ZIXI,ERROR,0,HTTPError('500 Server Error: Internal Server Error for url: https://api.eulerpool.com/api/1/charting/ohlcv/ZIXI?from=1567296000&to=1672876800&interval=1d'),100000,98048,month
ZY,NO_DATA,0,HTTP_404_SECURITY_NOT_FOUND,100000,98648,month
ZYNE,NO_DATA,0,EMPTY_SERIES,100000,98647,month
