ticker,vendor_status,official_status,vendor_points,official_points,vendor_error,official_error,rate_remaining
AA,NOT_FOUND,OK,0,6,,,91154
ABG,NOT_FOUND,OK,0,6,,,91152
ACIW,NOT_FOUND,OK,0,6,,,91157
ADT,NOT_FOUND,OK,0,6,,,91155
AEP,OK,OK,12,6,,,91153
AGIO,NOT_FOUND,OK,0,6,,,91156
AHCO,NOT_FOUND,OK,0,6,,,91143
AIR,NOT_FOUND,OK,0,6,,,91146
ALE,NOT_FOUND,OK,0,6,,,91142
ALEC,NOT_FOUND,OK,0,6,,,91144
ALG,NOT_FOUND,OK,0,6,,,91141
ALGT,NOT_FOUND,OK,0,6,,,91139
ALK,NOT_FOUND,OK,0,6,,,91159
ALRM,NOT_FOUND,OK,0,6,,,91127
ALSN,NOT_FOUND,OK,0,6,,,91128
ALV,NOT_FOUND,OK,0,6,,,91126
AM,NOT_FOUND,OK,0,6,,,91133
AME,OK,OK,12,6,,,91124
AMKR,NOT_FOUND,OK,0,6,,,91118
AMN,NOT_FOUND,OK,0,6,,,91158
AMPH,NOT_FOUND,OK,0,6,,,91125
ANDE,NOT_FOUND,OK,0,6,,,91159
APA,NOT_FOUND,OK,0,6,,,91124
APD,OK,OK,12,6,,,91118
ARLO,NOT_FOUND,OK,0,6,,,91115
ARLP,NOT_FOUND,OK,0,6,,,91114
AROC,NOT_FOUND,OK,0,6,,,91116
ARW,NOT_FOUND,OK,0,6,,,91117
ASIX,NOT_FOUND,OK,0,6,,,91113
ATR,NOT_FOUND,OK,0,6,,,91107
ATVI,NOT_FOUND,OK,0,6,,,91103
AVD,NOT_FOUND,OK,0,6,,,91108
AVID,NOT_FOUND,OK,0,6,,,91104
AVLR,NOT_FOUND,OK,0,5,,,91088
AVT,NOT_FOUND,OK,0,6,,,91102
AWR,NOT_FOUND,OK,0,6,,,91115
AXTA,NOT_FOUND,OK,0,6,,,91086
AZTA,NOT_FOUND,OK,0,6,,,91084
BA,OK,OK,12,6,,,91082
BAX,NOT_FOUND,OK,0,6,,,91112
BB,NOT_FOUND,NOT_FOUND,0,0,,,91109
BCC,NOT_FOUND,OK,0,6,,,91111
BCPC,NOT_FOUND,OK,0,6,,,91080
BDX,OK,OK,12,6,,,91075
BERY,NOT_FOUND,OK,0,6,,,91079
BFH,NOT_FOUND,OK,0,6,,,91079
BIIB,OK,OK,12,6,,,91066
BJ,NOT_FOUND,OK,0,6,,,91078
BKD,NOT_FOUND,OK,0,6,,,91067
BLCO,NOT_FOUND,OK,0,3,,,91065
BLKB,NOT_FOUND,OK,0,6,,,91064
BLMN,NOT_FOUND,OK,0,6,,,91056
BMI,NOT_FOUND,OK,0,6,,,91059
BMRN,NOT_FOUND,OK,0,6,,,91055
BMY,OK,OK,12,6,,,91053
BOOT,NOT_FOUND,OK,0,6,,,91052
BRBR,NOT_FOUND,OK,0,6,,,91051
BSM,NOT_FOUND,OK,0,6,,,91050
BWXT,OK,OK,12,6,,,91060
CAG,NOT_FOUND,OK,0,6,,,91045
CAH,OK,OK,12,6,,,91041
CALM,NOT_FOUND,OK,0,6,,,91042
CAR,NOT_FOUND,OK,0,6,,,91043
CARR,OK,OK,12,6,,,91033
CAT,OK,OK,12,6,,,91056
CCC,NOT_FOUND,OK,0,6,,,91058
CCK,NOT_FOUND,OK,0,6,,,91031
CCMP,NOT_FOUND,OK,0,4,,,91051
CCSI,NOT_FOUND,OK,0,6,,,91053
CDE,NOT_FOUND,OK,0,6,,,91049
CEG,OK,OK,4,4,,,91048
CENX,NOT_FOUND,OK,0,6,,,91047
CEQP,NOT_FOUND,OK,0,6,,,91045
CERN,NOT_FOUND,OK,0,3,,,91016
CF,NOT_FOUND,OK,0,6,,,91014
CGC,NOT_FOUND,NOT_FOUND,0,0,,,91028
CHE,NOT_FOUND,OK,0,6,,,91008
CHGG,NOT_FOUND,OK,0,6,,,91029
CHX,NOT_FOUND,OK,0,6,,,91010
CL,OK,OK,12,6,,,91006
CLF,NOT_FOUND,OK,0,6,,,91034
CLH,NOT_FOUND,OK,0,6,,,91007
CLVT,NOT_FOUND,OK,0,6,,,91008
CMI,OK,OK,12,6,,,91001
CMP,NOT_FOUND,OK,0,6,,,91002
CMPS,NOT_FOUND,OK,0,6,,,91005
CMS,OK,OK,12,6,,,90998
CNNE,NOT_FOUND,OK,0,6,,,90999
CNP,OK,OK,12,6,,,90995
COKE,NOT_FOUND,OK,0,6,,,90994
COO,NOT_FOUND,OK,0,6,,,90991
COUR,NOT_FOUND,OK,0,6,,,90990
CPB,NOT_FOUND,OK,0,6,,,90971
CPE,NOT_FOUND,OK,0,6,,,90970
CPK,NOT_FOUND,OK,0,6,,,90967
CPRI,NOT_FOUND,OK,0,6,,,90994
CPRX,NOT_FOUND,OK,0,6,,,90993
CRL,NOT_FOUND,OK,0,6,,,90964
CROX,NOT_FOUND,OK,0,6,,,90963
CRS,OK,OK,12,6,,,99981
CSL,NOT_FOUND,OK,0,6,,,90959
CSW,NOT_FOUND,OK,0,6,,,91232
CSX,OK,OK,12,6,,,90968
CTLT,NOT_FOUND,OK,0,6,,,90958
CTS,NOT_FOUND,OK,0,6,,,91230
CURV,NOT_FOUND,OK,0,6,,,91232
CVSA,NOT_FOUND,OK,0,6,,,90967
CVX,OK,OK,12,6,,,90962
CWT,NOT_FOUND,OK,0,6,,,90966
DAL,NOT_FOUND,OK,0,6,,,99997
DCI,NOT_FOUND,OK,0,6,,,90965
DCP,NOT_FOUND,OK,0,6,,,99995
DD,OK,OK,12,6,,,90958
DE,OK,OK,12,6,,,90956
DGII,NOT_FOUND,OK,0,6,,,90959
DIN,NOT_FOUND,OK,0,6,,,90955
DINO,NOT_FOUND,OK,0,6,,,90957
DKS,OK,OK,12,6,,,90926
DNB,NOT_FOUND,OK,0,6,,,90939
DOCN,NOT_FOUND,OK,0,6,,,90942
DOV,OK,OK,12,6,,,90938
DOW,OK,OK,12,6,,,90940
DRI,OK,OK,12,6,,,90924
DT,NOT_FOUND,OK,0,6,,,90936
DTE,OK,OK,12,6,,,90921
DTM,NOT_FOUND,OK,0,6,,,90931
DVA,NOT_FOUND,OK,0,6,,,90930
DXC,NOT_FOUND,OK,0,6,,,90919
EA,OK,OK,12,6,,,90920
EBS,NOT_FOUND,OK,0,6,,,90922
ECHO,NOT_FOUND,OK,0,0,,,90916
ECL,OK,OK,12,6,,,90905
ED,OK,OK,12,6,,,90907
ELAN,NOT_FOUND,OK,0,6,,,90892
EMBC,NOT_FOUND,OK,0,4,,,90894
EME,OK,OK,12,6,,,90891
EMN,NOT_FOUND,OK,0,6,,,90893
ENLC,NOT_FOUND,OK,0,6,,,90895
EOG,OK,OK,12,6,,,90902
EPD,OK,OK,12,6,,,90897
ERII,NOT_FOUND,OK,0,6,,,90899
ESAB,NOT_FOUND,OK,0,3,,,90900
ET,OK,OK,12,6,,,90901
ETRN,NOT_FOUND,OK,0,6,,,90893
ETSY,NOT_FOUND,OK,0,6,,,90880
EVCM,NOT_FOUND,OK,0,6,,,90892
EVRI,NOT_FOUND,OK,0,6,,,90878
EVTC,NOT_FOUND,OK,0,6,,,90877
EW,OK,OK,12,6,,,90872
EXEL,NOT_FOUND,OK,0,6,,,90870
EXLS,NOT_FOUND,OK,0,6,,,90891
EXPE,OK,OK,12,6,,,90869
EXPO,NOT_FOUND,OK,0,6,,,90868
F,OK,OK,12,6,,,90866
FANG,OK,OK,12,6,,,90863
FCX,OK,OK,12,6,,,90865
FDS,NOT_FOUND,OK,0,6,,,90862
FDX,OK,OK,12,6,,,90863
FE,OK,OK,12,6,,,90860
FIS,OK,OK,12,6,,,90861
FISV,OK,OK,12,6,,,90847
FIX,OK,OK,12,6,,,90856
FLEX,OK,OK,12,6,,,90840
FLIR,NOT_FOUND,OK,0,0,,,90855
FLS,NOT_FOUND,OK,0,6,,,90843
FMC,NOT_FOUND,OK,0,6,,,90853
FORM,NOT_FOUND,OK,0,6,,,90854
FOXF,NOT_FOUND,OK,0,6,,,90836
FRTA,NOT_FOUND,OK,0,2,,,90834
FSLR,OK,OK,12,6,,,90829
FWRD,NOT_FOUND,OK,0,6,,,90830
FYBR,NOT_FOUND,OK,0,6,,,90835
GD,OK,OK,12,6,,,90833
GFF,NOT_FOUND,OK,0,6,,,90815
GIS,OK,OK,10,6,,,90810
GKOS,NOT_FOUND,OK,0,6,,,90824
GM,OK,OK,12,6,,,90812
GPI,NOT_FOUND,OK,0,6,,,90814
GPK,NOT_FOUND,OK,0,6,,,90809
GPRE,NOT_FOUND,OK,0,6,,,90804
GRPN,NOT_FOUND,OK,0,6,,,90805
GTLS,NOT_FOUND,OK,0,6,,,90806
GTM,NOT_FOUND,OK,0,6,,,90831
GWH,NOT_FOUND,OK,0,6,,,90803
GWW,OK,OK,12,6,,,90800
HAIN,NOT_FOUND,OK,0,6,,,90798
HAL,OK,OK,12,6,,,90793
HAS,NOT_FOUND,OK,0,6,,,90873
HCSG,NOT_FOUND,OK,0,6,,,90872
HEI,OK,OK,8,6,,,90791
HES,NOT_FOUND,OK,0,6,,,90795
HGV,NOT_FOUND,OK,0,6,,,90789
HLMN,NOT_FOUND,OK,0,6,,,90792
HLT,OK,OK,12,6,,,90762
HOG,NOT_FOUND,OK,0,6,,,90788
HOLX,NOT_FOUND,OK,0,6,,,90793
HP,NOT_FOUND,OK,0,6,,,90764
HPE,OK,OK,12,6,,,90767
HPQ,OK,OK,12,6,,,90792
HRB,NOT_FOUND,OK,0,6,,,90763
HRC,NOT_FOUND,OK,0,1,,,90756
HSY,OK,OK,12,6,,,90754
HUBB,OK,OK,12,6,,,90752
HUN,NOT_FOUND,OK,0,6,,,90757
HURN,NOT_FOUND,OK,0,6,,,90753
HWM,OK,OK,12,6,,,90751
IART,NOT_FOUND,OK,0,6,,,90747
IBM,OK,OK,12,6,,,90737
IDA,NOT_FOUND,OK,0,6,,,90743
IEP,NOT_FOUND,OK,0,6,,,90745
IMVT,NOT_FOUND,OK,0,6,,,90744
IMXI,NOT_FOUND,OK,0,6,,,90739
INGR,NOT_FOUND,OK,0,6,,,90732
IONS,NOT_FOUND,OK,0,6,,,90730
IOSP,NOT_FOUND,OK,0,6,,,90727
IQV,OK,OK,12,6,,,90726
IT,NOT_FOUND,OK,0,6,,,90729
JBLU,NOT_FOUND,OK,0,6,,,90737
JBSS,NOT_FOUND,OK,0,6,,,90725
JCI,OK,OK,12,6,,,90721
JNJ,OK,OK,12,6,,,90719
JOBY,NOT_FOUND,OK,0,6,,,90717
KD,NOT_FOUND,OK,0,5,,,90720
KMB,OK,OK,12,6,,,90713
KMT,NOT_FOUND,OK,0,6,,,90715
KMX,NOT_FOUND,OK,0,6,,,90708
KODK,NOT_FOUND,OK,0,6,,,90734
KOS,NOT_FOUND,OK,0,6,,,90707
KPLT,NOT_FOUND,OK,0,6,,,90733
KR,OK,OK,12,6,,,90698
KRP,NOT_FOUND,NOT_FOUND,0,0,,,90704
KTB,NOT_FOUND,OK,0,6,,,90705
KTOS,NOT_FOUND,OK,0,6,,,90699
LAUR,NOT_FOUND,OK,0,6,,,90697
LCID,NOT_FOUND,OK,0,6,,,90696
LCII,NOT_FOUND,OK,0,6,,,90701
LEA,NOT_FOUND,OK,0,6,,,90700
LECO,NOT_FOUND,OK,0,6,,,90695
LII,OK,OK,12,6,,,90683
LIN,OK,OK,12,6,,,90698
LLY,OK,OK,12,6,,,90710
LMT,OK,OK,12,6,,,90682
LPX,NOT_FOUND,OK,0,6,,,90684
LSTR,NOT_FOUND,OK,0,6,,,90709
LUV,OK,OK,12,6,,,90674
LVS,OK,OK,12,6,,,90667
LYEL,NOT_FOUND,OK,0,6,,,90696
MAN,NOT_FOUND,OK,0,6,,,90697
MCS,NOT_FOUND,OK,0,6,,,90675
MDT,OK,OK,12,6,,,90672
MDU,NOT_FOUND,OK,0,6,,,90669
MGLN,NOT_FOUND,OK,0,2,,,90665
MGM,NOT_FOUND,OK,0,6,,,90664
MGNI,NOT_FOUND,OK,0,6,,,90662
MIDD,NOT_FOUND,OK,0,6,,,90663
MIME,NOT_FOUND,OK,0,3,,,90659
MITK,NOT_FOUND,OK,0,6,,,90686
MLAB,NOT_FOUND,OK,0,6,,,90641
MMP,NOT_FOUND,OK,0,6,,,90639
MO,OK,OK,12,6,,,90640
MOD,NOT_FOUND,OK,0,6,,,90642
MOS,NOT_FOUND,OK,0,6,,,90673
MOV,NOT_FOUND,OK,0,6,,,90638
MPC,OK,OK,12,6,,,90635
MPLX,OK,OK,12,6,,,90629
MRC,NOT_FOUND,OK,0,6,,,90637
MRCY,NOT_FOUND,OK,0,6,,,90669
MRK,OK,OK,12,6,,,90625
MRTN,NOT_FOUND,OK,0,6,,,90636
MSA,NOT_FOUND,OK,0,6,,,90631
MTD,OK,OK,12,6,,,90627
MTDR,NOT_FOUND,OK,0,6,,,90628
MTN,NOT_FOUND,OK,0,6,,,90624
MTRN,NOT_FOUND,OK,0,6,,,90622
MTX,NOT_FOUND,OK,0,6,,,90618
MTZ,OK,OK,8,6,,,90637
MUR,NOT_FOUND,OK,0,6,,,90626
MXIM,NOT_FOUND,OK,0,0,,,90616
NABL,NOT_FOUND,OK,0,6,,,90615
NAV,NOT_FOUND,OK,0,0,,,90613
NBR,NOT_FOUND,OK,0,6,,,90597
NDSN,NOT_FOUND,OK,0,6,,,90596
NEOG,NOT_FOUND,OK,0,6,,,90595
NFG,NOT_FOUND,OK,0,6,,,90590
NGVT,NOT_FOUND,OK,0,6,,,90586
NJR,NOT_FOUND,OK,0,6,,,90588
NRGV,NOT_FOUND,OK,0,6,,,90584
NS,NOT_FOUND,OK,0,6,,,90587
NSP,NOT_FOUND,OK,0,6,,,90582
NSPR,NOT_FOUND,OK,0,6,,,90581
NTCT,NOT_FOUND,OK,0,6,,,90674
NTLA,NOT_FOUND,OK,0,6,,,90673
NUE,OK,OK,12,6,,,90593
NVR,OK,OK,12,6,,,90583
NVTS,NOT_FOUND,OK,0,5,,,90591
NWL,NOT_FOUND,OK,0,6,,,90592
NXH,NOT_FOUND,NOT_FOUND,0,0,,,90585
NXST,NOT_FOUND,OK,0,6,,,90587
OII,NOT_FOUND,OK,0,6,,,90580
OIS,NOT_FOUND,OK,0,6,,,90582
OMCL,NOT_FOUND,OK,0,6,,,90579
ON,OK,OK,12,6,,,90570
ORGN,NOT_FOUND,OK,0,6,,,90669
ORLY,OK,OK,12,6,,,90568
OSK,NOT_FOUND,OK,0,6,,,90569
OTIS,OK,OK,12,6,,,90566
OXM,NOT_FOUND,OK,0,6,,,90567
PAA,NOT_FOUND,OK,0,6,,,90559
PAR,NOT_FOUND,OK,0,6,,,90562
PATK,NOT_FOUND,OK,0,6,,,90555
PCAR,OK,OK,12,6,,,90558
PCG,OK,OK,12,6,,,90554
PCT,NOT_FOUND,OK,0,6,,,90556
PDCE,NOT_FOUND,OK,0,6,,,90552
PENN,NOT_FOUND,OK,0,6,,,90546
PFE,OK,OK,12,6,,,90545
PGNY,NOT_FOUND,OK,0,6,,,90549
PH,OK,OK,12,6,,,90542
PK,NOT_FOUND,OK,0,6,,,90543
PLCE,NOT_FOUND,OK,0,6,,,90544
PLUG,NOT_FOUND,OK,0,6,,,90512
PM,OK,OK,12,6,,,90510
PNW,NOT_FOUND,OK,0,6,,,90509
PODD,NOT_FOUND,OK,0,6,,,90511
POOL,NOT_FOUND,OK,0,6,,,90513
PPG,OK,OK,12,6,,,90505
PRAH,NOT_FOUND,OK,0,0,,,90499
PRG,NOT_FOUND,OK,0,6,,,90503
PRKS,NOT_FOUND,OK,0,6,,,90502
PRLD,NOT_FOUND,OK,0,6,,,90501
PSMT,NOT_FOUND,OK,0,6,,,90500
PSX,OK,OK,12,6,,,90491
PTC,OK,OK,12,6,,,90493
PWR,OK,OK,12,6,,,90487
RCUS,NOT_FOUND,OK,0,6,,,90494
RDW,NOT_FOUND,OK,0,6,,,90492
RES,NOT_FOUND,OK,0,6,,,90490
RKLB,OK,OK,9,6,,,90509
RMD,OK,OK,12,6,,,90477
ROCK,NOT_FOUND,OK,0,6,,,90481
ROK,OK,OK,12,6,,,90508
RRC,NOT_FOUND,OK,0,6,,,90480
SABR,NOT_FOUND,OK,0,6,,,90476
SANM,NOT_FOUND,OK,0,6,,,90506
SBH,NOT_FOUND,OK,0,6,,,90505
SCCO,OK,OK,12,6,,,90496
SCI,NOT_FOUND,OK,0,6,,,90500
SCL,NOT_FOUND,OK,0,6,,,90499
SGEN,NOT_FOUND,OK,0,6,,,90501
SGI,OK,OK,12,6,,,90497
SGRY,NOT_FOUND,OK,0,6,,,90495
SHOO,NOT_FOUND,OK,0,6,,,90473
SHW,OK,OK,12,6,,,90458
SIRI,NOT_FOUND,OK,0,6,,,90460
SJM,NOT_FOUND,OK,0,6,,,90459
SLAB,NOT_FOUND,OK,0,6,,,90454
SLGN,NOT_FOUND,OK,0,6,,,90457
SLVM,NOT_FOUND,OK,0,6,,,90449
SMP,NOT_FOUND,OK,0,6,,,90455
SNA,OK,OK,12,6,,,90450
SO,OK,OK,12,6,,,90444
SONO,NOT_FOUND,OK,0,6,,,90447
SOVO,NOT_FOUND,OK,0,6,,,90448
SPH,NOT_FOUND,OK,0,6,,,90441
SPXC,NOT_FOUND,OK,0,6,,,90452
SSTK,NOT_FOUND,OK,0,6,,,90439
STLD,OK,OK,12,6,,,90435
SUN,NOT_FOUND,OK,0,6,,,90453
SWBI,NOT_FOUND,OK,0,6,,,90434
SWK,NOT_FOUND,OK,0,6,,,90430
SWKS,NOT_FOUND,OK,0,6,,,90433
SWX,NOT_FOUND,OK,0,6,,,90431
SXT,NOT_FOUND,OK,0,6,,,90432
SYKE,NOT_FOUND,OK,0,0,,,90424
SYY,OK,OK,12,6,,,90410
TALK,NOT_FOUND,OK,0,6,,,90425
TDG,OK,OK,12,6,,,90422
TEAD,NOT_FOUND,OK,0,6,,,90419
TECH,NOT_FOUND,OK,0,6,,,90420
TEVA,OK,OK,11,6,,,90414
TFX,NOT_FOUND,OK,0,6,,,90422
TGNA,NOT_FOUND,OK,0,6,,,90415
THC,OK,OK,12,6,,,90409
THO,NOT_FOUND,OK,0,6,,,90413
THRY,NOT_FOUND,OK,0,6,,,90405
TKR,NOT_FOUND,OK,0,6,,,90406
TLRY,NOT_FOUND,OK,0,6,,,90381
TLS,NOT_FOUND,OK,0,6,,,90402
TOL,NOT_FOUND,OK,0,6,,,90380
TR,NOT_FOUND,OK,0,6,,,90382
TRIP,NOT_FOUND,OK,0,6,,,90402
TTEC,NOT_FOUND,OK,0,6,,,90375
TTWO,OK,OK,12,6,,,90372
TXN,OK,OK,12,6,,,90374
TYL,NOT_FOUND,OK,0,6,,,90370
U,NOT_FOUND,OK,0,6,,,90376
UAL,NOT_FOUND,OK,0,6,,,90369
UAN,NOT_FOUND,NOT_FOUND,0,0,,,90367
UIS,NOT_FOUND,OK,0,6,,,90453
ULTA,OK,OK,12,6,,,90375
UNF,NOT_FOUND,OK,0,6,,,90401
UNFI,NOT_FOUND,OK,0,6,,,90373
UNP,OK,OK,11,6,,,90367
URI,OK,OK,12,6,,,90370
USAC,NOT_FOUND,NOT_FOUND,0,0,,,90371
USCR,NOT_FOUND,OK,0,0,,,90364
VAL,NOT_FOUND,OK,0,6,,,90363
VFF,NOT_FOUND,OK,0,6,,,90360
VICR,NOT_FOUND,OK,0,6,,,90362
VMI,NOT_FOUND,OK,0,6,,,90359
VNT,NOT_FOUND,OK,0,6,,,90357
VREX,NOT_FOUND,OK,0,6,,,90354
VSH,NOT_FOUND,OK,0,6,,,90353
VZ,OK,OK,12,6,,,90347
WAB,NOT_FOUND,OK,0,6,,,90349
WDC,OK,OK,12,6,,,90376
WDFC,NOT_FOUND,OK,0,6,,,90348
WES,NOT_FOUND,OK,0,6,,,90322
WLK,NOT_FOUND,OK,0,6,,,90323
WM,OK,OK,12,6,,,90317
WMK,NOT_FOUND,OK,0,6,,,90321
WMS,NOT_FOUND,OK,0,6,,,90319
WMT,OK,OK,12,6,,,90317
WSC,NOT_FOUND,OK,0,6,,,90318
WTRG,NOT_FOUND,OK,0,6,,,90318
WWD,OK,OK,12,6,,,90312
XEL,OK,OK,12,6,,,90309
XIFR,NOT_FOUND,OK,0,6,,,90311
XONE,NOT_FOUND,OK,0,3,,,90308
XYL,OK,OK,12,6,,,90306
YELP,NOT_FOUND,OK,0,6,,,90307
YEXT,NOT_FOUND,OK,0,6,,,90301
YUM,OK,OK,12,6,,,90299
ZLAB,NOT_FOUND,OK,0,6,,,90298
ZNTL,NOT_FOUND,OK,0,6,,,90295
ZS,OK,OK,12,6,,,90294
