cik,entity_name,tag,unit,value,end,filed,form,fp,fy,frame,accn,accepted,sub_form,sub_filing_date,acceptance_mapped
866291,"ALLEGRO MICROSYSTEMS, INC.",EntityCommonStockSharesOutstanding,shares,189431766.0,2020-11-16,2020-11-20,10-Q,Q2,2021,,0000866291-20-000011,2020-11-20T22:30:15.000Z,10-Q,2020-11-20,True
866291,"ALLEGRO MICROSYSTEMS, INC.",EntityCommonStockSharesOutstanding,shares,189433744.0,2021-02-01,2021-02-02,10-Q,Q3,2021,CY2020Q4I,0000866291-21-000007,2021-02-02T21:40:18.000Z,10-Q,2021-02-02,True
866291,"ALLEGRO MICROSYSTEMS, INC.",EntityCommonStockSharesOutstanding,shares,189593243.0,2021-05-10,2021-05-19,10-K,FY,2021,CY2021Q1I,0000866291-21-000020,2021-05-19T20:35:10.000Z,10-K,2021-05-19,True
866291,"ALLEGRO MICROSYSTEMS, INC.",EntityCommonStockSharesOutstanding,shares,189646542.0,2021-07-21,2021-07-30,10-Q,Q1,2022,CY2021Q2I,0000866291-21-000038,2021-07-30T20:23:34.000Z,10-Q,2021-07-30,True
866291,"ALLEGRO MICROSYSTEMS, INC.",EntityCommonStockSharesOutstanding,shares,189702550.0,2021-10-20,2021-10-29,10-Q,Q2,2022,CY2021Q3I,0000866291-21-000046,2021-10-29T20:08:01.000Z,10-Q,2021-10-29,True
866291,"ALLEGRO MICROSYSTEMS, INC.",EntityCommonStockSharesOutstanding,shares,189913804.0,2022-01-19,2022-02-02,10-Q,Q3,2022,CY2021Q4I,0000866291-22-000008,2022-02-02T21:49:07.000Z,10-Q,2022-02-02,True
866291,"ALLEGRO MICROSYSTEMS, INC.",EntityCommonStockSharesOutstanding,shares,190500630.0,2022-05-06,2022-05-18,10-K,FY,2022,,0000866291-22-000011,2022-05-18T21:26:52.000Z,10-K,2022-05-18,True
866291,"ALLEGRO MICROSYSTEMS, INC.",EntityCommonStockSharesOutstanding,shares,190500630.0,2022-05-06,2022-08-29,10-K/A,FY,2022,CY2022Q1I,0000866291-22-000041,2022-08-29T20:10:05.000Z,10-K/A,2022-08-29,True
866291,"ALLEGRO MICROSYSTEMS, INC.",EntityCommonStockSharesOutstanding,shares,191269633.0,2022-07-22,2022-08-01,10-Q,Q1,2023,CY2022Q2I,0000866291-22-000033,2022-08-01T21:17:37.000Z,10-Q,2022-08-01,True
866291,"ALLEGRO MICROSYSTEMS, INC.",EntityCommonStockSharesOutstanding,shares,191308141.0,2022-10-24,2022-10-31,10-Q,Q2,2023,CY2022Q3I,0000866291-22-000052,2022-10-31T21:14:01.000Z,10-Q,2022-10-31,True
1037676,"Arch Resources, Inc.",EntityCommonStockSharesOutstanding,shares,25001819.0,2017-02-16,2017-02-24,10-K,FY,2016,,0001628280-17-001690,2017-02-24T12:18:20.000Z,10-K,2017-02-24,True
1037676,"Arch Resources, Inc.",EntityCommonStockSharesOutstanding,shares,25021079.0,2017-04-27,2017-05-02,10-Q,Q1,2017,CY2017Q1I,0001628280-17-004667,2017-05-02T16:41:42.000Z,10-Q,2017-05-02,True
1037676,"Arch Resources, Inc.",EntityCommonStockSharesOutstanding,shares,24310578.0,2017-07-21,2017-07-27,10-Q,Q2,2017,CY2017Q2I,0001628280-17-007338,2017-07-27T14:28:00.000Z,10-Q,2017-07-27,True
1037676,"Arch Resources, Inc.",EntityCommonStockSharesOutstanding,shares,21934787.0,2017-10-24,2017-10-31,10-Q,Q3,2017,CY2017Q3I,0001628280-17-010422,2017-10-31T14:50:35.000Z,10-Q,2017-10-31,True
1037676,"Arch Resources, Inc.",EntityCommonStockSharesOutstanding,shares,20986812.0,2018-02-16,2018-02-23,10-K,FY,2017,,0001628280-18-002109,2018-02-23T11:44:29.000Z,10-K,2018-02-23,True
1037676,"Arch Resources, Inc.",EntityCommonStockSharesOutstanding,shares,20614906.0,2018-04-20,2018-04-26,10-Q,Q1,2018,CY2018Q1I,0001628280-18-005094,2018-04-26T14:47:54.000Z,10-Q,2018-04-26,True
1037676,"Arch Resources, Inc.",EntityCommonStockSharesOutstanding,shares,19587748.0,2018-07-27,2018-07-31,10-Q,Q2,2018,CY2018Q2I,0001628280-18-009828,2018-07-31T14:37:47.000Z,10-Q,2018-07-31,True
1037676,"Arch Resources, Inc.",EntityCommonStockSharesOutstanding,shares,18799400.0,2018-10-19,2018-10-23,10-Q,Q3,2018,CY2018Q3I,0001628280-18-012798,2018-10-23T15:50:34.000Z,10-Q,2018-10-23,True
1037676,"Arch Resources, Inc.",EntityCommonStockSharesOutstanding,shares,17688875.0,2019-02-01,2019-02-14,10-K,FY,2018,CY2018Q4I,0001628280-19-001406,2019-02-14T16:21:18.000Z,10-K,2019-02-14,True
1037676,"Arch Resources, Inc.",EntityCommonStockSharesOutstanding,shares,16809849.0,2019-04-19,2019-04-23,10-Q,Q1,2019,CY2019Q1I,0001628280-19-004592,2019-04-23T16:14:46.000Z,10-Q,2019-04-23,True
1037676,"Arch Resources, Inc.",EntityCommonStockSharesOutstanding,shares,16262045.0,2019-07-22,2019-07-24,10-Q,Q2,2019,CY2019Q2I,0001628280-19-008971,2019-07-24T16:44:28.000Z,10-Q,2019-07-24,True
1037676,"Arch Resources, Inc.",EntityCommonStockSharesOutstanding,shares,15041754.0,2019-10-18,2019-10-22,10-Q,Q3,2019,CY2019Q3I,0001628280-19-012459,2019-10-22T15:25:13.000Z,10-Q,2019-10-22,True
1037676,"Arch Resources, Inc.",EntityCommonStockSharesOutstanding,shares,15131573.0,2020-01-31,2020-02-11,10-K,FY,2019,CY2019Q4I,0001628280-20-001344,2020-02-11T15:48:28.000Z,10-K,2020-02-11,True
1037676,"Arch Resources, Inc.",EntityCommonStockSharesOutstanding,shares,15142684.0,2020-04-20,2020-04-23,10-Q,Q1,2020,CY2020Q1I,0001558370-20-004205,2020-04-23T15:40:54.000Z,10-Q,2020-04-23,True
1037676,"Arch Resources, Inc.",EntityCommonStockSharesOutstanding,shares,15146224.0,2020-07-24,2020-07-28,10-Q,Q2,2020,CY2020Q2I,0001558370-20-008505,2020-07-28T15:45:28.000Z,10-Q,2020-07-28,True
1037676,"Arch Resources, Inc.",EntityCommonStockSharesOutstanding,shares,15147289.0,2020-10-23,2020-10-23,10-Q,Q3,2020,CY2020Q3I,0001558370-20-011693,2020-10-23T16:45:47.000Z,10-Q,2020-10-23,True
1037676,"Arch Resources, Inc.",EntityCommonStockSharesOutstanding,shares,15234899.0,2021-01-31,2021-02-12,10-K,FY,2020,CY2020Q4I,0001558370-21-000957,2021-02-12T16:02:54.000Z,10-K,2021-02-12,True
1037676,"Arch Resources, Inc.",EntityCommonStockSharesOutstanding,shares,15294065.0,2021-04-19,2021-04-22,10-Q,Q1,2021,CY2021Q1I,0001558370-21-004613,2021-04-22T15:31:22.000Z,10-Q,2021-04-22,True
1037676,"Arch Resources, Inc.",EntityCommonStockSharesOutstanding,shares,15294065.0,2021-07-19,2021-07-27,10-Q,Q2,2021,CY2021Q2I,0001558370-21-009352,2021-07-27T16:40:47.000Z,10-Q,2021-07-27,True
1037676,"Arch Resources, Inc.",EntityCommonStockSharesOutstanding,shares,15316069.0,2021-10-18,2021-10-26,10-Q,Q3,2021,CY2021Q3I,0001558370-21-013508,2021-10-26T16:26:53.000Z,10-Q,2021-10-26,True
1037676,"Arch Resources, Inc.",EntityCommonStockSharesOutstanding,shares,15393053.0,2022-01-31,2022-02-16,10-K,FY,2021,CY2021Q4I,0001558370-22-001243,2022-02-16T12:11:42.000Z,10-K,2022-02-16,True
1037676,"Arch Resources, Inc.",EntityCommonStockSharesOutstanding,shares,15477360.0,2022-04-21,2022-04-26,10-Q,Q1,2022,CY2022Q1I,0001558370-22-005961,2022-04-26T15:22:42.000Z,10-Q,2022-04-26,True
1037676,"Arch Resources, Inc.",EntityCommonStockSharesOutstanding,shares,18553129.0,2022-07-21,2022-07-28,10-Q,Q2,2022,CY2022Q2I,0001558370-22-011245,2022-07-28T15:01:36.000Z,10-Q,2022-07-28,True
1037676,"Arch Resources, Inc.",EntityCommonStockSharesOutstanding,shares,18082800.0,2022-10-24,2022-10-27,10-Q,Q3,2022,CY2022Q3I,0001558370-22-015484,2022-10-27T15:47:42.000Z,10-Q,2022-10-27,True
1348362,LEXARIA BIOSCIENCE CORP.,EntityCommonStockSharesOutstanding,shares,55299888.0,2017-01-11,2017-01-13,10-Q,Q1,2017,CY2016Q4I,0001062993-17-000190,2017-01-13T19:13:34.000Z,10-Q,2017-01-13,True
1348362,LEXARIA BIOSCIENCE CORP.,EntityCommonStockSharesOutstanding,shares,61005759.0,2017-04-14,2017-04-14,10-Q,Q2,2017,CY2017Q1I,0001062993-17-001874,2017-04-13T21:52:26.000Z,10-Q,2017-04-14,True
1348362,LEXARIA BIOSCIENCE CORP.,EntityCommonStockSharesOutstanding,shares,66972303.0,2017-07-14,2017-07-14,10-Q,Q3,2017,CY2017Q2I,0001062993-17-003221,2017-07-13T21:38:25.000Z,10-Q,2017-07-14,True
1348362,LEXARIA BIOSCIENCE CORP.,EntityCommonStockSharesOutstanding,shares,69435198.0,2017-11-22,2017-11-27,10-K,FY,2017,,0001062993-17-005078,2017-11-27T20:20:03.000Z,10-K,2017-11-27,True
1348362,LEXARIA BIOSCIENCE CORP.,EntityCommonStockSharesOutstanding,shares,70319707.0,2018-01-12,2018-01-12,10-Q,Q1,2018,CY2017Q4I,0001062993-18-000142,2018-01-12T20:36:19.000Z,10-Q,2018-01-12,True
1348362,LEXARIA BIOSCIENCE CORP.,EntityCommonStockSharesOutstanding,shares,71772305.0,2018-04-11,2018-04-12,10-Q,Q2,2018,CY2018Q1I,0001062993-18-001623,2018-04-12T21:21:41.000Z,10-Q,2018-04-12,True
1348362,LEXARIA BIOSCIENCE CORP.,EntityCommonStockSharesOutstanding,shares,73144805.0,2018-07-13,2018-07-13,10-Q,Q3,2018,CY2018Q2I,0001062993-18-002895,2018-07-13T10:09:11.000Z,10-Q,2018-07-13,True
1348362,LEXARIA BIOSCIENCE CORP.,EntityCommonStockSharesOutstanding,shares,77090621.0,2018-11-07,2018-11-14,10-K,FY,2018,CY2018Q3I,0001640334-18-002165,2018-11-14T19:14:24.000Z,10-K,2018-11-14,True
1348362,LEXARIA BIOSCIENCE CORP.,EntityCommonStockSharesOutstanding,shares,77450421.0,2019-01-11,2019-01-11,10-Q,Q1,2019,CY2018Q4I,0001640334-19-000029,2019-01-11T21:37:56.000Z,10-Q,2019-01-11,True
1348362,LEXARIA BIOSCIENCE CORP.,EntityCommonStockSharesOutstanding,shares,78387134.0,2019-04-12,2019-04-15,10-Q,Q2,2019,CY2019Q1I,0001640334-19-000586,2019-04-12T22:05:19.000Z,10-Q,2019-04-15,True
1348362,LEXARIA BIOSCIENCE CORP.,EntityCommonStockSharesOutstanding,shares,78637134.0,2019-07-08,2019-07-08,10-Q,Q3,2019,CY2019Q2I,0001640334-19-001297,2019-07-08T10:25:42.000Z,10-Q,2019-07-08,True
1348362,LEXARIA BIOSCIENCE CORP.,EntityCommonStockSharesOutstanding,shares,78787134.0,2019-11-05,2019-11-14,10-K,FY,2019,CY2019Q3I,0001640334-19-002303,2019-11-14T11:14:24.000Z,10-K,2019-11-14,True
1348362,LEXARIA BIOSCIENCE CORP.,EntityCommonStockSharesOutstanding,shares,80720879.0,2020-01-08,2020-01-09,10-Q,Q1,2020,CY2019Q4I,0001640334-20-000022,2020-01-08T23:40:41.000Z,10-Q,2020-01-09,True
1348362,LEXARIA BIOSCIENCE CORP.,EntityCommonStockSharesOutstanding,shares,80720879.0,2020-04-02,2020-04-03,10-Q,Q2,2020,CY2020Q1I,0001640334-20-000706,2020-04-02T22:55:21.000Z,10-Q,2020-04-03,True
1348362,LEXARIA BIOSCIENCE CORP.,EntityCommonStockSharesOutstanding,shares,89587090.0,2020-07-02,2020-06-29,10-Q,Q3,2020,CY2020Q2I,0001640334-20-001650,2020-06-30T10:04:19.000Z,10-Q,2020-06-29,True
1348362,LEXARIA BIOSCIENCE CORP.,EntityCommonStockSharesOutstanding,shares,90044312.0,2020-10-14,2020-10-15,10-K,FY,2020,CY2020Q3I,0001640334-20-002561,2020-10-14T22:20:10.000Z,10-K,2020-10-15,True
1348362,LEXARIA BIOSCIENCE CORP.,EntityCommonStockSharesOutstanding,shares,5104332.0,2021-01-14,2021-01-14,10-Q,Q1,2021,CY2020Q4I,0001640334-21-000104,2021-01-14T20:57:19.000Z,10-Q,2021-01-14,True
1348362,LEXARIA BIOSCIENCE CORP.,EntityCommonStockSharesOutstanding,shares,5104332.0,2021-04-13,2021-04-14,10-Q,Q2,2021,CY2021Q1I,0001640334-21-000882,2021-04-14T12:48:46.000Z,10-Q,2021-04-14,True
1348362,LEXARIA BIOSCIENCE CORP.,EntityCommonStockSharesOutstanding,shares,5104332.0,2021-07-15,2021-07-15,10-Q,Q3,2021,CY2021Q2I,0001640334-21-001580,2021-07-15T21:21:59.000Z,10-Q,2021-07-15,True
1348362,LEXARIA BIOSCIENCE CORP.,EntityCommonStockSharesOutstanding,shares,5726699.0,2021-11-26,2021-11-29,10-K,FY,2021,,0001640334-21-002981,2021-11-27T02:02:24.000Z,10-K,2021-11-29,True
1348362,LEXARIA BIOSCIENCE CORP.,EntityCommonStockSharesOutstanding,shares,5950998.0,2021-11-26,2022-01-14,10-Q,Q1,2022,CY2021Q4I,0001640334-22-000103,2022-01-14T21:47:05.000Z,10-Q,2022-01-14,True
1348362,LEXARIA BIOSCIENCE CORP.,EntityCommonStockSharesOutstanding,shares,5950998.0,2022-04-11,2022-04-11,10-Q,Q2,2022,CY2022Q1I,0001640334-22-000728,2022-04-11T10:03:27.000Z,10-Q,2022-04-11,True
1348362,LEXARIA BIOSCIENCE CORP.,EntityCommonStockSharesOutstanding,shares,5950998.0,2022-07-13,2022-07-14,10-Q,Q3,2022,CY2022Q2I,0001640334-22-001505,2022-07-14T20:41:08.000Z,10-Q,2022-07-14,True
1348362,LEXARIA BIOSCIENCE CORP.,EntityCommonStockSharesOutstanding,shares,5950998.0,2022-11-25,2022-11-28,10-K,FY,2022,,0001640334-22-002512,2022-11-26T02:52:04.000Z,10-K,2022-11-28,True
1758021,Karat Packaging Inc.,EntityCommonStockSharesOutstanding,shares,19709500.0,2021-05-27,2021-05-28,10-Q,Q1,2021,CY2021Q2I,0001104659-21-073492,2021-05-28T00:35:27.000Z,10-Q,2021-05-28,True
1758021,Karat Packaging Inc.,EntityCommonStockSharesOutstanding,shares,19709500.0,2021-08-13,2021-08-13,10-Q,Q2,2021,,0001628280-21-017027,2021-08-13T21:22:10.000Z,10-Q,2021-08-13,True
1758021,Karat Packaging Inc.,EntityCommonStockSharesOutstanding,shares,19799424.0,2021-11-12,2021-11-12,10-Q,Q3,2021,CY2021Q3I,0001628280-21-023165,2021-11-12T21:17:27.000Z,10-Q,2021-11-12,True
1758021,Karat Packaging Inc.,EntityCommonStockSharesOutstanding,shares,19809424.0,2022-03-25,2022-03-31,10-K,FY,2021,,0001628280-22-007993,2022-03-31T18:26:16.000Z,10-K,2022-03-31,True
1758021,Karat Packaging Inc.,EntityCommonStockSharesOutstanding,shares,19809424.0,2022-03-25,2022-11-09,10-K/A,FY,2021,CY2022Q1I,0001628280-22-029151,2022-11-09T19:07:45.000Z,10-K/A,2022-11-09,True
1758021,Karat Packaging Inc.,EntityCommonStockSharesOutstanding,shares,19809424.0,2022-05-04,2022-05-12,10-Q,Q1,2022,,0001628280-22-014093,2022-05-12T20:23:18.000Z,10-Q,2022-05-12,True
1758021,Karat Packaging Inc.,EntityCommonStockSharesOutstanding,shares,19832417.0,2022-08-05,2022-08-11,10-Q,Q2,2022,CY2022Q2I,0001628280-22-022470,2022-08-11T20:13:33.000Z,10-Q,2022-08-11,True
1758021,Karat Packaging Inc.,EntityCommonStockSharesOutstanding,shares,19908012.0,2022-11-04,2022-11-14,10-Q,Q3,2022,CY2022Q3I,0001628280-22-029881,2022-11-14T21:40:29.000Z,10-Q,2022-11-14,True
1761918,"Erasca, Inc.",EntityCommonStockSharesOutstanding,shares,121219865.0,2021-08-15,2021-08-26,10-Q,Q2,2021,,0000950170-21-001573,2021-08-26T20:45:58.000Z,10-Q,2021-08-26,True
1761918,"Erasca, Inc.",EntityCommonStockSharesOutstanding,shares,121250375.0,2021-11-04,2021-11-10,10-Q,Q3,2021,CY2021Q3I,0000950170-21-004131,2021-11-10T21:38:29.000Z,10-Q,2021-11-10,True
1761918,"Erasca, Inc.",EntityCommonStockSharesOutstanding,shares,121592318.0,2022-03-17,2022-03-24,10-K,FY,2021,CY2022Q1I,0000950170-22-004557,2022-03-24T20:23:16.000Z,10-K,2022-03-24,True
1761918,"Erasca, Inc.",EntityCommonStockSharesOutstanding,shares,121857705.0,2022-05-05,2022-05-12,10-Q,Q1,2022,,0000950170-22-009720,2022-05-12T20:34:07.000Z,10-Q,2022-05-12,True
1761918,"Erasca, Inc.",EntityCommonStockSharesOutstanding,shares,122147003.0,2022-08-04,2022-08-11,10-Q,Q2,2022,CY2022Q2I,0000950170-22-016907,2022-08-11T20:25:59.000Z,10-Q,2022-08-11,True
1761918,"Erasca, Inc.",EntityCommonStockSharesOutstanding,shares,122361616.0,2022-11-02,2022-11-09,10-Q,Q3,2022,CY2022Q3I,0000950170-22-023926,2022-11-09T21:31:44.000Z,10-Q,2022-11-09,True
1798562,TMC the metals Co Inc.,EntityCommonStockSharesOutstanding,shares,225259277.0,2021-11-12,2021-11-15,10-Q,Q3,2021,CY2021Q3I,0001104659-21-138609,2021-11-15T13:22:34.000Z,10-Q,2021-11-15,True
1798562,TMC the metals Co Inc.,EntityCommonStockSharesOutstanding,shares,226780843.0,2022-03-25,2022-03-25,10-K,FY,2021,CY2022Q1I,0001104659-22-038029,2022-03-25T19:15:51.000Z,10-K,2022-03-25,True
1798562,TMC the metals Co Inc.,EntityCommonStockSharesOutstanding,shares,227088590.0,2022-05-06,2022-05-09,10-Q,Q1,2022,,0001104659-22-057493,2022-05-09T20:07:02.000Z,10-Q,2022-05-09,True
1798562,TMC the metals Co Inc.,EntityCommonStockSharesOutstanding,shares,265532666.0,2022-11-14,2022-11-14,10-Q,Q3,2022,,0001104659-22-118680,2022-11-14T21:47:18.000Z,10-Q,2022-11-14,True
1798562,TMC the metals Co Inc.,EntityCommonStockSharesOutstanding,shares,265532666.0,2022-11-14,2022-11-15,10-Q/A,Q3,2022,CY2022Q3I,0001104659-22-118962,2022-11-15T13:02:50.000Z,10-Q/A,2022-11-15,True
1820721,"ARRAY TECHNOLOGIES, INC.",EntityCommonStockSharesOutstanding,shares,126994467.0,2020-11-12,2020-11-16,10-Q,Q3,2020,CY2020Q3I,0001820721-20-000007,2020-11-16T18:16:07.000Z,10-Q,2020-11-16,True
1820721,"ARRAY TECHNOLOGIES, INC.",EntityCommonStockSharesOutstanding,shares,126994467.0,2021-03-05,2021-03-10,10-K,FY,2020,CY2021Q1I,0001820721-21-000009,2021-03-10T00:46:13.000Z,10-K,2021-03-10,True
1820721,"ARRAY TECHNOLOGIES, INC.",EntityCommonStockSharesOutstanding,shares,126994467.0,2021-05-05,2021-05-11,10-Q,Q1,2021,,0001820721-21-000020,2021-05-11T21:11:18.000Z,10-Q,2021-05-11,True
1820721,"ARRAY TECHNOLOGIES, INC.",EntityCommonStockSharesOutstanding,shares,126994467.0,2021-08-05,2021-08-12,10-Q,Q2,2021,CY2021Q2I,0001820721-21-000059,2021-08-11T23:14:02.000Z,10-Q,2021-08-12,True
1820721,"ARRAY TECHNOLOGIES, INC.",EntityCommonStockSharesOutstanding,shares,135026940.0,2021-11-05,2021-11-12,10-Q,Q3,2021,CY2021Q3I,0001820721-21-000095,2021-11-12T20:37:24.000Z,10-Q,2021-11-12,True
1820721,"ARRAY TECHNOLOGIES, INC.",EntityCommonStockSharesOutstanding,shares,150173507.0,2022-03-31,2022-04-06,10-K,FY,2021,,0001820721-22-000033,2022-04-06T10:05:19.000Z,10-K,2022-04-06,True
1820721,"ARRAY TECHNOLOGIES, INC.",EntityCommonStockSharesOutstanding,shares,150173507.0,2022-03-31,2022-04-06,10-K/A,FY,2021,CY2022Q1I,0001820721-22-000038,2022-04-06T17:02:52.000Z,10-K/A,2022-04-06,True
1820721,"ARRAY TECHNOLOGIES, INC.",EntityCommonStockSharesOutstanding,shares,150175189.0,2022-05-10,2022-05-10,10-Q,Q1,2022,,0001820721-22-000050,2022-05-10T21:12:25.000Z,10-Q,2022-05-10,True
1820721,"ARRAY TECHNOLOGIES, INC.",EntityCommonStockSharesOutstanding,shares,150175189.0,2022-05-10,2022-06-24,10-Q/A,Q1,2022,,0001820721-22-000089,2022-06-24T21:22:14.000Z,10-Q/A,2022-06-24,True
1820721,"ARRAY TECHNOLOGIES, INC.",EntityCommonStockSharesOutstanding,shares,150326317.0,2022-08-08,2022-08-09,10-Q,Q2,2022,,0001820721-22-000112,2022-08-09T21:04:01.000Z,10-Q,2022-08-09,True
1820721,"ARRAY TECHNOLOGIES, INC.",EntityCommonStockSharesOutstanding,shares,150326317.0,2022-08-08,2022-11-08,10-Q/A,Q2,2022,CY2022Q2I,0001820721-22-000144,2022-11-08T22:31:29.000Z,10-Q/A,2022-11-08,True
1820721,"ARRAY TECHNOLOGIES, INC.",EntityCommonStockSharesOutstanding,shares,150490517.0,2022-11-07,2022-11-09,10-Q,Q3,2022,CY2022Q3I,0001820721-22-000146,2022-11-08T23:03:31.000Z,10-Q,2022-11-09,True
1821825,Organon & Co.,EntityCommonStockSharesOutstanding,shares,253516000.0,2021-06-15,2021-06-21,10-Q,Q1,2021,CY2021Q2I,0001821825-21-000005,2021-06-21T12:16:50.000Z,10-Q,2021-06-21,True
1821825,Organon & Co.,EntityCommonStockSharesOutstanding,shares,253545051.0,2021-08-11,2021-08-16,10-Q,Q2,2021,,0001821825-21-000009,2021-08-16T12:20:13.000Z,10-Q,2021-08-16,True
1821825,Organon & Co.,EntityCommonStockSharesOutstanding,shares,253550029.0,2021-11-09,2021-11-12,10-Q,Q3,2021,CY2021Q3I,0001628280-21-023199,2021-11-12T21:52:11.000Z,10-Q,2021-11-12,True
1821825,Organon & Co.,EntityCommonStockSharesOutstanding,shares,253637179.0,2022-03-14,2022-03-21,10-K,FY,2021,CY2022Q1I,0001821825-22-000002,2022-03-21T12:27:29.000Z,10-K,2022-03-21,True
1821825,Organon & Co.,EntityCommonStockSharesOutstanding,shares,253637179.0,2022-05-02,2022-05-06,10-Q,Q1,2022,,0001821825-22-000006,2022-05-06T01:16:53.000Z,10-Q,2022-05-06,True
1821825,Organon & Co.,EntityCommonStockSharesOutstanding,shares,254329853.0,2022-08-01,2022-08-05,10-Q,Q2,2022,CY2022Q2I,0001821825-22-000009,2022-08-04T22:02:03.000Z,10-Q,2022-08-05,True
1821825,Organon & Co.,EntityCommonStockSharesOutstanding,shares,254364409.0,2022-10-30,2022-11-04,10-Q,Q3,2022,CY2022Q3I,0001821825-22-000012,2022-11-03T21:58:50.000Z,10-Q,2022-11-04,True
1823652,"EVE HOLDING, INC.",EntityCommonStockSharesOutstanding,shares,264332132.0,2022-08-03,2022-08-04,10-Q,Q2,2022,,0001554855-22-000457,2022-08-04T11:46:41.000Z,10-Q,2022-08-04,True
1823652,"EVE HOLDING, INC.",EntityCommonStockSharesOutstanding,shares,264332132.0,2022-08-03,2022-12-08,10-Q/A,Q2,2022,CY2022Q2I,0001554855-22-000683,2022-12-08T01:25:27.000Z,10-Q/A,2022-12-08,True
1823652,"EVE HOLDING, INC.",EntityCommonStockSharesOutstanding,shares,266371485.0,2022-12-23,2022-12-23,10-Q,Q3,2022,CY2022Q4I,0001554855-22-000729,2022-12-23T11:27:12.000Z,10-Q,2022-12-23,True
1830072,iPower Inc.,EntityCommonStockSharesOutstanding,shares,26448663.0,2021-06-25,2021-06-25,10-Q,Q3,2020,CY2021Q2I,0001683168-21-002714,2021-06-25T20:04:49.000Z,10-Q,2021-06-25,True
1830072,iPower Inc.,EntityCommonStockSharesOutstanding,shares,26448663.0,2021-09-27,2021-09-28,10-K,FY,2021,CY2021Q3I,0001683168-21-004546,2021-09-28T18:22:23.000Z,10-K,2021-09-28,True
1830072,iPower Inc.,EntityCommonStockSharesOutstanding,shares,26493181.0,2021-11-14,2021-11-15,10-Q,Q1,2022,,0001683168-21-005700,2021-11-15T21:10:44.000Z,10-Q,2021-11-15,True
1830072,iPower Inc.,EntityCommonStockSharesOutstanding,shares,26488682.0,2022-02-14,2022-02-14,10-Q,Q2,2022,CY2021Q4I,0001683168-22-000984,2022-02-14T21:11:01.000Z,10-Q,2022-02-14,True
1830072,iPower Inc.,EntityCommonStockSharesOutstanding,shares,29572382.0,2022-05-15,2022-05-16,10-Q,Q3,2022,CY2022Q1I,0001683168-22-003694,2022-05-16T21:11:49.000Z,10-Q,2022-05-16,True
1830072,iPower Inc.,EntityCommonStockSharesOutstanding,shares,29572382.0,2022-09-28,2022-09-28,10-K,FY,2022,CY2022Q3I,0001683168-22-006660,2022-09-28T21:28:03.000Z,10-K,2022-09-28,True
1830072,iPower Inc.,EntityCommonStockSharesOutstanding,shares,29572382.0,2022-11-14,2022-11-14,10-Q,Q1,2023,,0001683168-22-007742,2022-11-14T22:13:14.000Z,10-Q,2022-11-14,True
1831096,"GREAT ELM GROUP, INC.",EntityCommonStockSharesOutstanding,shares,26473099.0,2021-02-09,2021-02-16,10-Q,Q2,2021,CY2020Q4I,0001564590-21-005863,2021-02-16T11:07:33.000Z,10-Q,2021-02-16,True
1831096,"GREAT ELM GROUP, INC.",EntityCommonStockSharesOutstanding,shares,26600278.0,2021-05-09,2021-05-14,10-Q,Q3,2021,CY2021Q1I,0001564590-21-027797,2021-05-14T11:01:00.000Z,10-Q,2021-05-14,True
1831096,"GREAT ELM GROUP, INC.",EntityCommonStockSharesOutstanding,shares,25957187.0,2021-09-01,2021-09-21,10-K,FY,2021,CY2021Q3I,0001564590-21-048342,2021-09-20T21:49:59.000Z,10-K,2021-09-21,True
1831096,"GREAT ELM GROUP, INC.",EntityCommonStockSharesOutstanding,shares,26873415.0,2021-11-05,2021-11-12,10-Q,Q1,2022,,0001564590-21-056396,2021-11-12T11:17:51.000Z,10-Q,2021-11-12,True
1831096,"GREAT ELM GROUP, INC.",EntityCommonStockSharesOutstanding,shares,27454599.0,2022-02-04,2022-02-10,10-Q,Q2,2022,CY2021Q4I,0001564590-22-004632,2022-02-10T22:11:27.000Z,10-Q,2022-02-10,True
1831096,"GREAT ELM GROUP, INC.",EntityCommonStockSharesOutstanding,shares,27466513.0,2022-05-02,2022-05-05,10-Q,Q3,2022,CY2022Q1I,0000950170-22-007553,2022-05-05T11:05:09.000Z,10-Q,2022-05-05,True
1831096,"GREAT ELM GROUP, INC.",EntityCommonStockSharesOutstanding,shares,29620083.0,2022-09-06,2022-09-12,10-K,FY,2022,CY2022Q3I,0000950170-22-018351,2022-09-12T21:16:36.000Z,10-K,2022-09-12,True
1831096,"GREAT ELM GROUP, INC.",EntityCommonStockSharesOutstanding,shares,30022424.0,2022-11-07,2022-11-14,10-Q,Q1,2023,,0000950123-22-012413,2022-11-14T22:15:38.000Z,10-Q,2022-11-14,True
1835597,PEPGEN INC.,EntityCommonStockSharesOutstanding,shares,23631924.0,2022-06-16,2022-06-16,10-Q,Q1,2022,CY2022Q2I,0000950170-22-011719,2022-06-16T12:34:44.000Z,10-Q,2022-06-16,True
1835597,PEPGEN INC.,EntityCommonStockSharesOutstanding,shares,23631924.0,2022-08-12,2022-08-12,10-Q,Q2,2022,,0000950170-22-017013,2022-08-12T12:16:19.000Z,10-Q,2022-08-12,True
1835597,PEPGEN INC.,EntityCommonStockSharesOutstanding,shares,23631924.0,2022-11-07,2022-11-10,10-Q,Q3,2022,CY2022Q3I,0000950170-22-024186,2022-11-10T13:16:27.000Z,10-Q,2022-11-10,True
1852244,"GXO Logistics, Inc.",EntityCommonStockSharesOutstanding,shares,114626250.0,2021-08-05,2021-08-09,10-Q,Q2,2021,CY2021Q2I,0001852244-21-000005,2021-08-09T11:07:33.000Z,10-Q,2021-08-09,True
1852244,"GXO Logistics, Inc.",EntityCommonStockSharesOutstanding,shares,114642842.0,2021-10-29,2021-11-02,10-Q,Q3,2021,CY2021Q3I,0001852244-21-000007,2021-11-02T20:52:44.000Z,10-Q,2021-11-02,True
1852244,"GXO Logistics, Inc.",EntityCommonStockSharesOutstanding,shares,114715079.0,2022-02-15,2022-02-17,10-K,FY,2021,,0001852244-22-000010,2022-02-17T21:25:27.000Z,10-K,2022-02-17,True
1852244,"GXO Logistics, Inc.",EntityCommonStockSharesOutstanding,shares,114856317.0,2022-05-02,2022-05-05,10-Q,Q1,2022,CY2022Q1I,0001852244-22-000020,2022-05-05T20:50:17.000Z,10-Q,2022-05-05,True
1852244,"GXO Logistics, Inc.",EntityCommonStockSharesOutstanding,shares,118615116.0,2022-08-01,2022-08-03,10-Q,Q2,2022,CY2022Q2I,0001852244-22-000028,2022-08-03T20:19:10.000Z,10-Q,2022-08-03,True
1852244,"GXO Logistics, Inc.",EntityCommonStockSharesOutstanding,shares,118638739.0,2022-11-07,2022-11-09,10-Q,Q3,2022,CY2022Q3I,0001852244-22-000031,2022-11-09T21:07:21.000Z,10-Q,2022-11-09,True
1856437,VICTORIA'S SECRET & CO.,EntityCommonStockSharesOutstanding,shares,88355930.0,2021-09-03,2021-09-10,10-Q,Q2,2021,CY2021Q3I,0001856437-21-000011,2021-09-10T20:39:42.000Z,10-Q,2021-09-10,True
1856437,VICTORIA'S SECRET & CO.,EntityCommonStockSharesOutstanding,shares,88592885.0,2021-11-26,2021-12-03,10-Q,Q3,2021,CY2021Q4I,0001856437-21-000018,2021-12-03T21:16:22.000Z,10-Q,2021-12-03,True
1856437,VICTORIA'S SECRET & CO.,EntityCommonStockSharesOutstanding,shares,84313772.0,2022-03-11,2022-03-18,10-K,FY,2021,CY2022Q1I,0001856437-22-000007,2022-03-18T20:13:43.000Z,10-K,2022-03-18,True
1856437,VICTORIA'S SECRET & CO.,EntityCommonStockSharesOutstanding,shares,83078907.0,2022-05-27,2022-06-03,10-Q,Q1,2022,CY2022Q2I,0001856437-22-000021,2022-06-03T20:16:43.000Z,10-Q,2022-06-03,True
1856437,VICTORIA'S SECRET & CO.,EntityCommonStockSharesOutstanding,shares,81245512.0,2022-09-02,2022-09-08,10-Q,Q2,2022,CY2022Q3I,0001856437-22-000026,2022-09-08T20:15:54.000Z,10-Q,2022-09-08,True
1856437,VICTORIA'S SECRET & CO.,EntityCommonStockSharesOutstanding,shares,80827062.0,2022-11-25,2022-12-02,10-Q,Q3,2022,CY2022Q4I,0001856437-22-000036,2022-12-02T21:17:17.000Z,10-Q,2022-12-02,True
1857853,"Traeger, Inc",EntityCommonStockSharesOutstanding,shares,117547916.0,2021-09-08,2021-09-10,10-Q,Q2,2021,CY2021Q3I,0001857853-21-000009,2021-09-10T01:12:39.000Z,10-Q,2021-09-10,True
1857853,"Traeger, Inc",EntityCommonStockSharesOutstanding,shares,117547916.0,2021-11-12,2021-11-15,10-Q,Q3,2021,,0001857853-21-000017,2021-11-15T21:58:27.000Z,10-Q,2021-11-15,True
1857853,"Traeger, Inc",EntityCommonStockSharesOutstanding,shares,118077546.0,2022-03-22,2022-03-29,10-K,FY,2021,CY2022Q1I,0001857853-22-000028,2022-03-29T00:22:33.000Z,10-K,2022-03-29,True
1857853,"Traeger, Inc",EntityCommonStockSharesOutstanding,shares,118211775.0,2022-05-09,2022-05-12,10-Q,Q1,2022,,0001857853-22-000063,2022-05-12T20:34:26.000Z,10-Q,2022-05-12,True
1857853,"Traeger, Inc",EntityCommonStockSharesOutstanding,shares,118236891.0,2022-08-08,2022-08-15,10-Q,Q2,2022,CY2022Q2I,0001857853-22-000091,2022-08-15T22:11:57.000Z,10-Q,2022-08-15,True
1857853,"Traeger, Inc",EntityCommonStockSharesOutstanding,shares,122616477.0,2022-11-07,2022-11-14,10-Q,Q3,2022,CY2022Q3I,0001857853-22-000139,2022-11-14T22:15:37.000Z,10-Q,2022-11-14,True
1899287,"AMPRIUS TECHNOLOGIES, INC.",EntityCommonStockSharesOutstanding,shares,84468087.0,2022-11-04,2022-11-14,10-Q,Q3,2022,CY2022Q3I,0001899287-22-000007,2022-11-14T21:19:39.000Z,10-Q,2022-11-14,True
1899883,FTAI INFRASTRUCTURE INC.,EntityCommonStockSharesOutstanding,shares,99387467.0,2022-08-23,2022-08-25,10-Q,Q2,2022,,0001899883-22-000005,2022-08-25T20:33:35.000Z,10-Q,2022-08-25,True
1899883,FTAI INFRASTRUCTURE INC.,EntityCommonStockSharesOutstanding,shares,99387467.0,2022-10-31,2022-11-03,10-Q,Q3,2022,CY2022Q3I,0001899883-22-000009,2022-11-02T23:28:16.000Z,10-Q,2022-11-03,True
1929561,"RXO, Inc.",EntityCommonStockSharesOutstanding,shares,116303068.0,2022-11-28,2022-11-30,10-Q,Q3,2022,CY2022Q4I,0001929561-22-000022,2022-11-30T21:33:06.000Z,10-Q,2022-11-30,True
