cik,status,companyfacts_rows,accepted_mapped,accepted_missing,archive_files_fetched,error
16160,OK,0,0,0,0,
37996,OK,0,0,0,0,
46619,OK,0,0,0,0,
47111,OK,0,0,0,0,
72573,OK,0,0,0,0,
98677,OK,0,0,0,0,
103730,OK,0,0,0,0,
317540,OK,0,0,0,0,
717954,OK,0,0,0,0,
751978,OK,0,0,0,0,
866291,OK,10,10,0,0,
880117,OK,0,0,0,0,
1037676,OK,24,24,0,0,
1089063,OK,0,0,0,0,
1166691,OK,0,0,0,0,
1324424,OK,0,0,0,0,
1348362,OK,24,24,0,0,
1526520,OK,0,0,0,0,
1552275,OK,0,0,0,0,
1621434,OK,0,0,0,0,
1758021,OK,8,8,0,0,
1761918,OK,6,6,0,0,
1798562,OK,5,5,0,0,
1820721,OK,12,12,0,0,
1821769,OK,0,0,0,0,
1821825,OK,7,7,0,0,
1823652,OK,3,3,0,0,
1830072,OK,7,7,0,0,
1831096,OK,8,8,0,0,
1835597,OK,3,3,0,0,
1852244,OK,6,6,0,0,
1856437,OK,6,6,0,0,
1857853,OK,6,6,0,0,
1899287,OK,1,1,0,0,
1899883,OK,2,2,0,0,
1929561,OK,1,1,0,0,
