cik,status,raw_candidate_facts,accepted_mapped,accepted_missing,archive_files_fetched,error
7332,OK,2,2,0,0,
19446,OK,2,2,0,0,
20520,OK,29,29,0,1,
35214,OK,15,15,0,0,
40888,OK,0,0,0,0,
47518,OK,0,0,0,0,
54480,OK,70,70,0,0,
58492,OK,67,67,0,2,
72333,OK,0,0,0,0,
77877,OK,10,10,0,0,
91928,OK,15,15,0,0,
101778,OK,83,83,0,0,
351817,OK,0,0,0,0,
354908,OK,4,4,0,0,
712515,OK,34,34,0,1,
794619,OK,70,70,0,0,
812128,OK,0,0,0,0,
858470,OK,0,0,0,0,
866829,OK,15,15,0,0,
896262,OK,3,3,0,0,
928022,OK,1,1,0,0,
949039,OK,27,27,0,0,
1013462,OK,0,0,0,0,
1038357,OK,17,17,0,0,
1043604,OK,0,0,0,0,
1045309,OK,10,10,0,0,
1060736,OK,57,57,0,0,
1110611,OK,11,11,0,0,
1118417,OK,54,54,0,0,
1124140,OK,63,63,0,0,
1166388,OK,41,41,0,0,
1169988,OK,35,35,0,0,
1178879,OK,47,47,0,1,
1255474,OK,7,7,0,0,
1271214,OK,75,75,0,0,
1286225,OK,0,0,0,0,
1303313,OK,13,13,0,0,
1304421,OK,51,51,0,0,
1318568,OK,1,1,0,0,
1320414,OK,1,1,0,0,
1348036,OK,102,102,0,0,
1348911,OK,67,67,0,0,
1366246,OK,55,55,0,0,
1369568,OK,59,59,0,0,
1401680,OK,58,58,0,0,
1428875,OK,81,81,0,0,
1434868,OK,61,61,0,0,
1492422,OK,60,60,0,1,
1535379,OK,46,46,0,0,
1540184,OK,42,42,0,0,
1580864,OK,30,30,0,0,
1583107,OK,55,55,0,0,
1585583,OK,13,13,0,0,
1593195,OK,49,49,0,0,
1596783,OK,66,66,0,0,
1599901,OK,26,26,0,0,
1603756,OK,33,33,0,0,
1606498,OK,71,71,0,0,
1607939,OK,0,0,0,0,
1609702,OK,54,54,0,0,
1644440,OK,82,82,0,0,
1645070,OK,13,13,0,0,
1645666,OK,51,51,0,0,
1658247,OK,51,51,0,0,
1660734,OK,16,16,0,0,
1668105,OK,28,28,0,0,
1741830,OK,22,22,0,0,
1743907,OK,8,8,0,0,
1745041,OK,0,0,0,0,
1756497,OK,18,18,0,0,
1761940,OK,18,18,0,0,
1786205,OK,2,2,0,0,
1793294,OK,0,0,0,0,
1799208,OK,0,0,0,0,
1799332,OK,14,14,0,0,
1802457,OK,7,7,0,0,
1803737,OK,0,0,0,0,
1819974,OK,0,0,0,0,
1840904,OK,12,12,0,0,
1845337,OK,13,13,0,0,
1853513,OK,11,11,0,0,
1858257,OK,9,9,0,0,
1863105,OK,7,7,0,0,
1868726,OK,0,0,0,0,
