snapshot_date,confirmed_n,F3_baseline_usable,F3_recovered,F3_final_usable,F3_coverage_pct,F3_threshold80,F3_need_for80,F3_pass80,F4_baseline_usable,F4_recovered,F4_final_usable,F4_coverage_pct,F4_threshold80,F4_need_for80,F4_pass80
2020-03-31,637,436,22,458,71.89952904238619,510,52,false,444,169,613,96.23233908948194,510,0,true
2020-06-30,679,475,21,496,73.04860088365243,544,48,false,463,192,655,96.46539027982327,544,0,true
2020-09-30,673,490,24,514,76.37444279346211,539,25,false,461,183,644,95.69093610698366,539,0,true
2020-12-31,740,533,24,557,75.27027027027027,592,35,false,493,205,698,94.32432432432432,592,0,true
2021-03-31,841,585,23,608,72.294887039239,673,65,false,541,258,799,95.00594530321047,673,0,true
2021-06-30,827,581,21,602,72.79322853688029,662,60,false,532,244,776,93.83313180169287,662,0,true
2021-09-30,795,555,24,579,72.83018867924528,636,57,false,513,225,738,92.83018867924528,636,0,true
2021-12-31,820,562,23,585,71.34146341463415,656,71,false,534,214,748,91.21951219512195,656,0,true
2022-03-31,795,568,24,592,74.46540880503144,636,44,false,558,191,749,94.21383647798743,636,0,true
2022-06-30,773,564,24,588,76.06727037516171,619,31,false,597,152,749,96.89521345407503,619,0,true
2022-09-30,736,539,20,559,75.95108695652173,589,30,false,571,139,710,96.46739130434783,589,0,true
2022-12-30,731,537,20,557,76.1969904240766,585,28,false,581,127,708,96.85362517099863,585,0,true
