tag,label,description,units,unique_ciks,fact_rows_pre2023,duration_rows_pre2023
NetCashProvidedByUsedInOperatingActivities,Net Cash Provided by (Used in) Operating Activities,"Amount of cash inflow (outflow) from operating activities, including discontinued operations. Operating activity cash flows include transactions, adjustments, and changes in value not defined as investing or financing activities.",USD,673,24588,24588
WeightedAverageNumberOfSharesOutstandingBasic,"Weighted Average Number of Shares Outstanding, Basic","Number of [basic] shares or units, after adjustment for contingently issuable shares or units and other shares or units not deemed outstanding, determined by relating the portion of time within a reporting period that common shares or units have been outstanding to the total time in that period.",shares,672,29210,29205
WeightedAverageNumberOfDilutedSharesOutstanding,"Weighted Average Number of Shares Outstanding, Diluted","The average number of shares or units issued and outstanding that are used in calculating diluted EPS or earnings per unit (EPU), determined based on the timing of issuance of shares or units in the period.",shares,664,28900,28898
PaymentsToAcquirePropertyPlantAndEquipment,"Payments to Acquire Property, Plant, and Equipment","The cash outflow associated with the acquisition of long-lived, physical assets that are used in the normal conduct of business to produce goods and services and not intended for resale; includes cash outflows to pay for construction of self-constructed assets.",USD,550,18526,18520
RevenueFromContractWithCustomerExcludingAssessedTax,"Revenue from Contract with Customer, Excluding Assessed Tax","Amount, excluding tax collected from customer, of revenue from satisfaction of performance obligation by transferring promised good or service to customer. Tax collected from customer is tax assessed by governmental authority that is both imposed on and concurrent with specific revenue-producing transaction, including, but not limited to, sales, use, value added and excise.",USD,500,25610,25608
Revenues,Revenues,"Amount of revenue recognized from goods sold, services rendered, insurance premiums, or other activities that constitute an earning process. Includes, but is not limited to, investment and interest income before deduction of interest expense when recognized as a component of revenue, and sales and trading gain (loss).",USD,413,16167,16166
WeightedAverageNumberOfShareOutstandingBasicAndDiluted,"Weighted Average Number of Shares Outstanding, Basic and Diluted",Average number of shares or units issued and outstanding that are used in calculating basic and diluted earnings per share (EPS).,shares,364,12497,12494
NetCashProvidedByUsedInOperatingActivitiesContinuingOperations,"Net Cash Provided by (Used in) Operating Activities, Continuing Operations","Amount of cash inflow (outflow) from operating activities, excluding discontinued operations. Operating activity cash flows include transactions, adjustments, and changes in value not defined as investing or financing activities.",USD,306,2757,2757
ContractWithCustomerLiabilityRevenueRecognized,"Contract with Customer, Liability, Revenue Recognized",Amount of revenue recognized that was previously included in balance of obligation to transfer good or service to customer for which consideration from customer has been received or is due.,USD,267,6525,6510
SalesRevenueNet,"Revenue, Net (Deprecated 2018-01-31)","Total revenue from sale of goods and services rendered during the reporting period, in the normal course of business, reduced by sales returns and allowances, and sales discounts.",USD,203,2544,2544
WeightedAverageNumberDilutedSharesOutstandingAdjustment,Weighted Average Number Diluted Shares Outstanding Adjustment,The sum of dilutive potential common shares or units used in the calculation of the diluted per-share or per-unit computation.,shares,184,5970,5968
PaymentsToAcquireProductiveAssets,Payments to Acquire Productive Assets,"The cash outflow for purchases of and capital improvements on property, plant and equipment (capital expenditures), software, and other intangible assets.",USD,183,5953,5950
RevenueFromContractWithCustomerIncludingAssessedTax,"Revenue from Contract with Customer, Including Assessed Tax","Amount, including tax collected from customer, of revenue from satisfaction of performance obligation by transferring promised good or service to customer. Tax collected from customer is tax assessed by governmental authority that is both imposed on and concurrent with specific revenue-producing transaction, including, but not limited to, sales, use, value-added and excise.",USD,157,5219,5219
SalesRevenueGoodsNet,"Sales Revenue, Goods, Net (Deprecated 2018-01-31)","Aggregate revenue during the period from the sale of goods in the normal course of business, after deducting returns, allowances and discounts.",USD,141,1547,1547
OtherOperatingActivitiesCashFlowStatement,"Other Operating Activities, Cash Flow Statement","Other cash or noncash adjustments to reconcile net income to cash provided by (used in) operating activities that are not separately disclosed in the statement of cash flows (for example, cash received or cash paid during the current period for miscellaneous operating activities, net change during the reporting period in other assets or other liabilities).",USD,132,3613,3613
BusinessAcquisitionsProFormaRevenue,"Business Acquisition, Pro Forma Revenue",The pro forma revenue for a period as if the business combination or combinations had been completed at the beginning of the period.,USD,122,1409,1409
CashProvidedByUsedInOperatingActivitiesDiscontinuedOperations,"Cash Provided by (Used in) Operating Activities, Discontinued Operations","Amount of cash inflow (outflow) of operating activities of discontinued operations. Operating activity cash flows include transactions, adjustments, and changes in value not defined as investing or financing activities.",USD,81,1488,1488
SalesRevenueServicesNet,"Sales Revenue, Services, Net (Deprecated 2018-01-31)","Aggregate revenue during the period from services rendered in the normal course of business, after deducting allowances and discounts.",USD,68,597,597
RevenueFromRelatedParties,Revenue from Related Parties,"Amount of revenue, fees and commissions earned from transactions between (a) a parent company and its subsidiaries; (b) subsidiaries of a common parent; (c) an entity and trusts for the benefit of employees, for example, but not limited to, pension and profit-sharing trusts that are managed by or under the trusteeship of the entity's management; (d) an entity and its principal, owners, management, or members of their immediate families; and (e) affiliates.",USD,60,1090,1090
WeightedAverageNumberOfSharesIssuedBasic,"Weighted Average Number of Shares Issued, Basic","This element represents the weighted average total number of shares issued throughout the period including the first (beginning balance outstanding) and last (ending balance outstanding) day of the period before considering any reductions (for instance, shares held in treasury) to arrive at the weighted average number of shares outstanding. Weighted average relates to the portion of time within a reporting period that common shares have been issued and outstanding to the total time in that period. Such concept is used in determining the weighted average number of shares outstanding for purposes of calculating earnings per share (basic).",shares,43,1219,1219
OtherSalesRevenueNet,"Other Revenue, Net (Deprecated 2018-01-31)","Amount, after sales adjustments, returns, allowances, and discounts, of revenue classified as other.",USD,42,277,277
DisposalGroupIncludingDiscontinuedOperationRevenue,"Disposal Group, Including Discontinued Operation, Revenue","Amount of revenue attributable to disposal group, including, but not limited to, discontinued operation.",USD,40,485,485
PaymentsToAcquireOtherProductiveAssets,Payments to Acquire Other Productive Assets,"Amount of cash outflow for the purchase of or improvements to tangible or intangible assets, used to produce goods or deliver services, classified as other.",USD,36,649,647
BusinessCombinationProFormaInformationRevenueOfAcquireeSinceAcquisitionDateActual,"Business Combination, Pro Forma Information, Revenue of Acquiree since Acquisition Date, Actual",This element represents the amount of revenue of the acquiree since the acquisition date included in the consolidated income statement for the reporting period.,USD,29,121,121
LicensesRevenue,Licenses Revenue (Deprecated 2018-01-31),"Revenue earned during the period relating to consideration received from another party for the right to use, but not own, certain of the entity's intangible assets. Licensing arrangements include, but are not limited to, rights to use a patent, copyright, technology, manufacturing process, software or trademark. Licensing fees are generally, but not always, fixed as to amount and not dependent upon the revenue generated by the licensing party. An entity may receive licensing fees for licenses that also generate royalty payments to the entity.",USD,28,213,213
EquityMethodInvestmentSummarizedFinancialInformationRevenue,"Equity Method Investment, Summarized Financial Information, Revenue (Deprecated 2020-01-31)",Amount of revenue from sale of product and rendering of service reported by equity method investee.,USD,26,318,318
PaymentsForProceedsFromProductiveAssets,Payments for (Proceeds from) Productive Assets,"The net cash outflow or inflow from purchases, sales and disposals of property, plant and equipment and other productive assets, including intangibles.",USD,25,344,344
RoyaltyRevenue,Royalty Revenue (Deprecated 2018-01-31),Revenue earned during the period from the leasing or otherwise lending to a third party the entity's rights or title to certain property. Royalty revenue is derived from a percentage or stated amount of sales proceeds or revenue generated by the third party using the entity's property. Examples of property from which royalties may be derived include patents and oil and mineral rights.,USD,23,208,208
LicenseAndServicesRevenue,License and Services Revenue (Deprecated 2018-01-31),"Revenue from multiple-deliverable arrangements that include licensing fees and services revenue. Licensing revenue is consideration received from another party for the right to use, but not own, certain of the entity's intangible assets. Licensing arrangements include, but are not limited to, rights to use a patent, copyright, technology, manufacturing process, software or trademark. Licensing fees are generally, but not always, fixed as to amount and not dependent upon the revenue generated by the licensing party. An entity may receive licensing fees for licenses that also generate royalty payments to the entity. Services revenue may be derived by providing other, nonspecified, services during the reporting period.",USD,23,183,183
OperatingLeasesIncomeStatementSubleaseRevenue,"Operating Leases, Income Statement, Sublease Revenue",The amount of revenue recognized for the period under subleasing arrangements.,USD,22,137,137
PaymentsToAcquireOtherPropertyPlantAndEquipment,"Payments to Acquire Other Property, Plant, and Equipment","Amount of cash outflow from the acquisition of or improvements to long-lived, physical assets used to produce goods and services and not intended for resale, classified as other.",USD,20,472,472
ContractWithCustomerLiabilityChangeInTimeframePerformanceObligationSatisfiedRevenueRecognized,"Contract with Customer, Liability, Change in Timeframe, Performance Obligation Satisfied, Revenue Recognized",Amount of revenue recognized arising from contract liability from change in timeframe for performance obligation to be satisfied.,USD,19,281,281
ContractsRevenue,Contracts Revenue (Deprecated 2018-01-31),"Amount of revenue earned from products sold or services provided under the terms of a contract, including, but not limited to, government contracts and construction contracts, classified as other.",USD,19,177,177
RevenueFromGrants,Revenue from Grants (Deprecated 2018-01-31),Revenue earned during the period from non-repayable sum of money awarded to an entity to carry out a specific purpose as provided in grant agreements.,USD,19,104,103
AdjustmentsToReconcileNetIncomeLossToCashProvidedByUsedInOperatingActivities,Adjustments to Reconcile Net Income (Loss) to Cash Provided by (Used in) Operating Activities,"The sum of adjustments which are added to or deducted from net income or loss, including the portion attributable to noncontrolling interest, to reflect cash provided by or used in operating activities, in accordance with the indirect cash flow method.",USD,18,393,393
IncreaseDecreaseInRestrictedCashForOperatingActivities,Increase (Decrease) in Restricted Cash for Operating Activities,The net cash inflow or outflow for the increase (decrease) associated with funds that are not available for withdrawal or use (such as funds held in escrow) and are associated with underlying transactions that are classified as operating activities. This may include cash restricted for regulatory purposes.,USD,18,60,60
RevenueNotFromContractWithCustomer,Revenue Not from Contract with Customer,Amount of revenue that is not accounted for under Topic 606.,USD,17,306,306
OperatingLeasesIncomeStatementLeaseRevenue,"Operating Leases, Income Statement, Lease Revenue","The total amount of revenue recognized for the period from operating leases, including minimum lease revenue, contingent revenue, percentage revenue and sublease revenue.",USD,16,259,259
ContractWithCustomerLiabilityCumulativeCatchUpAdjustmentToRevenueChangeInMeasureOfProgress,"Contract with Customer, Liability, Cumulative Catch-up Adjustment to Revenue, Change in Measure of Progress",Amount of increase (decrease) in revenue recognized for cumulative catch-up adjustment from change in measure of progress which (increases) decreases obligation to transfer good or service to customer for which consideration from customer has been received or is due.,USD,14,227,227
RevenueRecognitionMilestoneMethodRevenueRecognized,"Revenue Recognition, Milestone Method, Revenue Recognized",The amount of consideration recognized during the period for the milestone or milestones.,USD,14,77,77
ContractWithCustomerLiabilityCumulativeCatchUpAdjustmentToRevenueChangeInEstimateOfTransactionPrice,"Contract with Customer, Liability, Cumulative Catch-up Adjustment to Revenue, Change in Estimate of Transaction Price","Amount of increase (decrease) in revenue recognized for cumulative catch-up adjustment from change in estimate of transaction price which (increases) decreases obligation to transfer good or service to customer for which consideration from customer has been received or is due. Includes, but is not limited to, change in assessment of whether estimate of variable consideration is constrained.",USD,13,169,165
PaymentsToAcquireMachineryAndEquipment,Payments to Acquire Machinery and Equipment,The cash outflow for acquisition of machinery and equipment.,USD,12,196,196
RevenueRecognitionSalesReturnsReserveForSalesReturns,"Revenue Recognition, Sales Returns, Reserve for Sales Returns",Amount of estimated sales returns.,USD,12,44,44
RegulatedAndUnregulatedOperatingRevenue,Regulated and Unregulated Operating Revenue,The total amount of operating revenues recognized during the period.,USD,11,792,792
PaymentsToAcquireEquipmentOnLease,Payments to Acquire Equipment on Lease,The cash outflow for payments to acquire rented equipment which is recorded as an asset.,USD,11,198,198
ProFormaWeightedAverageSharesOutstandingDiluted,"Pro Forma Weighted Average Shares Outstanding, Diluted","The weighted average number of shares or units and dilutive common stock or unit equivalents outstanding in the calculation of proforma diluted earnings per share (earnings per unit), which is commonly presented in initial public offerings based on the terms of the offering.",shares,10,62,62
AdjustmentsNoncashItemsToReconcileNetIncomeLossToCashProvidedByUsedInOperatingActivities,"Adjustments, Noncash Items, to Reconcile Net Income (Loss) to Cash Provided by (Used in) Operating Activities",The aggregate amount of adjustments to net income or loss necessary to remove the effects of all items whose cash effects are investing or financing cash flows. The aggregate amount also includes all noncash expenses and income items which reduce or increase net income and are thus added back or deducted when calculating cash provided by or used in operating activities.,USD,9,142,142
RelatedPartyTransactionOtherRevenuesFromTransactionsWithRelatedParty,"Related Party Transaction, Other Revenues from Transactions with Related Party",Reflects the sum of all other revenue and income realized from sales and other transactions (excluding transactions that are eliminated in consolidated or combined financial statements) with related party during the period.,USD,9,101,101
TechnologyServicesRevenue,Technology Services Revenue (Deprecated 2018-01-31),"Revenue from providing technology services. The services may include training, installation, engineering or consulting. Consulting services often include implementation support, software design or development, or the customization or modification of the licensed software.",USD,9,82,82
SalesRevenueGoodsGross,"Sales Revenue, Goods, Gross (Deprecated 2018-01-31)","Aggregate revenue during the period from sale of goods in the normal course of business, before deducting returns, allowances and discounts.",USD,9,51,51
RegulatedOperatingRevenueGas,"Regulated Operating Revenue, Gas",The amount of regulated gas operating revenues recognized during the period.,USD,8,380,380
RevenueFromCollaborativeArrangementExcludingRevenueFromContractWithCustomer,"Revenue from Collaborative Arrangement, Excluding Revenue from Contract with Customer",Amount of revenue from collaborative arrangement. Excludes revenue from contract with customer under Topic 606.,USD,8,154,154
ElectricUtilityRevenue,Electric Revenue (Deprecated 2018-01-31),"The aggregate revenue, whether regulated or unregulated, derived from the generation, transmission and distribution of electricity.",USD,8,76,76
MaintenanceRevenue,Maintenance Revenue (Deprecated 2018-01-31),"Revenue derived from maintenance services provided under contracts or arrangements with clients. For example, it may include the maintenance of software, plant and equipment, and facilities.",USD,8,75,75
WeightedAverageBasicSharesOutstandingProForma,"Weighted Average Basic Shares Outstanding, Pro Forma","The weighted average number of shares (units) outstanding in the calculation of pro forma basic earnings per share (earnings per unit), which is commonly presented in initial public offerings based on the terms of the offering.",shares,8,67,67
FinancialServicesRevenue,Financial Services Revenue (Deprecated 2018-01-31),The aggregate financial services revenue and operating interest income earned during the reporting period.,USD,7,76,76
CargoAndFreightRevenue,Cargo and Freight Revenue (Deprecated 2018-01-31),Revenue from transporting cargo and freight between locations.,USD,7,65,65
BusinessAcquisitionRevenueReportedByAcquiredEntityForLastAnnualPeriod,"Business Acquisition, Revenue Reported by Acquired Entity for Last Annual Period",Total revenue reported by the acquired entity for its previous full fiscal year before the business acquisition.,USD,7,14,14
RevenueRecognitionGiftCardsBreakage,"Revenue Recognition, Gift Cards, Breakage (Deprecated 2017-01-31)",The amount of breakage recognized related to unredeemed gift cards. Breakage occurs when a customer pays in advance of vendor performance and does not demand full performance for various reasons.,USD,7,10,10
SalesTypeLeaseRevenue,"Sales-type Lease, Revenue",Amount of sales-type lease revenue.,USD,6,115,115
RevenueNotFromContractWithCustomerOther,"Revenue Not from Contract with Customer, Other","Amount of revenue that is not accounted for under Topic 606, classified as other.",USD,6,110,110
FoodAndBeverageRevenue,Food and Beverage Revenue (Deprecated 2018-01-31),"Revenue from sale of food (prepared and cooked-to-order foodstuffs, as well as snack items) and beverages (bottled or on-tap alcoholic beverages, as well as nonalcoholic beverages like carbonated drinks, juices, energy/sports drinks, water, coffee, and tea).",USD,6,51,51
UnregulatedOperatingRevenue,Unregulated Operating Revenue,The amount of unregulated operating revenues recognized during the period.,USD,5,284,284
PaymentsToAcquireOilAndGasPropertyAndEquipment,Payments to Acquire Oil and Gas Property and Equipment,The cash outflow to purchase long lived physical asset for use in the normal oil and gas operations and to purchase mineral interests in oil and gas properties not intended for resale.,USD,5,133,133
GasDomesticRegulatedRevenue,Gas Domestic Regulated Revenue (Deprecated 2018-01-31),"Revenue derived from the regulated (by a federal, state, or local government or agency) generation, transmission and distribution of [natural] gas.",USD,5,57,57
ElectricDomesticRegulatedRevenue,Electric Domestic Regulated Revenue (Deprecated 2018-01-31),"Revenue derived from the regulated (by a federal, state, or local government or agency) generation, transmission and distribution of electricity.",USD,5,55,55
LicenseAndMaintenanceRevenue,License and Maintenance Revenue (Deprecated 2018-01-31),"Revenue from multiple-deliverable arrangements that include licensing fees and maintenance revenue. Licensing revenue is consideration received from another party for the right to use, but not own, certain of the entity's intangible assets. Licensing arrangements include, but are not limited to, rights to use a patent, copyright, technology, manufacturing process, software or trademark. Licensing fees are generally, but not always, fixed as to amount and not dependent upon the revenue generated by the licensing party. An entity may receive licensing fees for licenses that also generate royalty payments to the entity. Maintenance revenue is derived from maintenance services provided under contracts or arrangements with clients. Services may include the maintenance of software, plant and equipment, and facilities.",USD,5,45,45
SalesRevenueServicesGross,"Sales Revenue, Services, Other (Deprecated 2018-01-31)",Amount before allowances and discounts of service revenue classified as other.,USD,5,30,30
NaturalGasProductionRevenue,Natural Gas Production Revenue (Deprecated 2018-01-31),"Revenue from natural gas production during the reporting period. Natural gas consists largely of the hydrocarbon methane, and is found in underground formations either by itself or with crude oil.",USD,5,28,28
RegulatedOperatingRevenueElectricNonNuclear,"Regulated Operating Revenue, Electric, Non-Nuclear",The amount of regulated power revenues recognized during the period.,USD,4,240,240
RegulatedOperatingRevenueOther,"Regulated Operating Revenue, Other",The amount of regulated other operating revenues recognized during the period.,USD,4,213,213
ContractWithCustomerLiabilityCumulativeCatchUpAdjustmentToRevenueModificationOfContract,"Contract with Customer, Liability, Cumulative Catch-up Adjustment to Revenue, Modification of Contract",Amount of increase (decrease) in revenue recognized for cumulative catch-up adjustment from contract modification which (increases) decreases obligation to transfer good or service to customer for which consideration from customer has been received or is due.,USD,4,48,48
CasinoRevenue,Casino Revenue (Deprecated 2018-01-31),"Revenues generated by casino operations. Also includes revenues generated by and derived from a hotel's, including cruise lines, gaming operations; likewise, such revenues may be derived from gaming operations that also are hoteliers.",USD,4,42,42
OccupancyRevenue,Occupancy Revenue (Deprecated 2018-01-31),"Revenue derived from the provision of short term lodging; it does not apply to lease or rental income. Includes hotel rooms, cruise revenue, and other revenue related to lodgings.",USD,4,40,40
OilAndGasSalesRevenue,Oil and Gas Sales Revenue (Deprecated 2018-01-31),Revenue from the sale of oil and gas during the period.,USD,4,40,40
ResultsOfOperationsRevenueFromOilAndGasProducingActivities,"Results of Operations, Revenue from Oil and Gas Producing Activities",Total revenues from oil and gas producing activities.,USD,4,39,39
RevenueMineralSales,Revenue Mineral Sales (Deprecated 2018-01-31),"Aggregate revenue from the sale of minerals and related products, and from rendering services such as exploration, development, mining, processing and providing mining support activities.",USD,4,36,36
FranchiseRevenue,Franchise Revenue (Deprecated 2018-01-31),"Revenue earned during the period from consideration (often a percentage of the franchisee's sales) received for the right to operate a business using the entity's name, merchandise, services, methodologies, promotional support, marketing, and supplies.",USD,4,35,35
HealthCareOrganizationRevenue,"Health Care Organization, Revenue (Deprecated 2018-01-31)","Amount of revenues recognized by the entity from providing services to in-patients, outpatients, residents in facilities owned or operated by the entity, from insurance premiums, or from goods provided or services performed.",USD,4,35,35
ShippingAndHandlingRevenue,Shipping and Handling Revenue (Deprecated 2018-01-31),"Fees charged to customers for the delivery, generally by postal or freight service providers, of product or goods purchased.",USD,4,27,27
SubscriptionRevenue,Subscription and Circulation Revenue (Deprecated 2018-01-31),"Revenue from circulation or sale of subscriptions (for example, but not limited to, subscriptions to a magazine or newspaper).",USD,4,24,24
HealthCareOrganizationPatientServiceRevenue,"Health Care Organization, Patient Service Revenue (Deprecated 2018-01-31)","Amount of revenue recognized for providing services to patients, net of provisions for contractual allowances and discounts.",USD,4,23,23
OilAndCondensateRevenue,Oil and Condensate Revenue (Deprecated 2018-01-31),"Revenue from sale of residue oil and condensate, which normally exists in the reservoir as gas but condenses out as a liquid during production.",USD,4,22,22
OperatingLeasesIncomeStatementContingentRevenue,"Operating Leases, Income Statement, Contingent Revenue","Amount of contingent rental revenue recognized for the period under lease, based on the occurrences of an event or condition.",USD,4,20,20
ContractWithCustomerAssetCumulativeCatchUpAdjustmentToRevenueModificationOfContract,"Contract with Customer, Asset, Cumulative Catch-up Adjustment to Revenue, Modification of Contract",Amount of increase (decrease) in revenue recognized for cumulative catch-up adjustment from contract modification which increases (decreases) right to consideration in exchange for good or service transferred to customer when right is conditioned on something other than passage of time.,USD,4,15,15
RegulatedOperatingRevenue,Regulated Operating Revenue,The total amount of regulated operating revenues recognized during the period.,USD,3,74,74
ContractWithCustomerAssetCumulativeCatchUpAdjustmentToRevenueChangeInEstimateOfTransactionPrice,"Contract with Customer, Asset, Cumulative Catch-up Adjustment to Revenue, Change in Estimate of Transaction Price","Amount of increase (decrease) in revenue recognized for cumulative catch-up adjustment from change in estimate of transaction price which increases (decreases) right to consideration in exchange for good or service transferred to customer when right is conditioned on something other than passage of time. Includes, but is not limited to, change in assessment of whether estimate of variable consideration is constrained.",USD,3,53,53
ContractWithCustomerAssetCumulativeCatchUpAdjustmentToRevenueChangeInMeasureOfProgress,"Contract with Customer, Asset, Cumulative Catch-up Adjustment to Revenue, Change in Measure of Progress",Amount of increase (decrease) in revenue recognized for cumulative catch-up adjustment from change in measure of progress which increases (decreases) right to consideration in exchange for good or service transferred to customer when right is conditioned on something other than passage of time.,USD,3,37,37
PassengerRevenue,Passenger Revenue (Deprecated 2018-01-31),"A transportation (plane, train, ship) carrier's fare revenue recognized in the period from carrying passengers between destinations.",USD,3,23,23
ReimbursementRevenue,Reimbursement Revenue (Deprecated 2018-01-31),"Repayment received or receivable for expenses incurred on behalf of a client or customer, other than those reimbursements received by landlords from tenants.",USD,3,20,20
GasGatheringTransportationMarketingAndProcessingRevenue,"Gas Gathering, Transportation, Marketing and Processing Revenue (Deprecated 2018-01-31)","Revenue related to midstream and downstream gas activities. May include the following: gathering from wells, processing to remove impurities, storage, transmission, and the sale of natural gas and related products.",USD,3,19,19
NaturalGasMidstreamRevenue,Natural Gas Midstream Revenue (Deprecated 2018-01-31),"Midstream refers to those gas industry activities that fall between exploration and production (upstream) and refining and marketing (downstream). It may be applied to the gathering, processing, transmission and storage of natural gas; including the treating of natural gas to remove impurities, along with the sale of by-products such as residue gas, natural gas liquids and condensate.",USD,3,5,5
RegulatedOperatingRevenueWater,"Regulated Operating Revenue, Water",The amount of regulated water operating revenues recognized during the period.,USD,2,154,154
VariableInterestEntityActivityBetweenVIEAndEntityRevenues,"Variable Interest Entity, Measure of Activity, Revenues",The amount of income between the reporting entity and the Variable Interest Entity (VIE).,USD,2,70,70
PaymentsToAcquireOilAndGasEquipment,Payments to Acquire Oil and Gas Equipment,The cash outflow to purchase long lived physical asset use for the normal oil and gas operations and not intended for resale.,USD,2,40,40
HomeBuildingRevenue,Home Building Revenue (Deprecated 2018-01-31),"Revenue related to the sale of homes and home building activities including design, development, general contracting, and renovation services for residential buildings, including single-family houses, multifamily housing, townhouses, apartments, and modular housing.",USD,2,30,30
RevenueFromLeasedAndOwnedHotels,Revenue from Hotels (Deprecated 2018-01-31),"Amount, net of promotional allowances, of revenue from managing and operating hotels, including, but not limited to, revenue from occupancy, casino, food and beverage, and retail. Excludes operating lease income.",USD,2,24,24
OilAndGasRevenue,Oil and Gas Revenue (Deprecated 2018-01-31),Aggregate revenue during the period related to oil and gas business activities.,USD,2,20,20
OtherHotelOperatingRevenue,Other Hotel Operating Revenue (Deprecated 2018-01-31),"Amount of revenue, generated from managing and operating hotels, classified as other.",USD,2,16,16
PassengerRevenueMainline,"Passenger Revenue, Mainline (Deprecated 2018-01-31)",Amount of a transportation carrier's mainline fare revenue recognized in the period from carrying passengers between destinations.,USD,2,12,12
PassengerRevenueRegional,"Passenger Revenue, Regional (Deprecated 2018-01-31)",Amount of a transportation carrier's regional affiliates' fare revenue recognized in the period from carrying passengers between destinations.,USD,2,12,12
HealthCareOrganizationCapitationRevenue,"Health Care Organization, Capitation Revenue (Deprecated 2018-01-31)",Amount of revenue recognized based on fees charged on a per capita basis.,USD,2,9,9
HealthCareOrganizationOtherRevenue,"Health Care Organization, Other Revenue (Deprecated 2018-01-31)",Amount of health care revenue classified as other.,USD,2,9,9
PaymentsForFlightEquipment,Payments for Flight Equipment,"The cash outflow for acquisition of long-lived depreciable flight assets, including owned aircraft or capital improvements.",USD,1,45,45
HealthCareOrganizationPatientServiceRevenueLessProvisionForBadDebts,"Health Care Organization, Patient Service Revenue Less Provision for Bad Debts","Amount of patient service revenue, net of contractual allowances and discounts, less the related provision for bad debts.",USD,1,18,18
HealthCareOrganizationPatientServiceRevenueProvisionforBadDebts,"Health Care Organization, Patient Service Revenue Provision for Bad Debts",Amount of the provision for bad debts related to patient service revenue.,USD,1,16,16
RealEstateRevenueNet,"Real Estate Revenue, Net (Deprecated 2018-01-31)",The aggregate revenue from real estate operations during the reporting period.,USD,1,16,16
RegulatedOperatingRevenueFieldServices,"Regulated Operating Revenue, Field Services",The amount of regulated field services operating revenues recognized during the period.,USD,1,16,16
InsuranceServicesRevenue,Insurance Services Revenue,"Revenue from insurance services, including net premiums earned, gain on sale of insurance block, agency management fees and insurance contract fees and commissions.",USD,1,13,13
RetailRevenue,Retail Revenue (Deprecated 2018-01-31),"This element represents revenues generated by or derived from a hotel's, or cruise line's, owned retail store operations.",USD,1,13,13
RefiningAndMarketingRevenue,Refining and Marketing Revenue (Deprecated 2018-01-31),"Revenue related to the downstream oil and gas activities, including the refining of crude oil, as well as the marketing and distribution of crude oil, refined petroleum products, and natural gas.",USD,1,12,12
ResultsOfOperationsSalesRevenueToUnaffiliatedEnterprises,"Results of Operations, Sales Revenue to Unaffiliated Enterprises",Sales revenue to unaffiliated enterprises from oil and gas producing activities.,USD,1,12,12
HealthCareOrganizationRevenueNetOfPatientServiceRevenueProvisions,"Health Care Organization, Revenue Net of Patient Service Revenue Provisions","Amount of patient service revenue recognized, net of contractual allowances and discounts, less the provision for bad debts related to patient service revenue plus all other revenue.",USD,1,10,10
ElectricalDistributionRevenue,Electrical Distribution Revenue (Deprecated 2018-01-31),Revenue earned during the period from the delivery of electricity to a retail customer's home or business through distribution wires or facilities of regulated public utilities. Also known as power delivery revenue.,USD,1,8,8
ElectricalGenerationRevenue,Electrical Generation Revenue (Deprecated 2018-01-31),"Revenue from generation of electricity, a process of producing electric energy by transforming other forms of energy such as nuclear, fossil fuel, solar, geothermal, hydro, and wind.",USD,1,8,8
RevenueFromPurchasedOilAndGas,Revenue from Purchased Oil and Gas (Deprecated 2018-01-31),Revenue from sale of oil and gas purchased from other sources.,USD,1,8,8
RevenueSteamProductsAndServices,Revenue Steam Products and Services (Deprecated 2018-01-31),"Revenue generated from providing steam products and services to various industries. Steam is used in oil refineries, pulp and paper mills, chemical production (such as ethylene and ammonia), food and grain processing, and textiles. Steam is also used in the heating and cooling of urban commercial and residential buildings.",USD,1,8,8
TimeShareRevenue,Time Share Revenue (Deprecated 2018-01-31),"Revenue associated with the selling of time shares, a form of property ownership under which a property is held by a number of people, each with a right of possession for a specified time interval. Time sharing is most commonly applied to resort and vacation properties; also known as vacation interest.",USD,1,8,8
WeightedAverageNumberBasicSharesOutstandingAdjustmentProForma,"Weighted Average Number Basic Shares Outstanding Adjustment, Pro Forma",Adjustment to the weighted average number of basic shares outstanding to convert this to a pro forma presentation.,shares,1,8,8
HealthCareOrganizationPremiumRevenue,"Health Care Organization, Premium Revenue (Deprecated 2018-01-31)",Amount of insurance premium revenue recognized.,USD,1,6,6
HealthCareOrganizationResidentServiceRevenue,"Health Care Organization, Resident Service Revenue (Deprecated 2018-01-31)","Amount of revenues recognized from services provided to residents in facilities owned or operated by the health care organization (not including patient service revenue), which may be based on contractual rates set forth in agreements with third-party payers.",USD,1,6,6
OtherAlternativeEnergySalesRevenue,Other Alternative Energy Sales Revenue (Deprecated 2018-01-31),"Revenue earned during the period from alternative energy sources (for example, ethanol, biomass, solar, geothermal, and wind power).",USD,1,6,6
CoalProductsAndServicesRevenue,Coal Products and Services Revenue (Deprecated 2018-01-31),"Revenue derived from sale of coal and related products. Also includes rendering of services and selling of products for exploration, development, mining, and processing, as well as supporting activities.",USD,1,5,5
FinancialGuaranteeInsuranceContractsFutureExpectedPremiumRevenueToBeRecognized,"Financial Guarantee Insurance Contracts, Unearned Premium Revenue",Amount of unearned premium revenue under contracts issued by an insurance entity that provide protection to the holder of a financial obligation from a financial loss in the event of a default.,USD,1,5,0
RevenueCoalServices,"Revenue, Coal Services (Deprecated 2018-01-31)","Revenue from services rendered related to coal (mine services, transportation, and others) during the reporting period.",USD,1,5,5
ClearingFeesRevenue,Clearing Fees Revenue (Deprecated 2018-01-31),"Revenue from clearing fees. Clearing fees are charged by an exchange for each contract and trade cleared. There are also clearing fees associated with deliveries, creation of a futures position resulting from an option exercise or assignment, Exchange for Physicals (EFP), block trades, transfer trades and adjustments.",USD,1,4,4
ManagementFeesRevenue,Management Fees Revenue (Deprecated 2018-01-31),"Revenue, comprised of base and incentive revenue derived from the management of joint ventures, managing third-party properties, or another entity's operations.",USD,1,3,3
OperatingLeasesIncomeStatementMinimumLeaseRevenue,"Operating Leases, Income Statement, Minimum Lease Revenue",The total amount of lease revenue recognized for the period for which the lessee was obligated under leasing arrangements regardless of any other events or conditions. This amount excludes contingent revenue and sublease revenue.,USD,1,3,3
RevenueRecognitionMultipleDeliverableArrangementsDeterminationOfSellingPriceAmount,"Revenue Recognition, Multiple-deliverable Arrangements, Determination of Selling Price, Amount",Represents the value established as the selling price of the significant unit of accounting used to allocate the consideration of the multiple-deliverable arrangement.,USD,1,3,3
MarketDataRevenue,Market Data Revenue,"Amount of revenue from market data services, including, but not limited to, information about current quotes and most recent prices for a specific security.",USD,1,2,2
RevenuesExcludingInterestAndDividends,"Revenues, Excluding Interest and Dividends","Revenues from operations, excluding interest and dividend income. Includes revenues from the following sources: investment banking (underwriting and financial advisory), principal transactions (sales and trading, and investment gains and losses), commissions, asset management, and investment advisory and other services.",USD,1,2,2
AdvertisingRevenue,Advertising Revenue (Deprecated 2018-01-31),"Revenue from the sale of advertising time (such as television and radio) or space (newspaper or magazine pages). May also include advertising, marketing and promotional services rendered during the reporting period.",USD,1,1,1
CustomerRefundableFeesRevenueRecognized1,"Customer Refundable Fees, Revenue Recognized",Amount of revenue recognized attributable to customer refundable fees.,USD,1,1,1
IncreaseDecreaseInRegulatoryClauseRevenue,Increase (Decrease) in Regulatory Clause Revenue,The increase (decrease) during the reporting period in unrecovered fuel costs for a regulated utility company.,USD,1,1,1
NonmonetaryTransactionGrossOperatingRevenueRecognized,"Nonmonetary Transaction, Gross Operating Revenue Recognized",The amount of gross operating revenue recognized in a nonmonetary transaction.,USD,1,1,0
RevenueNotFromContractWithCustomerExcludingInterestIncome,"Revenue Not from Contract with Customer, Excluding Interest Income","Amount, excluding interest income, of revenue not accounted for under Topic 606.",USD,1,1,1
RevenueOtherFinancialServices,"Revenue, Other Financial Services (Deprecated 2018-01-31)",Amount of fee and financial service revenue classified as other.,USD,1,1,1
RevenueOtherManufacturedProducts,Revenue Other Manufactured Products (Deprecated 2018-01-31),"Amount of revenue from the sale of manufactured products, classified as other.",USD,1,1,1
RoyaltyRevenueFromCoal,Royalty Revenue from Coal (Deprecated 2018-01-31),Revenue earned during the period by the entity for rights granted to another party under coal mineral leases.,USD,1,1,1
