cik,status,candidate_tags,candidate_fact_rows,error
1750,OK,19,596,
1800,OK,7,333,
2178,OK,14,402,
2488,OK,15,464,
2969,OK,14,416,
3197,OK,10,343,
3453,OK,13,343,
3545,OK,8,439,
3570,OK,20,716,
4127,OK,11,402,
4281,OK,10,375,
4447,OK,12,329,
4904,OK,15,483,
4962,OK,8,373,
4977,OK,4,274,
5513,OK,8,407,
5981,OK,14,403,
6176,OK,11,358,
6201,OK,12,414,
6207,OK,16,395,
6281,OK,9,470,
6845,OK,14,448,
6885,OK,14,237,
7039,OK,13,398,
7084,OK,10,491,
7332,OK,14,442,
7431,OK,9,418,
7536,OK,8,421,
7789,OK,8,307,
8063,OK,12,466,
8146,OK,12,520,
8177,OK,8,249,
8670,OK,10,444,
8818,OK,10,356,
8858,OK,9,383,
8947,OK,12,422,
9092,OK,10,422,
9326,OK,11,446,
9389,OK,15,431,
9984,OK,12,406,
10329,OK,13,441,
10456,OK,13,521,
10795,OK,8,390,
12659,OK,17,505,
12927,OK,14,633,
14177,OK,8,232,
14195,OK,9,235,
14272,OK,16,427,
14707,OK,13,407,
14846,OK,7,334,
14930,OK,17,553,
15615,OK,12,635,
16040,OK,8,437,
16160,OK,9,370,
16732,OK,8,354,
17313,OK,5,16,
17843,OK,10,396,
18172,OK,8,204,
18230,OK,15,564,
18349,OK,10,344,
18498,OK,8,389,
18926,OK,13,494,
19411,OK,12,378,
19446,OK,13,309,
19584,OK,14,365,
19617,OK,11,564,
19745,OK,13,631,
20212,OK,21,659,
20286,OK,7,331,
20520,OK,13,368,
21175,OK,11,449,
21344,OK,8,358,
21535,OK,11,448,
21665,OK,9,418,
22444,OK,12,380,
23111,OK,9,340,
23194,OK,12,301,
23217,OK,10,419,
23795,OK,15,558,
24104,OK,11,240,
25232,OK,9,367,
25743,OK,9,325,
25895,OK,8,345,
26058,OK,10,401,
26172,OK,19,650,
26324,OK,16,660,
26780,OK,10,342,
27093,OK,8,140,
27904,OK,14,436,
27996,OK,15,571,
29534,OK,9,407,
29644,OK,10,418,
29905,OK,17,536,
29989,OK,6,378,
30625,OK,11,529,
31107,OK,9,313,
31235,OK,16,390,
31462,OK,10,505,
31667,OK,14,478,
32604,OK,12,489,
33002,OK,7,361,
33185,OK,8,346,
33213,OK,12,404,
33488,OK,14,484,
34067,OK,8,340,
34088,OK,6,262,
34782,OK,7,247,
34903,OK,11,359,
34956,OK,3,142,
35214,OK,14,384,
35527,OK,7,285,
36029,OK,7,275,
36047,OK,17,403,
36146,OK,7,348,
36270,OK,9,350,
36377,OK,11,437,
36966,OK,7,295,
37472,OK,8,382,
37785,OK,11,630,
37996,OK,13,498,
38264,OK,12,467,
38725,OK,8,335,
39020,OK,13,456,
39092,OK,9,302,
39263,OK,7,321,
39677,OK,11,82,
39899,OK,10,324,
39911,OK,9,452,
40211,OK,11,338,
40533,OK,13,427,
40545,OK,19,538,
40704,OK,9,361,
40729,OK,10,476,
40888,OK,11,387,
40987,OK,9,395,
42316,OK,13,216,
42682,OK,10,306,
42888,OK,12,436,
43196,OK,11,357,
45012,OK,11,390,
45919,OK,12,372,
46080,OK,15,451,
46195,OK,7,215,
46250,OK,8,406,
46619,OK,13,537,
46765,OK,16,528,
47111,OK,5,190,
47217,OK,12,436,
47518,OK,15,398,
48287,OK,11,377,
48898,OK,11,424,
49071,OK,11,410,
49600,OK,8,337,
49728,OK,10,265,
49754,OK,15,509,
49826,OK,9,341,
50725,OK,12,382,
50863,OK,10,305,
51143,OK,14,540,
51253,OK,8,329,
52795,OK,10,205,
52827,OK,13,462,
52988,OK,16,459,
54381,OK,11,421,
54480,OK,9,410,
55242,OK,6,317,
55785,OK,9,311,
56047,OK,12,377,
56679,OK,12,389,
56701,OK,14,307,
56868,OK,10,330,
56873,OK,8,424,
56978,OK,9,470,
57131,OK,10,430,
58361,OK,15,467,
58492,OK,10,470,
59440,OK,14,424,
59478,OK,10,324,
59527,OK,11,512,
59558,OK,7,305,
60086,OK,14,500,
60519,OK,12,401,
60714,OK,12,404,
61986,OK,10,422,
62234,OK,19,500,
63330,OK,18,281,
63754,OK,7,386,
64040,OK,17,505,
64463,OK,14,169,
64803,OK,11,411,
64996,OK,7,371,
65172,OK,8,284,
65270,OK,11,452,
65596,OK,10,312,
65770,OK,18,511,
66004,OK,10,527,
66382,OK,11,496,
66570,OK,10,361,
66740,OK,13,491,
66756,OK,10,548,
67215,OK,7,364,
67347,OK,10,382,
67716,OK,9,550,
68505,OK,13,444,
68622,OK,13,378,
68709,OK,13,283,
69422,OK,13,295,
69488,OK,8,363,
69633,OK,9,381,
69891,OK,8,398,
70145,OK,10,384,
70318,OK,18,491,
70415,OK,15,443,
70487,OK,12,327,
71829,OK,9,329,
72162,OK,8,267,
72207,OK,14,202,
72331,OK,8,334,
72333,OK,8,375,
72573,OK,9,394,
72741,OK,10,526,
72903,OK,15,554,
73124,OK,6,283,
73290,OK,9,393,
73309,OK,12,516,
73756,OK,19,395,
74046,OK,5,195,
74208,OK,13,474,
74260,OK,7,411,
74303,OK,7,400,
75288,OK,7,379,
75362,OK,9,371,
75677,OK,8,371,
76267,OK,11,522,
76282,OK,6,321,
76334,OK,10,351,
76605,OK,10,456,
77360,OK,11,460,
77476,OK,6,299,
77543,OK,11,507,
77877,OK,13,447,
78003,OK,11,455,
78128,OK,7,280,
78749,OK,15,394,
79282,OK,14,643,
79879,OK,9,458,
80035,OK,8,379,
80172,OK,10,354,
80420,OK,17,449,
80424,OK,6,337,
82020,OK,13,421,
82166,OK,11,324,
82811,OK,9,487,
84246,OK,8,303,
84748,OK,14,435,
84839,OK,15,417,
85535,OK,7,310,
85961,OK,15,488,
86312,OK,6,285,
87050,OK,16,439,
88205,OK,9,416,
88790,OK,14,365,
88941,OK,9,432,
89089,OK,12,462,
89439,OK,9,394,
89800,OK,9,371,
90896,OK,10,354,
91419,OK,8,373,
91440,OK,13,386,
91767,OK,15,451,
91928,OK,18,691,
92122,OK,13,406,
92230,OK,5,199,
92380,OK,14,512,
93389,OK,7,380,
93410,OK,13,436,
93556,OK,18,744,
93751,OK,6,294,
94049,OK,11,353,
94344,OK,8,358,
95029,OK,13,421,
95574,OK,10,428,
95953,OK,11,342,
96021,OK,7,402,
96223,OK,17,549,
96536,OK,8,220,
96793,OK,8,324,
96869,OK,10,329,
96943,OK,8,326,
97134,OK,17,461,
97210,OK,18,633,
97216,OK,9,407,
97476,OK,10,419,
97745,OK,13,415,
98246,OK,11,296,
98338,OK,11,286,
98362,OK,10,373,
98677,OK,9,240,
99302,OK,11,406,
99780,OK,13,455,
100378,OK,9,319,
100517,OK,14,386,
100591,OK,10,405,
100716,OK,8,372,
100726,OK,10,408,
100885,OK,10,385,
101199,OK,9,378,
101295,OK,10,223,
101382,OK,8,280,
101538,OK,13,371,
101778,OK,15,535,
101830,OK,14,248,
101984,OK,8,390,
102212,OK,8,411,
102729,OK,12,404,
102752,OK,13,460,
103145,OK,12,381,
103730,OK,10,489,
104169,OK,12,597,
104894,OK,10,402,
104918,OK,12,538,
105132,OK,11,412,
105319,OK,17,468,
105418,OK,10,280,
105634,OK,12,514,
105770,OK,16,380,
106040,OK,9,345,
106532,OK,10,297,
106535,OK,7,290,
107687,OK,8,434,
108312,OK,12,511,
108385,OK,7,378,
108985,OK,11,382,
109563,OK,7,368,
109657,OK,10,211,
200406,OK,6,328,
203527,OK,17,383,
203596,OK,6,291,
215466,OK,11,552,
216228,OK,9,442,
217346,OK,13,560,
225648,OK,13,336,
230557,OK,9,260,
275880,OK,10,355,
276720,OK,25,524,
277135,OK,6,319,
277948,OK,9,396,
278166,OK,13,563,
310142,OK,9,331,
310158,OK,9,372,
310764,OK,10,455,
311094,OK,6,291,
311817,OK,7,181,
313143,OK,12,441,
314203,OK,11,341,
314227,OK,12,305,
314808,OK,15,394,
315189,OK,14,452,
315374,OK,9,385,
315709,OK,7,303,
315849,OK,5,124,
315852,OK,12,424,
317540,OK,10,287,
317788,OK,13,577,
318154,OK,10,387,
318306,OK,18,307,
318833,OK,10,390,
319201,OK,16,619,
320017,OK,12,201,
320121,OK,14,367,
320193,OK,13,475,
320335,OK,9,419,
350698,OK,11,473,
350737,OK,10,316,
350868,OK,13,507,
350894,OK,10,408,
351569,OK,5,236,
351789,OK,8,283,
351817,OK,7,250,
351834,OK,7,415,
352541,OK,20,675,
353020,OK,12,343,
353184,OK,10,375,
354190,OK,17,430,
354647,OK,5,224,
354707,OK,10,413,
354908,OK,13,327,
354950,OK,12,501,
355019,OK,18,516,
355379,OK,7,287,
355811,OK,8,377,
355948,OK,8,371,
356171,OK,10,397,
356309,OK,17,622,
357294,OK,7,375,
700564,OK,6,287,
700565,OK,9,323,
700841,OK,10,324,
700923,OK,16,516,
701288,OK,9,401,
701347,OK,6,286,
701374,OK,12,403,
701985,OK,10,512,
702165,OK,9,388,
702325,OK,7,242,
702513,OK,6,251,
703351,OK,16,507,
703604,OK,15,356,
704051,OK,4,56,
704415,OK,11,337,
704440,OK,13,302,
704532,OK,16,523,
704562,OK,19,416,
705432,OK,6,294,
706129,OK,6,282,
706698,OK,7,405,
707388,OK,16,385,
707549,OK,10,347,
708781,OK,10,427,
708818,OK,15,522,
708821,OK,19,516,
711377,OK,14,427,
711404,OK,7,332,
711669,OK,5,212,
711772,OK,6,329,
712034,OK,10,463,
712515,OK,15,484,
712534,OK,4,302,
712770,OK,8,375,
712771,OK,7,132,
713676,OK,7,322,
714256,OK,9,288,
714284,OK,14,231,
714310,OK,5,331,
714395,OK,9,333,
715072,OK,4,224,
715446,OK,7,176,
715579,OK,5,181,
715787,OK,8,336,
715957,OK,21,500,
716133,OK,13,381,
716605,OK,10,337,
716643,OK,14,339,
717423,OK,16,534,
717538,OK,4,224,
717720,OK,14,357,
717806,OK,9,320,
717954,OK,10,390,
718332,OK,15,356,
718877,OK,12,431,
718937,OK,13,387,
719135,OK,9,359,
719220,OK,5,268,
719733,OK,8,436,
719955,OK,9,405,
720005,OK,11,506,
720500,OK,10,484,
720672,OK,13,764,
720858,OK,7,345,
721371,OK,7,393,
721994,OK,7,301,
722313,OK,10,274,
722572,OK,9,334,
722830,OK,15,230,
723125,OK,16,447,
723188,OK,10,375,
723254,OK,7,361,
723531,OK,15,628,
723603,OK,12,445,
723612,OK,11,431,
724004,OK,16,428,
726601,OK,5,224,
726728,OK,9,285,
726854,OK,7,387,
727273,OK,8,283,
730263,OK,9,413,
730272,OK,12,468,
730464,OK,20,747,
730708,OK,8,279,
731012,OK,11,388,
731766,OK,10,461,
731802,OK,9,379,
732026,OK,17,371,
732712,OK,10,400,
732717,OK,11,420,
733269,OK,14,425,
733590,OK,12,341,
736012,OK,12,316,
736772,OK,7,354,
737468,OK,7,473,
737758,OK,13,517,
738214,OK,11,348,
739421,OK,7,315,
740260,OK,11,420,
740663,OK,7,307,
740971,OK,8,362,
741516,OK,6,297,
742278,OK,9,248,
743238,OK,9,374,
743316,OK,11,468,
743988,OK,8,351,
744187,OK,17,380,
744218,OK,10,301,
745308,OK,15,364,
745732,OK,7,406,
746210,OK,14,281,
746515,OK,8,432,
746838,OK,17,539,
748268,OK,10,181,
749251,OK,16,424,
749647,OK,12,293,
749660,OK,21,612,
750577,OK,6,281,
750686,OK,7,363,
751978,OK,14,471,
752642,OK,11,465,
752714,OK,19,791,
753308,OK,6,387,
755001,OK,16,495,
761648,OK,11,355,
763532,OK,10,368,
763563,OK,8,236,
763744,OK,7,388,
763901,OK,8,404,
764038,OK,8,320,
764065,OK,15,440,
764180,OK,9,320,
764401,OK,10,321,
764478,OK,15,458,
764622,OK,8,410,
765207,OK,5,291,
766421,OK,22,555,
766701,OK,6,186,
766704,OK,8,367,
766792,OK,12,396,
767405,OK,8,244,
768411,OK,11,456,
768899,OK,7,398,
769397,OK,16,565,
769520,OK,11,457,
771266,OK,22,547,
771856,OK,13,332,
772406,OK,10,390,
773141,OK,10,272,
773840,OK,14,457,
774569,OK,9,239,
775158,OK,11,397,
775215,OK,7,156,
776867,OK,10,485,
778164,OK,14,288,
779544,OK,11,307,
780571,OK,17,438,
783280,OK,10,465,
783325,OK,10,387,
783412,OK,12,281,
784199,OK,9,378,
785161,OK,14,433,
785557,OK,8,329,
785786,OK,9,392,
785956,OK,10,400,
787253,OK,9,275,
788611,OK,12,344,
788784,OK,9,505,
788920,OK,18,516,
788965,OK,13,300,
789019,OK,18,448,
789570,OK,16,377,
790051,OK,17,455,
790359,OK,8,367,
790526,OK,27,704,
790703,OK,8,216,
790816,OK,11,312,
792977,OK,19,246,
792987,OK,9,334,
793074,OK,6,337,
793524,OK,13,304,
793733,OK,13,497,
793952,OK,11,394,
794170,OK,12,580,
794172,OK,9,442,
794367,OK,11,462,
794619,OK,10,462,
795266,OK,10,392,
796343,OK,15,591,
796505,OK,12,368,
796534,OK,9,212,
797542,OK,12,230,
797721,OK,15,402,
798081,OK,12,385,
798354,OK,16,509,
798359,OK,10,397,
798528,OK,13,375,
798783,OK,11,343,
798949,OK,13,508,
799165,OK,13,409,
799167,OK,5,335,
799233,OK,7,412,
799288,OK,14,446,
800240,OK,10,373,
801337,OK,5,285,
802681,OK,8,332,
803164,OK,7,298,
803578,OK,12,397,
803649,OK,8,336,
804753,OK,16,439,
805928,OK,11,288,
806172,OK,9,341,
806279,OK,6,269,
807863,OK,17,652,
807882,OK,17,455,
808326,OK,13,450,
808450,OK,17,434,
808461,OK,15,215,
809248,OK,13,563,
810136,OK,11,451,
810332,OK,14,413,
810958,OK,6,276,
811156,OK,9,394,
811532,OK,11,189,
811596,OK,8,327,
811808,OK,7,297,
812011,OK,15,594,
812128,OK,8,288,
812796,OK,12,329,
813298,OK,11,400,
813672,OK,14,533,
813762,OK,8,264,
813828,OK,15,490,
814453,OK,10,352,
814547,OK,16,696,
814585,OK,20,421,
814586,OK,11,350,
815097,OK,11,402,
815556,OK,6,333,
816956,OK,10,508,
817720,OK,8,326,
818479,OK,12,372,
818686,OK,11,302,
820027,OK,9,450,
821026,OK,17,649,
821127,OK,11,283,
821130,OK,14,458,
821189,OK,11,456,
821483,OK,11,411,
822663,OK,12,379,
822818,OK,12,360,
823277,OK,7,233,
823768,OK,11,445,
824142,OK,13,488,
824410,OK,9,386,
825324,OK,14,423,
826154,OK,10,377,
826675,OK,4,133,
827052,OK,6,399,
827054,OK,17,463,
827187,OK,11,448,
827876,OK,16,346,
828146,OK,12,207,
828944,OK,7,319,
829224,OK,14,596,
830122,OK,9,255,
830524,OK,11,470,
831001,OK,9,434,
831259,OK,8,504,
831547,OK,19,352,
831641,OK,13,563,
832090,OK,5,172,
832489,OK,7,200,
832988,OK,12,419,
833079,OK,11,320,
833444,OK,13,467,
833640,OK,9,450,
834365,OK,13,338,
835011,OK,13,316,
835324,OK,10,336,
835887,OK,12,162,
836147,OK,6,348,
836157,OK,13,646,
837465,OK,11,406,
840489,OK,10,502,
840715,OK,9,335,
842023,OK,11,492,
842162,OK,11,464,
842183,OK,12,347,
842517,OK,5,244,
842518,OK,7,349,
842633,OK,9,424,
844059,OK,10,455,
844965,OK,24,628,
845877,OK,3,179,
846901,OK,7,273,
846913,OK,11,514,
849145,OK,11,299,
849146,OK,11,355,
849399,OK,18,462,
849869,OK,8,366,
850209,OK,9,350,
850429,OK,8,312,
850460,OK,6,327,
851205,OK,21,509,
851310,OK,14,434,
851520,OK,14,482,
851968,OK,8,422,
852772,OK,20,423,
853816,OK,8,416,
854560,OK,6,301,
854775,OK,16,463,
855612,OK,14,326,
855654,OK,20,399,
855658,OK,16,434,
856982,OK,9,378,
857005,OK,18,521,
857737,OK,13,294,
857855,OK,9,380,
858470,OK,10,363,
858655,OK,11,385,
858800,OK,8,340,
858877,OK,17,459,
859737,OK,16,616,
860413,OK,6,241,
860730,OK,14,436,
860731,OK,15,421,
860748,OK,7,343,
861459,OK,21,615,
861842,OK,7,288,
861878,OK,10,392,
861884,OK,9,339,
862831,OK,8,424,
863436,OK,10,459,
863894,OK,15,350,
864240,OK,13,433,
864749,OK,24,624,
865058,OK,5,179,
865752,OK,13,432,
866273,OK,9,413,
866291,OK,9,153,
866374,OK,11,335,
866706,OK,17,485,
866729,OK,12,518,
866787,OK,8,402,
866829,OK,15,482,
867840,OK,14,405,
868271,OK,6,163,
868671,OK,5,265,
868780,OK,8,328,
868857,OK,13,625,
870385,OK,6,139,
870826,OK,11,493,
871763,OK,14,356,
872589,OK,13,381,
872912,OK,13,384,
873303,OK,13,559,
873860,OK,13,407,
874015,OK,14,428,
874238,OK,12,445,
874396,OK,10,292,
874499,OK,12,508,
874501,OK,25,510,
874761,OK,12,426,
874766,OK,9,404,
874866,OK,12,376,
874977,OK,8,240,
875045,OK,11,507,
875357,OK,7,303,
875582,OK,8,310,
875657,OK,9,438,
876378,OK,14,381,
876427,OK,10,352,
876437,OK,6,291,
877422,OK,11,439,
877860,OK,10,539,
877890,OK,17,468,
878526,OK,14,509,
878828,OK,16,445,
878927,OK,7,312,
879101,OK,10,412,
879169,OK,14,508,
879407,OK,11,329,
879526,OK,10,397,
879585,OK,12,386,
879635,OK,6,196,
880117,OK,11,394,
880432,OK,16,424,
880641,OK,6,179,
882095,OK,13,379,
882104,OK,19,373,
882291,OK,16,313,
882508,OK,10,265,
882796,OK,14,333,
882835,OK,16,509,
883237,OK,9,326,
883241,OK,18,551,
883569,OK,9,323,
883902,OK,12,425,
883945,OK,8,304,
883948,OK,7,304,
883975,OK,4,147,
884144,OK,21,468,
884624,OK,6,311,
884940,OK,13,302,
885245,OK,8,337,
885307,OK,8,351,
885462,OK,9,395,
885508,OK,12,370,
885550,OK,7,398,
885590,OK,11,360,
885725,OK,14,448,
886128,OK,20,530,
886158,OK,11,337,
886206,OK,20,463,
886346,OK,10,412,
886744,OK,8,225,
886982,OK,9,459,
887343,OK,6,296,
887359,OK,13,360,
887596,OK,13,512,
887730,OK,11,206,
887733,OK,8,374,
887905,OK,10,398,
887919,OK,7,187,
887936,OK,9,472,
888491,OK,12,483,
889900,OK,12,384,
890319,OK,9,319,
890394,OK,19,298,
890564,OK,12,389,
890821,OK,12,284,
890926,OK,8,336,
891014,OK,11,410,
891024,OK,9,430,
891166,OK,7,350,
891293,OK,20,293,
891482,OK,15,349,
891532,OK,12,453,
892222,OK,13,281,
892482,OK,18,541,
892553,OK,16,467,
893538,OK,11,350,
893691,OK,7,358,
893847,OK,6,259,
893949,OK,9,415,
894081,OK,10,550,
894158,OK,5,226,
894315,OK,17,467,
894671,OK,7,183,
895051,OK,10,332,
895126,OK,15,404,
895417,OK,15,414,
895419,OK,13,379,
895421,OK,11,492,
895447,OK,10,406,
895456,OK,12,338,
895728,OK,4,148,
896156,OK,12,554,
896159,OK,5,266,
896262,OK,8,320,
896264,OK,10,340,
896429,OK,16,767,
896622,OK,13,517,
896841,OK,20,799,
896878,OK,15,472,
896985,OK,9,157,
897077,OK,9,430,
897429,OK,8,394,
897723,OK,9,364,
898173,OK,6,327,
898174,OK,7,352,
898293,OK,10,332,
898437,OK,13,517,
898770,OK,15,396,
899051,OK,9,341,
899460,OK,16,311,
899629,OK,12,336,
899689,OK,12,342,
899715,OK,4,58,
899751,OK,12,452,
899866,OK,11,280,
899923,OK,18,520,
900075,OK,14,563,
902274,OK,10,210,
902791,OK,9,331,
903419,OK,5,187,
903651,OK,9,344,
904979,OK,7,250,
906163,OK,7,294,
906345,OK,12,391,
906465,OK,7,291,
906553,OK,12,381,
906709,OK,16,361,
907242,OK,14,374,
907254,OK,13,507,
907471,OK,9,365,
907654,OK,7,173,
908255,OK,9,345,
908311,OK,9,428,
908315,OK,16,432,
908937,OK,14,367,
909724,OK,12,478,
910073,OK,8,337,
910108,OK,11,359,
910329,OK,10,465,
910406,OK,8,315,
910521,OK,8,394,
910606,OK,8,232,
910612,OK,14,358,
910638,OK,18,396,
911109,OK,11,211,
911147,OK,13,417,
911216,OK,13,360,
911649,OK,11,199,
912061,OK,16,327,
912093,OK,15,541,
912242,OK,10,356,
912463,OK,11,384,
912562,OK,10,430,
912593,OK,12,513,
912595,OK,5,219,
912615,OK,9,407,
912728,OK,12,372,
912766,OK,12,359,
912767,OK,15,490,
913142,OK,15,527,
913144,OK,5,342,
913241,OK,9,476,
913277,OK,9,414,
913341,OK,8,275,
913760,OK,15,582,
914122,OK,13,444,
914156,OK,9,369,
914208,OK,12,401,
914475,OK,12,392,
915358,OK,11,406,
915389,OK,7,395,
915840,OK,12,402,
915912,OK,11,466,
915913,OK,7,406,
916076,OK,13,425,
916457,OK,14,231,
916540,OK,9,373,
916789,OK,11,382,
916907,OK,5,197,
917251,OK,16,531,
917273,OK,17,757,
917470,OK,9,383,
917491,OK,16,514,
917520,OK,13,371,
918251,OK,9,389,
918541,OK,15,403,
918646,OK,9,345,
918965,OK,12,324,
919012,OK,9,340,
919864,OK,6,227,
919956,OK,11,374,
920112,OK,5,347,
920148,OK,15,561,
920371,OK,10,336,
920424,OK,12,149,
920448,OK,17,156,
920522,OK,12,361,
921082,OK,9,263,
921183,OK,4,220,
921582,OK,19,586,
921638,OK,8,85,
921738,OK,14,422,
921825,OK,6,380,
922224,OK,9,421,
922358,OK,16,370,
923139,OK,7,362,
923796,OK,8,334,
924383,OK,18,442,
924717,OK,13,434,
924719,OK,16,478,
924901,OK,11,396,
925741,OK,11,274,
926282,OK,15,427,
926326,OK,21,440,
926423,OK,10,450,
927003,OK,16,540,
927066,OK,15,524,
927355,OK,10,345,
927628,OK,7,412,
927653,OK,11,353,
928022,OK,9,330,
928340,OK,16,447,
929008,OK,13,431,
929545,OK,8,242,
930236,OK,6,303,
930420,OK,10,384,
931015,OK,16,721,
931148,OK,19,334,
931584,OK,8,313,
932696,OK,16,448,
933034,OK,9,302,
933136,OK,10,327,
933141,OK,7,127,
933972,OK,10,223,
933974,OK,15,413,
934549,OK,16,460,
935036,OK,22,608,
935419,OK,18,520,
935494,OK,15,379,
935703,OK,10,399,
936340,OK,12,504,
936395,OK,16,441,
936468,OK,14,502,
937098,OK,11,374,
937556,OK,18,625,
939767,OK,17,479,
939930,OK,9,463,
940944,OK,9,378,
943034,OK,14,482,
943452,OK,10,386,
943819,OK,11,384,
943861,OK,9,242,
944075,OK,13,508,
944148,OK,9,549,
944314,OK,10,437,
944480,OK,14,403,
944695,OK,8,386,
944745,OK,6,320,
944809,OK,17,398,
945114,OK,11,448,
945394,OK,9,358,
945764,OK,7,335,
945841,OK,7,418,
945983,OK,11,328,
946581,OK,15,482,
946647,OK,6,285,
946673,OK,8,344,
947484,OK,11,350,
948320,OK,17,466,
948708,OK,12,442,
949039,OK,16,429,
949157,OK,11,385,
949858,OK,7,148,
1000209,OK,4,155,
1000228,OK,9,368,
1000230,OK,8,280,
1000298,OK,8,347,
1000623,OK,16,452,
1000694,OK,19,407,
1000753,OK,6,299,
1001115,OK,15,540,
1001258,OK,8,194,
1001316,OK,14,341,
1001385,OK,15,505,
1001838,OK,11,401,
1001902,OK,18,472,
1001907,OK,9,286,
1002047,OK,16,414,
1002517,OK,18,621,
1002590,OK,13,440,
1002638,OK,15,453,
1002910,OK,14,460,
1003201,OK,8,149,
1004434,OK,6,304,
1004702,OK,6,313,
1004980,OK,8,307,
1005210,OK,14,457,
1005229,OK,16,461,
1005409,OK,7,171,
1005757,OK,17,516,
1006045,OK,13,413,
1006269,OK,6,179,
1006837,OK,21,621,
1007019,OK,11,305,
1007330,OK,12,304,
1008586,OK,21,542,
1009829,OK,9,362,
1010086,OK,19,405,
1010470,OK,5,204,
1010612,OK,12,363,
1011432,OK,13,437,
1011570,OK,10,248,
1012477,OK,12,368,
1013237,OK,13,422,
1013272,OK,9,387,
1013462,OK,14,389,
1013857,OK,21,481,
1013880,OK,16,555,
1013934,OK,13,356,
1014739,OK,12,371,
1014763,OK,9,259,
1015328,OK,12,522,
1015383,OK,13,272,
1015780,OK,9,227,
1016169,OK,19,405,
1016281,OK,12,474,
1017303,OK,13,450,
1017480,OK,10,414,
1017673,OK,12,263,
1018164,OK,14,516,
1018724,OK,20,585,
1018963,OK,7,390,
1018979,OK,6,319,
1019849,OK,12,406,
1020214,OK,16,285,
1020569,OK,12,466,
1020710,OK,10,397,
1020859,OK,11,523,
1021162,OK,16,371,
1021270,OK,21,400,
1021604,OK,15,336,
1021635,OK,8,406,
1021860,OK,13,432,
1022079,OK,9,389,
1022408,OK,21,591,
1022652,OK,13,395,
1022671,OK,11,497,
1023024,OK,14,482,
1023313,OK,13,511,
1023364,OK,16,514,
1023459,OK,16,583,
1024478,OK,16,462,
1024795,OK,10,311,
1025378,OK,16,501,
1025835,OK,4,224,
1025996,OK,11,401,
1027838,OK,12,467,
1028918,OK,7,284,
1028954,OK,6,142,
1029142,OK,15,340,
1029199,OK,12,497,
1029800,OK,5,215,
1030469,OK,10,283,
1031029,OK,13,417,
1031203,OK,9,346,
1031235,OK,9,282,
1031296,OK,11,450,
1031623,OK,19,465,
1032033,OK,3,179,
1032220,OK,15,519,
1032975,OK,8,356,
1033012,OK,6,269,
1033905,OK,15,342,
1034670,OK,12,335,
1034842,OK,11,357,
1035092,OK,9,350,
1035201,OK,9,419,
1035267,OK,18,641,
1035443,OK,7,284,
1035976,OK,7,324,
1035983,OK,13,490,
1036044,OK,16,397,
1036848,OK,17,329,
1037016,OK,13,122,
1037390,OK,11,396,
1037540,OK,11,408,
1037646,OK,12,554,
1037676,OK,7,353,
1037868,OK,10,359,
1037976,OK,10,383,
1038074,OK,13,405,
1038357,OK,11,358,
1038773,OK,10,326,
1039065,OK,17,451,
1039280,OK,18,580,
1039399,OK,13,474,
1039828,OK,6,331,
1040130,OK,9,330,
1040161,OK,16,533,
1040470,OK,15,645,
1040829,OK,11,314,
1040896,OK,15,442,
1040971,OK,10,333,
1041024,OK,12,257,
1041061,OK,13,369,
1041368,OK,7,232,
1041514,OK,12,548,
1041803,OK,15,510,
1041859,OK,15,502,
1042046,OK,5,342,
1042074,OK,9,219,
1042729,OK,6,231,
1043000,OK,16,456,
1043186,OK,17,317,
1043219,OK,5,193,
1043277,OK,9,467,
1043337,OK,12,445,
1043604,OK,14,378,
1043961,OK,17,398,
1044777,OK,17,446,
1045309,OK,16,468,
1045450,OK,11,455,
1045609,OK,10,389,
1045742,OK,9,411,
1045810,OK,17,533,
1046050,OK,5,250,
1046203,OK,7,292,
1046257,OK,8,327,
1046327,OK,15,495,
1046568,OK,13,330,
1046995,OK,15,475,
1047122,OK,13,239,
1047127,OK,9,397,
1047862,OK,13,415,
1047884,OK,6,262,
1048268,OK,12,462,
1048477,OK,13,395,
1048695,OK,17,601,
1048911,OK,8,410,
1049502,OK,15,392,
1049521,OK,12,565,
1049782,OK,5,363,
1050377,OK,11,390,
1050743,OK,8,367,
1050797,OK,11,432,
1050915,OK,11,473,
1051343,OK,7,328,
1051470,OK,15,635,
1051627,OK,11,488,
1052595,OK,18,238,
1053352,OK,10,374,
1053584,OK,5,212,
1053706,OK,10,383,
1054905,OK,8,254,
1055160,OK,8,228,
1055726,OK,16,398,
1056358,OK,15,437,
1056386,OK,13,197,
1056696,OK,17,472,
1056903,OK,16,566,
1056943,OK,5,240,
1057060,OK,9,447,
1057352,OK,15,461,
1057379,OK,12,400,
1057706,OK,9,377,
1057877,OK,14,564,
1058090,OK,12,359,
1058307,OK,11,328,
1058811,OK,18,505,
1058867,OK,4,224,
1059262,OK,15,534,
1060219,OK,5,203,
1060391,OK,11,459,
1060736,OK,16,365,
1060822,OK,11,372,
1061219,OK,13,433,
1061983,OK,15,308,
1062822,OK,17,439,
1063344,OK,15,520,
1065088,OK,14,561,
1065280,OK,8,475,
1065332,OK,11,299,
1065696,OK,8,336,
1066194,OK,18,453,
1066605,OK,15,508,
1066923,OK,11,291,
1067294,OK,10,378,
1067701,OK,17,617,
1068851,OK,6,291,
1069157,OK,7,356,
1069183,OK,15,389,
1069202,OK,9,389,
1069258,OK,15,412,
1069308,OK,10,191,
1069533,OK,10,405,
1069878,OK,9,425,
1070081,OK,20,352,
1070235,OK,12,293,
1070296,OK,6,277,
1070412,OK,25,442,
1070423,OK,8,266,
1070494,OK,12,294,
1070524,OK,8,288,
1070680,OK,8,331,
1070750,OK,12,320,
1070985,OK,10,389,
1071236,OK,6,204,
1071255,OK,18,416,
1071739,OK,9,398,
1071993,OK,10,205,
1073429,OK,8,310,
1074871,OK,7,194,
1074902,OK,4,222,
1075415,OK,7,319,
1075531,OK,14,364,
1075607,OK,7,161,
1075736,OK,15,377,
1076930,OK,11,377,
1077183,OK,13,487,
1077688,OK,9,389,
1077771,OK,8,308,
1078075,OK,15,438,
1078099,OK,12,257,
1078271,OK,16,541,
1080014,OK,12,374,
1080340,OK,7,292,
1080657,OK,6,220,
1080709,OK,17,352,
1082038,OK,17,426,
1082324,OK,13,311,
1082554,OK,9,349,
1083220,OK,13,300,
1083301,OK,9,280,
1083446,OK,20,391,
1083743,OK,13,295,
1084048,OK,18,680,
1084384,OK,12,226,
1084554,OK,9,219,
1084765,OK,10,372,
1084961,OK,8,382,
1084991,OK,16,501,
1085243,OK,16,322,
1085869,OK,19,512,
1086222,OK,13,502,
1086600,OK,12,279,
1087294,OK,12,415,
1088034,OK,11,341,
1088856,OK,8,323,
1089063,OK,8,398,
1089143,OK,14,415,
1089511,OK,15,307,
1089907,OK,11,395,
1090009,OK,8,351,
1090061,OK,8,170,
1090872,OK,15,439,
1091748,OK,8,305,
1091883,OK,12,477,
1092289,OK,12,210,
1092662,OK,16,363,
1092699,OK,12,426,
1092796,OK,11,392,
1093082,OK,11,440,
1093557,OK,15,358,
1093672,OK,7,266,
1093691,OK,21,503,
1094038,OK,12,241,
1094285,OK,12,483,
1094810,OK,6,135,
1095315,OK,19,376,
1095565,OK,12,426,
1096056,OK,8,326,
1096275,OK,10,243,
1096343,OK,6,386,
1096752,OK,8,344,
1097149,OK,13,607,
1097864,OK,13,431,
1098146,OK,7,293,
1098151,OK,6,291,
1098972,OK,16,355,
1099219,OK,9,419,
1099590,OK,11,586,
1099800,OK,10,333,
1100682,OK,15,433,
1101215,OK,17,452,
1101239,OK,17,514,
1101302,OK,10,486,
1102112,OK,9,421,
1102238,OK,13,364,
1102934,OK,14,440,
1102993,OK,22,484,
1103021,OK,14,336,
1104038,OK,11,282,
1104188,OK,13,79,
1104506,OK,8,354,
1104657,OK,18,610,
1104855,OK,20,419,
1106838,OK,17,261,
1107421,OK,15,266,
1107843,OK,13,500,
1108109,OK,9,382,
1108205,OK,10,303,
1108320,OK,12,269,
1108426,OK,11,526,
1108524,OK,17,478,
1108827,OK,16,267,
1109242,OK,6,222,
1109354,OK,20,563,
1109357,OK,23,693,
1109546,OK,5,192,
1110611,OK,10,146,
1110803,OK,13,485,
1110805,OK,13,255,
1111335,OK,12,385,
1111485,OK,9,120,
1111711,OK,17,535,
1111928,OK,12,523,
1112920,OK,17,438,
1113232,OK,15,481,
1113256,OK,11,389,
1113809,OK,16,440,
1114483,OK,9,375,
1114925,OK,23,416,
1114927,OK,8,326,
1114995,OK,17,350,
1115055,OK,6,279,
1115128,OK,13,440,
1116132,OK,12,449,
1116463,OK,15,383,
1116942,OK,10,351,
1117057,OK,16,391,
1117171,OK,12,349,
1117297,OK,13,444,
1117480,OK,11,343,
1118417,OK,16,425,
1120193,OK,16,425,
1120370,OK,10,380,
1120914,OK,17,483,
1121142,OK,10,352,
1121484,OK,17,512,
1121788,OK,15,394,
1122063,OK,11,162,
1122904,OK,16,488,
1122976,OK,10,391,
1123360,OK,10,390,
1123494,OK,17,542,
1124140,OK,13,549,
1124198,OK,9,414,
1124524,OK,14,389,
1124796,OK,13,374,
1125345,OK,14,375,
1125376,OK,12,328,
1126234,OK,15,306,
1126328,OK,7,292,
1126741,OK,11,412,
1126956,OK,12,471,
1126975,OK,22,508,
1127537,OK,8,172,
1127703,OK,7,303,
1128361,OK,4,224,
1128928,OK,9,342,
1129155,OK,9,244,
1130144,OK,7,285,
1130310,OK,12,547,
1131554,OK,13,441,
1132105,OK,14,483,
1132651,OK,6,197,
1133311,OK,12,377,
1133416,OK,5,122,
1133470,OK,8,324,
1133869,OK,13,350,
1136352,OK,13,355,
1136869,OK,10,337,
1136893,OK,14,540,
1137091,OK,8,301,
1137774,OK,9,461,
1137789,OK,8,309,
1138639,OK,19,577,
1138723,OK,20,546,
1140102,OK,19,411,
1141284,OK,13,86,
1141688,OK,5,232,
1141807,OK,6,220,
1142417,OK,15,418,
1142596,OK,10,329,
1142750,OK,13,433,
1144215,OK,10,481,
1144980,OK,13,541,
1145057,OK,14,195,
1145197,OK,14,423,
1145255,OK,7,279,
1145986,OK,17,322,
1156039,OK,9,489,
1156388,OK,10,305,
1157075,OK,7,306,
1157408,OK,15,485,
1157601,OK,8,251,
1157647,OK,8,351,
1157762,OK,11,379,
1158114,OK,9,325,
1158172,OK,13,365,
1158324,OK,10,397,
1158449,OK,6,319,
1158463,OK,10,398,
1158780,OK,13,219,
1158895,OK,14,458,
1159036,OK,20,615,
1159281,OK,12,337,
1160308,OK,11,182,
1160951,OK,9,123,
1160958,OK,9,242,
1161154,OK,17,281,
1161728,OK,12,476,
1162112,OK,12,396,
1162194,OK,17,380,
1163302,OK,10,451,
1163370,OK,7,274,
1163668,OK,4,156,
1163739,OK,10,345,
1164863,OK,16,451,
1165002,OK,12,485,
1166388,OK,17,573,
1166691,OK,10,439,
1166928,OK,5,224,
1168054,OK,8,198,
1168455,OK,6,278,
1169561,OK,15,430,
1169652,OK,13,362,
1169770,OK,9,230,
1169988,OK,13,317,
1170010,OK,11,443,
1170991,OK,6,80,
1171486,OK,19,625,
1171662,OK,10,313,
1171759,OK,12,324,
1171825,OK,7,296,
1172052,OK,8,331,
1172222,OK,9,363,
1173281,OK,7,154,
1173313,OK,8,270,
1173431,OK,7,226,
1173489,OK,15,419,
1174850,OK,10,300,
1174922,OK,14,448,
1175151,OK,14,345,
1175454,OK,8,470,
1175505,OK,16,230,
1175535,OK,11,368,
1176309,OK,16,402,
1176334,OK,10,308,
1176948,OK,8,206,
1177394,OK,14,363,
1177609,OK,8,357,
1177648,OK,10,368,
1177702,OK,8,327,
1178253,OK,12,314,
1178670,OK,14,372,
1178697,OK,9,240,
1178711,OK,10,297,
1178879,OK,12,270,
1178970,OK,6,352,
1179929,OK,13,395,
1180145,OK,14,515,
1180262,OK,9,330,
1185348,OK,7,358,
1187953,OK,8,269,
1192448,OK,10,314,
1195734,OK,12,356,
1196298,OK,16,238,
1196501,OK,11,264,
1200375,OK,22,509,
1201792,OK,10,369,
1206264,OK,11,490,
1207074,OK,12,352,
1209028,OK,4,173,
1210677,OK,8,156,
1210708,OK,11,362,
1211351,OK,9,194,
1211583,OK,7,328,
1211805,OK,10,225,
1212458,OK,14,284,
1213037,OK,14,373,
1214816,OK,7,306,
1217234,OK,19,469,
1219601,OK,12,460,
1220754,OK,13,403,
1224608,OK,4,282,
1226616,OK,9,187,
1227025,OK,12,493,
1227636,OK,12,415,
1227654,OK,8,513,
1228627,OK,11,174,
1232524,OK,12,378,
1232582,OK,14,429,
1234006,OK,7,343,
1235010,OK,16,242,
1235468,OK,11,419,
1235912,OK,7,98,
1236997,OK,13,362,
1237746,OK,14,340,
1252849,OK,14,346,
1253986,OK,10,223,
1255474,OK,9,297,
1257640,OK,8,265,
1259429,OK,2,6,
1260221,OK,10,302,
1260968,OK,11,315,
1260990,OK,8,240,
1261333,OK,9,317,
1261654,OK,9,383,
1262039,OK,15,425,
1262823,OK,7,385,
1262976,OK,9,374,
1263762,OK,13,252,
1264587,OK,8,87,
1265131,OK,6,315,
1266806,OK,11,233,
1267238,OK,8,412,
1267395,OK,5,124,
1267565,OK,12,387,
1267602,OK,8,260,
1267813,OK,9,167,
1269021,OK,14,167,
1269026,OK,13,384,
1270073,OK,15,455,
1271214,OK,10,333,
1272830,OK,16,413,
1272842,OK,12,426,
1273636,OK,13,346,
1273685,OK,8,291,
1273813,OK,6,356,
1273931,OK,10,471,
1274173,OK,12,344,
1274494,OK,13,527,
1274737,OK,10,184,
1274792,OK,6,142,
1275101,OK,8,261,
1275168,OK,8,125,
1276187,OK,18,386,
1277250,OK,7,53,
1277902,OK,8,297,
1278021,OK,15,355,
1278027,OK,7,328,
1278680,OK,1,45,
1278752,OK,2,6,
1279704,OK,6,163,
1280058,OK,16,455,
1280263,OK,12,338,
1280600,OK,14,249,
1280776,OK,8,177,
1280784,OK,4,12,
1281761,OK,7,333,
1281895,OK,11,281,
1282224,OK,16,452,
1282637,OK,9,272,
1282977,OK,9,409,
1283630,OK,9,295,
1283699,OK,12,518,
1284812,OK,8,461,
1285550,OK,16,391,
1285785,OK,13,391,
1285819,OK,10,276,
1286043,OK,12,396,
1286139,OK,9,135,
1286225,OK,12,294,
1286613,OK,11,384,
1286681,OK,9,395,
1287032,OK,3,11,
1287098,OK,12,172,
1287213,OK,10,381,
1287750,OK,3,10,
1287808,OK,20,552,
1287865,OK,12,412,
1288403,OK,13,238,
1288469,OK,15,517,
1288847,OK,15,548,
1289308,OK,13,455,
1289419,OK,13,551,
1289460,OK,14,351,
1289490,OK,12,443,
1289636,OK,11,402,
1289848,OK,17,765,
1289850,OK,12,354,
1289945,OK,15,411,
1290149,OK,7,149,
1290476,OK,8,340,
1290677,OK,7,349,
1290900,OK,7,438,
1293282,OK,13,384,
1293971,OK,15,331,
1294133,OK,14,554,
1295401,OK,5,225,
1295810,OK,14,329,
1295947,OK,10,459,
1296205,OK,11,276,
1296435,OK,9,340,
1296445,OK,15,487,
1297184,OK,12,465,
1297341,OK,9,179,
1297989,OK,11,458,
1297996,OK,11,358,
1298675,OK,13,461,
1298946,OK,13,359,
1299130,OK,15,409,
1299709,OK,6,247,
1300514,OK,13,426,
1301236,OK,13,340,
1302028,OK,15,491,
1302343,OK,17,120,
1302350,OK,13,395,
1303313,OK,10,380,
1303942,OK,8,282,
1304421,OK,10,319,
1304492,OK,18,414,
1305168,OK,10,317,
1305773,OK,15,378,
1307579,OK,10,323,
1307748,OK,15,392,
1307954,OK,11,483,
1308208,OK,9,397,
1308606,OK,9,397,
1309108,OK,19,538,
1309402,OK,16,447,
1310114,OK,10,325,
1313275,OK,18,509,
1314052,OK,6,103,
1314102,OK,14,348,
1314196,OK,15,212,
1314727,OK,9,310,
1314772,OK,10,248,
1315257,OK,15,443,
1315399,OK,6,276,
1316517,OK,16,399,
1316835,OK,8,386,
1317945,OK,7,252,
1318008,OK,10,331,
1318220,OK,14,450,
1318484,OK,10,429,
1318568,OK,10,443,
1318605,OK,20,527,
1320350,OK,11,185,
1320414,OK,11,367,
1320461,OK,11,502,
1320695,OK,11,454,
1320760,OK,10,316,
1320854,OK,13,500,
1321646,OK,10,428,
1321732,OK,10,550,
1322439,OK,10,336,
1322505,OK,12,250,
1323468,OK,8,307,
1323648,OK,9,243,
1323885,OK,11,348,
1324272,OK,13,423,
1324404,OK,13,511,
1324424,OK,11,375,
1324948,OK,17,408,
1325618,OK,13,476,
1325670,OK,6,234,
1325702,OK,13,437,
1325879,OK,16,383,
1325964,OK,7,162,
1326003,OK,3,10,
1326089,OK,7,78,
1326110,OK,10,328,
1326160,OK,15,625,
1326190,OK,14,289,
1326200,OK,10,418,
1326732,OK,13,304,
1327318,OK,10,282,
1327567,OK,16,409,
1327607,OK,8,354,
1327688,OK,18,400,
1328143,OK,11,193,
1328237,OK,2,45,
1328581,OK,8,325,
1328598,OK,6,168,
1328792,OK,15,422,
1329606,OK,15,314,
1330568,OK,1,45,
1331520,OK,5,236,
1331875,OK,11,351,
1332174,OK,2,112,
1332349,OK,20,469,
1332551,OK,11,374,
1333274,OK,9,348,
1333493,OK,11,379,
1333822,OK,10,381,
1333986,OK,7,363,
1334036,OK,9,340,
1334325,OK,14,449,
1334978,OK,14,505,
1335258,OK,13,484,
1336920,OK,15,524,
1337068,OK,7,225,
1337298,OK,16,394,
1337553,OK,8,260,
1337619,OK,19,495,
1338065,OK,13,415,
1338749,OK,10,344,
1339005,OK,6,104,
1339469,OK,6,161,
1339605,OK,10,377,
1339970,OK,7,192,
1340122,OK,9,355,
1340652,OK,16,447,
1341235,OK,6,150,
1341317,OK,4,204,
1341318,OK,6,263,
1341439,OK,18,480,
1341766,OK,17,365,
1342287,OK,13,444,
1342423,OK,19,592,
1345016,OK,13,412,
1345126,OK,12,325,
1346830,OK,11,355,
1347178,OK,10,440,
1347858,OK,15,348,
1348036,OK,15,473,
1348362,OK,17,297,
1348911,OK,13,254,
1350102,OK,14,245,
1350381,OK,10,233,
1350653,OK,12,379,
1351285,OK,15,282,
1351288,OK,8,200,
1352010,OK,11,478,
1353283,OK,18,611,
1353611,OK,6,169,
1353612,OK,6,197,
1353613,OK,6,205,
1353614,OK,6,201,
1353615,OK,6,195,
1354327,OK,7,350,
1354730,OK,2,45,
1354866,OK,16,317,
1355839,OK,18,464,
1356090,OK,18,385,
1356093,OK,23,545,
1356104,OK,15,236,
1356115,OK,4,6,
1356576,OK,13,363,
1356949,OK,9,257,
1357204,OK,23,401,
1357459,OK,10,197,
1357615,OK,13,424,
1357874,OK,12,193,
1357971,OK,9,425,
1358071,OK,10,213,
1358356,OK,8,301,
1359841,OK,10,346,
1359931,OK,7,171,
1360565,OK,23,535,
1361113,OK,17,395,
1361538,OK,12,498,
1361658,OK,20,565,
1361983,OK,16,401,
1362004,OK,12,420,
1362190,OK,17,366,
1362468,OK,10,422,
1362705,OK,12,213,
1363829,OK,9,375,
1364250,OK,10,385,
1364479,OK,12,405,
1364954,OK,17,545,
1365038,OK,14,196,
1365135,OK,10,526,
1366246,OK,17,464,
1366340,OK,8,161,
1366868,OK,16,427,
1367083,OK,18,418,
1367644,OK,19,392,
1367920,OK,19,344,
1368265,OK,18,418,
1368458,OK,10,371,
1368514,OK,18,391,
1368622,OK,13,449,
1369568,OK,11,289,
1370053,OK,9,253,
1370450,OK,9,520,
1370637,OK,16,391,
1370755,OK,3,10,
1370880,OK,17,356,
1370946,OK,11,395,
1371285,OK,8,408,
1371489,OK,13,395,
1372020,OK,12,418,
1372299,OK,15,259,
1372514,OK,14,249,
1372807,OK,3,10,
1373670,OK,11,469,
1373707,OK,9,160,
1373715,OK,18,476,
1374310,OK,15,396,
1374328,OK,11,354,
1374339,OK,4,23,
1374535,OK,11,344,
1374690,OK,7,240,
1375063,OK,12,94,
1375151,OK,18,316,
1375365,OK,16,531,
1375686,OK,9,89,
1375796,OK,10,161,
1376139,OK,15,393,
1376321,OK,11,249,
1376339,OK,9,272,
1376986,OK,11,314,
1377121,OK,15,284,
1377630,OK,16,377,
1377789,OK,20,456,
1377936,OK,4,11,
1378590,OK,16,329,
1378946,OK,8,372,
1378950,OK,11,373,
1378992,OK,9,391,
1379041,OK,7,309,
1379661,OK,17,240,
1379785,OK,3,10,
1380846,OK,4,200,
1381435,OK,9,125,
1381531,OK,10,371,
1381668,OK,6,298,
1382101,OK,11,256,
1382230,OK,7,344,
1382821,OK,7,271,
1383054,OK,2,43,
1383055,OK,2,45,
1383057,OK,2,45,
1383058,OK,2,45,
1383062,OK,2,45,
1383082,OK,2,45,
1383084,OK,2,45,
1383151,OK,2,45,
1383312,OK,13,381,
1383414,OK,1,3,
1384101,OK,15,344,
1385157,OK,11,405,
1385280,OK,15,394,
1385818,OK,19,403,
1385867,OK,18,412,
1386301,OK,15,322,
1387467,OK,9,314,
1388430,OK,12,435,
1388658,OK,13,405,
1389050,OK,15,425,
1389170,OK,17,463,
1390162,OK,9,375,
1390478,OK,10,171,
1390777,OK,10,415,
1390844,OK,7,177,
1392380,OK,13,321,
1392694,OK,12,359,
1392972,OK,25,804,
1393066,OK,8,329,
1393311,OK,10,458,
1393434,OK,12,292,
1393612,OK,6,278,
1393726,OK,14,451,
1393818,OK,7,317,
1393883,OK,19,637,
1394056,OK,15,436,
1395848,OK,8,147,
1395937,OK,12,282,
1396009,OK,13,492,
1396440,OK,3,10,
1396536,OK,18,419,
1396814,OK,16,491,
1396878,OK,4,149,
1397016,OK,13,368,
1397183,OK,9,92,
1397187,OK,8,370,
1397702,OK,5,176,
1397911,OK,13,615,
1398659,OK,18,722,
1398733,OK,11,278,
1398805,OK,15,343,
1398987,OK,15,492,
1399520,OK,16,439,
1399529,OK,15,246,
1399935,OK,15,260,
1400810,OK,7,336,
1401040,OK,6,112,
1401257,OK,12,440,
1401564,OK,9,411,
1401667,OK,11,311,
1401680,OK,14,276,
1401914,OK,11,196,
1402057,OK,10,435,
1402328,OK,9,307,
1402436,OK,21,604,
1402479,OK,16,276,
1402829,OK,12,361,
1403431,OK,16,586,
1403475,OK,5,226,
1403528,OK,8,257,
1403568,OK,14,509,
1403708,OK,7,180,
1403853,OK,13,389,
1404123,OK,12,274,
1404281,OK,7,124,
1404644,OK,7,187,
1404655,OK,18,476,
1404912,OK,9,202,
1405495,OK,21,547,
1405528,OK,4,143,
1406666,OK,17,465,
1407067,OK,7,150,
1407623,OK,6,300,
1408075,OK,13,415,
1408100,OK,12,360,
1408198,OK,13,567,
1408278,OK,17,245,
1408443,OK,4,83,
1408534,OK,4,157,
1408710,OK,9,484,
1409171,OK,18,579,
1409375,OK,17,595,
1409493,OK,4,179,
1410098,OK,15,375,
1410384,OK,17,476,
1410428,OK,19,481,
1410636,OK,12,483,
1410939,OK,12,233,
1411009,OK,8,20,
1411207,OK,15,494,
1411342,OK,2,84,
1411494,OK,12,266,
1411579,OK,16,568,
1411685,OK,16,278,
1411690,OK,12,280,
1412100,OK,7,257,
1412408,OK,11,238,
1412486,OK,8,208,
1412665,OK,5,224,
1412707,OK,5,176,
1413329,OK,8,429,
1413837,OK,7,342,
1414767,OK,11,464,
1417398,OK,10,409,
1417663,OK,14,390,
1418076,OK,3,20,
1418091,OK,15,502,
1418100,OK,17,360,
1418121,OK,9,225,
1418135,OK,12,374,
1418819,OK,18,557,
1419041,OK,12,216,
1419536,OK,5,160,
1419554,OK,5,134,
1419612,OK,19,600,
1419951,OK,15,433,
1420302,OK,14,245,
1420520,OK,14,286,
1420720,OK,15,313,
1420800,OK,12,441,
1420811,OK,7,187,
1421461,OK,10,293,
1421517,OK,19,539,
1422143,OK,6,146,
1422183,OK,3,10,
1422222,OK,4,24,
1422892,OK,15,335,
1423221,OK,12,444,
1423689,OK,4,234,
1423869,OK,6,298,
1423902,OK,11,267,
1424182,OK,13,521,
1424929,OK,11,368,
1425205,OK,7,235,
1425287,OK,11,346,
1425292,OK,14,445,
1425355,OK,5,73,
1425450,OK,13,331,
1426332,OK,7,178,
1426800,OK,16,346,
1426945,OK,8,315,
1428205,OK,4,235,
1428336,OK,9,389,
1428522,OK,12,238,
1428875,OK,17,375,
1429260,OK,21,434,
1429764,OK,25,544,
1430306,OK,6,154,
1430723,OK,6,275,
1431567,OK,6,229,
1432133,OK,10,118,
1433270,OK,14,530,
1433607,OK,7,208,
1434316,OK,12,289,
1434418,OK,5,116,
1434524,OK,11,338,
1434588,OK,14,492,
1434621,OK,12,590,
1434647,OK,9,225,
1434728,OK,14,584,
1434868,OK,8,284,
1435049,OK,16,297,
1435064,OK,15,440,
1435508,OK,10,395,
1436126,OK,12,384,
1436208,OK,6,264,
1436229,OK,12,213,
1436425,OK,5,224,
1437071,OK,5,183,
1437352,OK,14,360,
1437402,OK,12,331,
1437557,OK,10,156,
1437578,OK,15,446,
1437925,OK,13,387,
1437958,OK,5,226,
1438133,OK,10,320,
1438231,OK,18,482,
1438423,OK,15,327,
1438533,OK,8,314,
1439095,OK,12,450,
1439222,OK,19,383,
1439288,OK,9,410,
1439725,OK,7,104,
1441236,OK,7,345,
1442145,OK,14,524,
1442236,OK,13,306,
1442626,OK,15,519,
1442836,OK,11,374,
1443669,OK,8,297,
1444363,OK,12,232,
1444380,OK,9,331,
1447028,OK,12,331,
1447051,OK,9,362,
1447362,OK,9,225,
1448056,OK,15,424,
1448431,OK,18,465,
1448893,OK,5,347,
1449488,OK,19,464,
1449792,OK,13,369,
1450704,OK,10,84,
1451505,OK,16,456,
1451809,OK,7,190,
1452477,OK,3,45,
1454789,OK,9,180,
1454938,OK,8,148,
1455365,OK,4,48,
1455863,OK,10,387,
1456772,OK,10,253,
1458412,OK,8,199,
1459200,OK,14,440,
1459839,OK,7,195,
1460329,OK,12,306,
1461119,OK,9,159,
1461755,OK,3,126,
1462120,OK,8,296,
1462418,OK,10,455,
1463101,OK,13,485,
1463172,OK,15,400,
1463258,OK,17,653,
1463972,OK,18,499,
1464343,OK,9,321,
1464423,OK,6,266,
1464790,OK,24,616,
1464963,OK,4,14,
1465128,OK,8,360,
1465740,OK,5,234,
1465885,OK,4,179,
1466026,OK,6,265,
1466085,OK,12,362,
1466538,OK,20,804,
1466593,OK,12,393,
1467652,OK,9,184,
1467760,OK,6,287,
1467858,OK,17,491,
1468328,OK,9,389,
1468492,OK,7,31,
1468748,OK,6,162,
1468929,OK,11,267,
1469367,OK,20,533,
1469443,OK,16,305,
1470205,OK,7,276,
1471265,OK,6,290,
1472012,OK,6,78,
1472091,OK,7,168,
1472595,OK,14,434,
1472787,OK,11,355,
1473844,OK,6,216,
1474098,OK,12,362,
1474439,OK,18,361,
1474735,OK,10,364,
1474903,OK,9,442,
1475348,OK,5,200,
1475922,OK,7,304,
1476034,OK,9,287,
1476045,OK,13,466,
1476150,OK,10,357,
1476765,OK,3,9,
1477294,OK,7,386,
1477449,OK,18,428,
1477845,OK,5,86,
1478121,OK,14,356,
1478242,OK,13,388,
1478320,OK,7,190,
1478454,OK,5,212,
1479094,OK,12,281,
1479290,OK,14,306,
1479681,OK,20,403,
1481512,OK,7,98,
1481582,OK,8,332,
1481646,OK,12,200,
1482512,OK,9,337,
1482541,OK,17,371,
1482981,OK,6,73,
1484565,OK,8,181,
1484612,OK,10,166,
1486159,OK,13,345,
1486957,OK,16,556,
1487197,OK,7,272,
1487371,OK,8,287,
1487428,OK,2,6,
1487712,OK,10,461,
1487918,OK,3,10,
1487952,OK,9,414,
1488039,OK,5,141,
1488813,OK,7,274,
1489096,OK,12,399,
1490161,OK,11,302,
1490281,OK,21,493,
1490892,OK,9,278,
1490906,OK,7,369,
1490978,OK,13,284,
1491419,OK,24,330,
1492422,OK,7,164,
1492633,OK,13,473,
1492658,OK,9,194,
1492915,OK,8,209,
1493225,OK,7,309,
1493594,OK,11,453,
1493761,OK,10,456,
1494319,OK,8,452,
1494650,OK,11,250,
1494891,OK,16,433,
1494904,OK,7,282,
1495231,OK,12,352,
1495240,OK,10,251,
1495320,OK,9,363,
1495932,OK,9,393,
1496048,OK,11,312,
1496099,OK,3,10,
1496323,OK,7,132,
1496443,OK,10,327,
1497645,OK,9,359,
1497770,OK,8,388,
1498068,OK,10,261,
1498233,OK,7,71,
1498828,OK,12,405,
1499422,OK,8,395,
1499453,OK,5,223,
1500198,OK,11,204,
1500217,OK,11,507,
1501570,OK,10,245,
1501585,OK,11,419,
1501697,OK,8,179,
1501756,OK,11,276,
1501796,OK,5,44,
1501989,OK,19,389,
1502034,OK,11,251,
1502292,OK,9,246,
1503274,OK,19,497,
1503802,OK,17,308,
1504008,OK,8,412,
1504461,OK,18,478,
1504619,OK,1,3,
1504678,OK,4,206,
1505155,OK,18,364,
1505497,OK,9,202,
1505512,OK,10,257,
1505611,OK,12,161,
1505732,OK,7,318,
1506251,OK,9,162,
1506439,OK,18,388,
1506492,OK,8,233,
1506928,OK,10,272,
1506983,OK,8,227,
1507385,OK,12,367,
1507957,OK,13,324,
1507964,OK,1,54,
1508655,OK,3,8,
1509261,OK,8,159,
1509470,OK,3,10,
1509991,OK,11,337,
1510295,OK,16,517,
1510487,OK,11,166,
1511337,OK,15,464,
1511737,OK,11,365,
1512077,OK,20,312,
1512228,OK,5,112,
1512499,OK,14,427,
1512762,OK,15,371,
1512931,OK,3,8,
1513363,OK,3,10,
1513525,OK,5,109,
1513761,OK,10,402,
1513818,OK,14,223,
1513856,OK,4,92,
1514183,OK,14,206,
1514281,OK,6,247,
1514705,OK,12,403,
1514743,OK,7,332,
1515673,OK,10,263,
1515816,OK,13,270,
1516551,OK,8,195,
1516912,OK,5,210,
1517006,OK,5,36,
1517022,OK,14,427,
1517130,OK,10,280,
1517175,OK,11,395,
1517681,OK,5,109,
1518461,OK,9,309,
1518621,OK,6,157,
1518715,OK,6,292,
1518832,OK,13,278,
1519401,OK,8,461,
1520006,OK,10,491,
1520262,OK,16,287,
1520697,OK,11,484,
1521036,OK,13,340,
1521332,OK,11,464,
1521951,OK,4,212,
1522690,OK,13,286,
1522727,OK,15,352,
1524358,OK,16,456,
1524472,OK,11,583,
1524741,OK,17,457,
1524931,OK,9,360,
1525287,OK,8,197,
1525769,OK,15,583,
1525773,OK,12,191,
1526113,OK,11,401,
1526119,OK,10,313,
1526243,OK,4,44,
1526520,OK,12,385,
1526952,OK,8,196,
1527096,OK,6,82,
1527166,OK,12,365,
1527352,OK,8,20,
1527469,OK,4,161,
1527508,OK,9,162,
1527541,OK,12,346,
1527590,OK,8,264,
1527709,OK,4,77,
1527753,OK,9,292,
1528115,OK,5,79,
1528287,OK,5,94,
1528356,OK,18,454,
1528396,OK,19,612,
1528930,OK,27,720,
1529274,OK,8,126,
1529377,OK,6,257,
1529628,OK,20,504,
1529864,OK,10,433,
1530249,OK,8,340,
1530721,OK,12,413,
1530950,OK,12,463,
1530979,OK,7,125,
1531031,OK,5,220,
1531048,OK,5,148,
1531152,OK,10,377,
1531177,OK,6,68,
1531978,OK,6,88,
1532619,OK,11,294,
1532961,OK,12,472,
1533040,OK,7,204,
1533615,OK,12,400,
1533743,OK,8,133,
1533998,OK,11,280,
1534120,OK,14,221,
1534154,OK,18,449,
1534248,OK,5,92,
1534525,OK,12,183,
1534675,OK,13,429,
1534701,OK,11,417,
1534708,OK,19,399,
1534992,OK,11,423,
1535379,OK,21,342,
1535929,OK,12,368,
1535955,OK,8,224,
1537054,OK,16,442,
1537917,OK,8,175,
1538263,OK,9,254,
1538716,OK,8,218,
1538849,OK,10,319,
1538927,OK,12,106,
1538990,OK,6,371,
1539838,OK,20,520,
1540159,OK,12,256,
1540184,OK,10,234,
1540684,OK,7,249,
1540755,OK,12,313,
1540947,OK,10,141,
1541119,OK,6,276,
1543151,OK,9,233,
1544206,OK,3,10,
1544227,OK,9,210,
1545654,OK,18,517,
1546296,OK,22,412,
1546417,OK,14,395,
1546652,OK,0,0,
1547459,OK,13,473,
1547546,OK,8,247,
1548187,OK,8,131,
1549346,OK,14,499,
1549595,OK,7,134,
1549922,OK,14,271,
1550603,OK,7,440,
1551152,OK,8,334,
1551182,OK,13,515,
1551306,OK,7,259,
1551901,OK,5,14,
1552000,OK,18,572,
1552033,OK,12,479,
1552198,OK,3,10,
1552275,OK,12,305,
1552451,OK,12,206,
1552797,OK,14,393,
1553023,OK,12,286,
1553643,OK,7,127,
1554818,OK,6,86,
1554859,OK,14,405,
1555039,OK,9,201,
1555279,OK,8,126,
1556593,OK,6,325,
1556727,OK,7,256,
1556739,OK,7,161,
1557127,OK,7,58,
1557142,OK,13,263,
1557746,OK,12,318,
1557798,OK,7,187,
1558569,OK,8,95,
1559053,OK,9,309,
1559865,OK,18,580,
1560241,OK,11,259,
1560258,OK,7,193,
1560293,OK,7,50,
1560327,OK,15,416,
1560672,OK,2,106,
1561627,OK,13,245,
1561680,OK,13,399,
1561743,OK,8,211,
1561894,OK,7,314,
1561921,OK,6,157,
1562401,OK,10,297,
1562463,OK,7,349,
1562476,OK,12,404,
1562528,OK,7,426,
1563880,OK,6,111,
1564406,OK,7,58,
1564824,OK,5,145,
1564902,OK,16,419,
1565687,OK,10,81,
1566373,OK,11,242,
1566610,OK,12,259,
1567514,OK,9,231,
1567925,OK,8,462,
1568100,OK,11,273,
1568162,OK,11,415,
1569187,OK,15,497,
1569994,OK,5,224,
1570562,OK,7,210,
1570585,OK,15,431,
1571123,OK,12,519,
1571283,OK,15,469,
1571498,OK,12,427,
1571776,OK,8,415,
1571949,OK,18,440,
1572334,OK,5,212,
1572694,OK,3,10,
1572910,OK,15,206,
1573097,OK,10,290,
1573221,OK,7,224,
1573516,OK,12,371,
1574085,OK,13,379,
1574094,OK,3,26,
1574235,OK,11,277,
1574540,OK,9,366,
1574596,OK,13,372,
1574774,OK,18,360,
1574815,OK,11,325,
1575051,OK,7,176,
1575434,OK,7,170,
1575515,OK,7,322,
1575793,OK,12,264,
1575828,OK,14,322,
1576018,OK,5,360,
1576169,OK,17,458,
1576263,OK,14,328,
1576280,OK,11,305,
1576427,OK,9,359,
1576885,OK,5,48,
1576914,OK,7,181,
1576940,OK,14,340,
1577368,OK,14,339,
1578732,OK,8,386,
1578735,OK,9,309,
1578776,OK,6,241,
1578845,OK,9,191,
1579157,OK,9,344,
1579214,OK,16,485,
1579241,OK,13,371,
1579298,OK,12,425,
1579428,OK,8,177,
1579733,OK,5,170,
1579877,OK,12,487,
1579910,OK,16,281,
1580156,OK,14,440,
1580345,OK,3,10,
1580560,OK,11,138,
1580608,OK,5,213,
1580670,OK,6,328,
1580808,OK,17,457,
1580864,OK,7,138,
1580905,OK,11,455,
1581068,OK,6,324,
1581280,OK,11,250,
1582313,OK,11,244,
1582568,OK,17,605,
1582961,OK,7,145,
1582982,OK,14,309,
1583107,OK,12,370,
1583648,OK,19,379,
1584207,OK,6,313,
1584509,OK,9,384,
1584549,OK,6,190,
1584831,OK,7,292,
1585364,OK,12,433,
1585583,OK,12,336,
1585608,OK,14,301,
1585689,OK,18,557,
1585790,OK,8,183,
1586049,OK,15,241,
1587523,OK,10,434,
1587732,OK,9,529,
1588972,OK,12,333,
1588978,OK,6,84,
1589061,OK,1,3,
1589149,OK,16,255,
1589526,OK,15,616,
1590364,OK,9,403,
1590418,OK,13,297,
1590560,OK,14,275,
1590584,OK,14,400,
1590714,OK,9,379,
1590717,OK,9,434,
1590799,OK,5,172,
1590877,OK,16,383,
1590955,OK,19,626,
1591587,OK,6,203,
1591670,OK,17,451,
1591698,OK,11,493,
1591763,OK,12,263,
1592000,OK,14,515,
1592016,OK,12,418,
1592057,OK,13,245,
1593195,OK,11,260,
1593222,OK,10,302,
1593538,OK,6,296,
1593548,OK,10,377,
1593899,OK,8,116,
1593936,OK,8,239,
1594012,OK,6,288,
1594109,OK,8,229,
1594555,OK,11,353,
1595097,OK,15,305,
1595248,OK,5,186,
1595893,OK,7,147,
1595974,OK,11,466,
1596532,OK,19,594,
1596783,OK,14,458,
1596946,OK,13,372,
1596993,OK,11,416,
1597033,OK,12,429,
1597264,OK,11,325,
1597553,OK,8,343,
1597672,OK,8,356,
1597846,OK,18,387,
1598428,OK,6,289,
1598646,OK,12,191,
1598665,OK,8,359,
1598674,OK,6,86,
1598981,OK,9,84,
1599298,OK,7,144,
1599489,OK,10,437,
1599617,OK,9,356,
1599901,OK,7,150,
1600033,OK,8,390,
1600125,OK,5,236,
1600422,OK,10,355,
1600438,OK,10,430,
1600470,OK,10,228,
1600620,OK,7,145,
1600641,OK,7,116,
1601046,OK,17,569,
1601548,OK,9,429,
1601669,OK,6,136,
1601712,OK,4,246,
1602409,OK,10,323,
1602658,OK,8,247,
1603145,OK,14,452,
1603454,OK,4,139,
1603756,OK,8,205,
1603978,OK,6,238,
1604028,OK,8,334,
1604464,OK,7,183,
1604643,OK,15,507,
1604665,OK,8,310,
1604738,OK,18,564,
1604778,OK,7,319,
1604821,OK,21,433,
1604868,OK,13,370,
1604950,OK,6,118,
1605301,OK,8,278,
1605607,OK,13,407,
1606163,OK,9,391,
1606268,OK,11,388,
1606366,OK,15,410,
1606440,OK,9,243,
1606498,OK,8,387,
1606757,OK,6,314,
1606909,OK,10,380,
1607678,OK,8,254,
1607716,OK,15,295,
1607939,OK,7,114,
1609065,OK,7,220,
1609151,OK,9,103,
1609253,OK,12,423,
1609351,OK,15,156,
1609550,OK,8,264,
1609702,OK,16,506,
1609809,OK,12,319,
1610114,OK,13,443,
1610250,OK,10,390,
1610418,OK,9,175,
1610466,OK,12,310,
1610618,OK,8,259,
1610820,OK,2,8,
1611052,OK,11,145,
1611547,OK,9,334,
1611647,OK,7,328,
1611983,OK,15,357,
1612630,OK,22,505,
1612720,OK,7,349,
1613103,OK,8,367,
1613665,OK,7,311,
1613859,OK,15,297,
1614178,OK,12,421,
1614806,OK,8,303,
1615055,OK,10,97,
1615063,OK,19,386,
1615165,OK,12,389,
1615346,OK,4,119,
1616000,OK,13,459,
1616212,OK,4,32,
1616262,OK,16,575,
1616318,OK,10,381,
1616543,OK,10,359,
1616741,OK,8,308,
1616862,OK,9,402,
1617242,OK,6,303,
1617406,OK,11,335,
1617977,OK,8,106,
1618563,OK,14,415,
1618673,OK,9,336,
1618756,OK,17,461,
1618921,OK,11,347,
1619856,OK,15,169,
1620280,OK,12,501,
1620393,OK,8,324,
1620459,OK,8,381,
1620463,OK,5,66,
1621221,OK,6,132,
1621434,OK,8,260,
1621443,OK,11,216,
1621832,OK,11,279,
1622194,OK,15,409,
1622229,OK,15,242,
1622345,OK,11,242,
1622353,OK,12,328,
1623526,OK,9,122,
1623613,OK,12,269,
1623715,OK,5,45,
1623925,OK,11,275,
1624322,OK,8,355,
1624326,OK,12,176,
1624794,OK,12,510,
1625101,OK,10,208,
1625641,OK,8,122,
1626199,OK,14,264,
1626853,OK,16,219,
1626878,OK,8,214,
1626971,OK,8,208,
1627223,OK,11,446,
1627475,OK,10,268,
1627857,OK,18,542,
1628063,OK,10,458,
1628171,OK,6,136,
1628369,OK,10,293,
1629019,OK,4,214,
1629137,OK,9,188,
1629261,OK,9,57,
1630472,OK,9,309,
1630627,OK,6,84,
1630805,OK,12,361,
1631282,OK,12,210,
1631569,OK,10,404,
1631574,OK,11,261,
1631596,OK,8,268,
1631650,OK,6,94,
1632127,OK,12,393,
1632790,OK,11,409,
1633070,OK,5,127,
1633336,OK,3,10,
1633651,OK,22,326,
1633917,OK,7,377,
1633931,OK,12,376,
1633932,OK,4,56,
1633978,OK,16,490,
1634038,OK,7,201,
1634117,OK,17,557,
1634379,OK,5,67,
1634432,OK,9,203,
1634997,OK,16,520,
1635077,OK,7,38,
1635088,OK,9,84,
1635261,OK,6,140,
1635282,OK,17,549,
1635650,OK,13,250,
1635840,OK,6,128,
1635881,OK,14,408,
1636222,OK,12,459,
1636286,OK,6,186,
1636422,OK,9,219,
1636651,OK,12,216,
1637459,OK,6,348,
1637558,OK,8,149,
1637655,OK,8,289,
1637715,OK,5,62,
1637761,OK,9,282,
1638097,OK,7,60,
1638290,OK,11,477,
1638833,OK,11,369,
1639225,OK,9,92,
1639691,OK,11,339,
1640266,OK,13,303,
1640455,OK,13,291,
1641281,OK,9,124,
1641614,OK,14,346,
1641631,OK,10,219,
1642081,OK,5,238,
1642375,OK,9,249,
1642453,OK,14,479,
1642545,OK,7,182,
1642985,OK,12,312,
1643269,OK,9,188,
1643953,OK,13,342,
1644440,OK,11,367,
1644675,OK,14,385,
1644903,OK,18,460,
1645070,OK,9,107,
1645113,OK,12,652,
1645460,OK,9,210,
1645469,OK,3,115,
1645569,OK,7,54,
1645590,OK,13,470,
1645666,OK,5,194,
1645842,OK,8,112,
1646188,OK,17,389,
1646228,OK,10,314,
1647088,OK,14,478,
1647513,OK,10,210,
1647639,OK,10,190,
1648087,OK,8,274,
1649094,OK,5,94,
1649096,OK,13,457,
1649739,OK,5,54,
1649749,OK,9,278,
1649904,OK,9,185,
1649989,OK,11,268,
1650101,OK,12,299,
1650132,OK,9,355,
1650445,OK,10,231,
1650648,OK,10,141,
1650664,OK,14,321,
1650729,OK,8,334,
1650962,OK,13,384,
1651094,OK,16,616,
1651235,OK,12,258,
1651308,OK,16,301,
1651311,OK,8,180,
1651407,OK,6,192,
1651431,OK,3,41,
1651561,OK,14,414,
1651562,OK,9,143,
1651721,OK,5,66,
1652130,OK,17,425,
1652133,OK,7,162,
1652535,OK,7,289,
1653087,OK,10,218,
1653384,OK,3,10,
1653477,OK,10,512,
1653558,OK,10,290,
1654151,OK,9,252,
1654595,OK,7,253,
1655050,OK,3,8,
1655210,OK,8,263,
1655759,OK,9,290,
1656472,OK,8,241,
1656536,OK,5,58,
1657312,OK,6,84,
1657788,OK,11,174,
1658247,OK,10,222,
1658551,OK,8,38,
1659166,OK,17,510,
1659617,OK,8,211,
1660280,OK,9,399,
1660334,OK,8,179,
1660734,OK,11,420,
1661053,OK,9,165,
1661059,OK,7,148,
1661460,OK,10,106,
1662244,OK,5,52,
1662524,OK,12,138,
1662574,OK,13,305,
1662579,OK,12,190,
1662774,OK,6,127,
1664106,OK,9,188,
1664710,OK,6,128,
1665300,OK,16,274,
1665918,OK,9,408,
1666071,OK,12,299,
1666134,OK,17,455,
1666138,OK,8,337,
1666291,OK,5,56,
1666700,OK,12,297,
1667011,OK,7,94,
1667161,OK,8,283,
1667633,OK,4,51,
1668010,OK,9,123,
1668105,OK,13,178,
1668243,OK,9,211,
1668397,OK,17,452,
1669162,OK,6,307,
1669479,OK,6,64,
1669811,OK,12,371,
1670076,OK,7,138,
1670541,OK,12,517,
1670592,OK,9,397,
1671584,OK,12,225,
1672013,OK,9,337,
1672326,OK,6,91,
1672688,OK,8,136,
1672909,OK,15,417,
1673358,OK,10,399,
1673772,OK,10,218,
1673985,OK,11,406,
1674168,OK,16,456,
1674335,OK,16,499,
1674356,OK,5,146,
1674416,OK,12,400,
1674862,OK,11,371,
1674910,OK,11,361,
1674930,OK,11,466,
1675149,OK,12,377,
1675634,OK,11,351,
1675644,OK,6,182,
1675820,OK,14,319,
1676047,OK,17,290,
1676479,OK,7,271,
1676725,OK,9,155,
1677077,OK,4,30,
1677576,OK,12,350,
1677703,OK,16,521,
1678463,OK,12,313,
1678660,OK,5,72,
1679049,OK,18,636,
1679082,OK,14,306,
1679268,OK,16,543,
1679273,OK,11,355,
1679363,OK,10,237,
1679688,OK,18,413,
1679826,OK,9,239,
1680048,OK,11,197,
1680247,OK,8,410,
1680367,OK,6,112,
1680378,OK,14,246,
1680581,OK,10,185,
1680873,OK,9,246,
1680966,OK,5,35,
1681087,OK,5,136,
1681206,OK,6,379,
1681459,OK,17,508,
1681622,OK,15,424,
1681682,OK,7,172,
1681903,OK,8,314,
1682220,OK,8,353,
1682325,OK,12,264,
1682639,OK,7,187,
1682852,OK,15,278,
1683553,OK,6,75,
1683606,OK,13,445,
1683695,OK,11,327,
1685040,OK,7,260,
1687187,OK,11,327,
1687221,OK,11,507,
1687229,OK,13,480,
1687932,OK,13,491,
1688476,OK,13,460,
1688568,OK,14,428,
1688757,OK,11,287,
1688852,OK,9,233,
1688941,OK,10,211,
1689375,OK,4,52,
1689548,OK,5,83,
1689731,OK,5,84,
1689796,OK,13,398,
1689813,OK,7,232,
1690012,OK,7,227,
1690080,OK,7,189,
1690334,OK,14,368,
1690585,OK,6,192,
1691303,OK,10,410,
1691337,OK,9,270,
1691421,OK,6,135,
1691507,OK,5,82,
1691936,OK,6,119,
1692115,OK,12,823,
1692376,OK,4,104,
1692412,OK,10,331,
1692415,OK,14,395,
1692427,OK,10,380,
1692819,OK,10,354,
1692830,OK,6,122,
1693011,OK,5,80,
1693415,OK,7,152,
1693577,OK,6,146,
1694187,OK,3,56,
1694426,OK,13,492,
1695295,OK,7,119,
1695357,OK,5,121,
1696558,OK,16,332,
1697152,OK,12,79,
1697532,OK,4,96,
1697851,OK,18,505,
1698514,OK,4,19,
1698530,OK,12,322,
1699382,OK,6,78,
1701051,OK,13,354,
1701108,OK,13,299,
1701541,OK,6,126,
1701758,OK,11,282,
1702744,OK,9,367,
1702750,OK,6,248,
1702924,OK,12,320,
1703056,OK,9,272,
1703057,OK,7,137,
1703644,OK,7,325,
1703647,OK,4,131,
1704235,OK,8,160,
1704287,OK,6,42,
1704292,OK,11,189,
1704715,OK,9,360,
1704720,OK,16,425,
1704760,OK,18,238,
1705696,OK,13,289,
1705843,OK,11,271,
1706431,OK,10,283,
1706946,OK,8,312,
1707092,OK,9,250,
1707178,OK,13,188,
1707502,OK,8,234,
1707753,OK,8,250,
1707910,OK,10,65,
1707925,OK,13,362,
1708035,OK,13,467,
1708176,OK,11,167,
1708301,OK,14,303,
1708405,OK,5,114,
1708493,OK,8,228,
1708646,OK,1,44,
1709442,OK,5,89,
1710072,OK,5,62,
1710155,OK,18,441,
1710340,OK,9,196,
1710482,OK,5,42,
1711269,OK,8,389,
1711279,OK,7,157,
1711754,OK,5,108,
1711933,OK,7,110,
1712184,OK,15,376,
1712762,OK,4,10,
1713210,OK,10,294,
1713683,OK,11,359,
1714798,OK,3,44,
1714899,OK,11,338,
1715768,OK,11,215,
1716166,OK,7,121,
1716697,OK,6,201,
1716947,OK,7,156,
1717307,OK,10,214,
1718108,OK,19,358,
1718224,OK,6,119,
1718512,OK,8,403,
1718852,OK,12,153,
1719395,OK,8,115,
1719406,OK,6,146,
1719489,OK,10,213,
1720025,OK,4,86,
1720116,OK,13,276,
1720580,OK,8,189,
1720725,OK,8,162,
1721741,OK,11,274,
1721947,OK,9,229,
1722010,OK,6,263,
1722271,OK,5,84,
1722287,OK,14,281,
1722482,OK,6,212,
1722684,OK,9,329,
1722964,OK,6,159,
1723089,OK,15,332,
1723128,OK,9,298,
1723596,OK,9,333,
1723788,OK,0,0,
1724344,OK,6,121,
1724521,OK,14,416,
1724570,OK,7,130,
1724670,OK,11,266,
1724965,OK,6,343,
1725160,OK,5,122,
1725255,OK,12,278,
1725430,OK,5,64,
1725526,OK,9,212,
1725579,OK,13,345,
1726126,OK,10,176,
1727196,OK,9,191,
1727263,OK,8,306,
1728117,OK,5,137,
1728205,OK,5,52,
1728328,OK,11,107,
1728951,OK,10,318,
1729149,OK,7,286,
1729427,OK,5,96,
1730984,OK,8,210,
1731176,OK,2,55,
1731289,OK,8,277,
1731348,OK,11,281,
1731831,OK,8,141,
1733186,OK,6,241,
1733294,OK,5,88,
1733413,OK,7,116,
1733998,OK,7,309,
1734517,OK,4,56,
1734713,OK,10,283,
1734750,OK,5,54,
1735041,OK,9,173,
1735184,OK,7,200,
1735438,OK,8,211,
1735707,OK,9,331,
1735803,OK,7,65,
1736035,OK,3,10,
1736243,OK,4,48,
1736874,OK,2,38,
1736946,OK,12,374,
1737287,OK,6,172,
1737523,OK,8,213,
1737927,OK,3,55,
1737953,OK,6,153,
1737995,OK,4,19,
1738021,OK,4,103,
1738827,OK,8,307,
1739104,OK,10,342,
1739410,OK,5,52,
1739445,OK,8,298,
1739614,OK,6,112,
1739936,OK,10,301,
1739942,OK,12,380,
1740279,OK,5,44,
1740332,OK,10,296,
1740547,OK,3,53,
1741830,OK,5,82,
1742550,OK,3,11,
1742924,OK,10,380,
1742927,OK,3,88,
1743759,OK,7,189,
1743858,OK,2,44,
1743881,OK,8,142,
1743907,OK,6,131,
1744659,OK,5,89,
1744894,OK,8,167,
1745020,OK,5,45,
1745041,OK,5,211,
1745317,OK,9,211,
1745999,OK,7,136,
1746109,OK,6,234,
1746129,OK,5,186,
1746466,OK,5,125,
1746473,OK,6,142,
1747009,OK,18,478,
1747068,OK,5,187,
1748137,OK,4,16,
1748621,OK,2,78,
1748773,OK,11,257,
1748790,OK,11,262,
1748907,OK,8,162,
1750019,OK,5,130,
1750106,OK,10,111,
1750149,OK,8,88,
1750284,OK,5,73,
1750735,OK,7,276,
1751143,OK,10,197,
1751783,OK,9,276,
1751788,OK,10,365,
1752036,OK,5,146,
1752836,OK,5,213,
1753162,OK,9,155,
1754170,OK,15,263,
1754824,OK,2,30,
1755058,OK,14,36,
1755672,OK,11,341,
1755953,OK,17,324,
1756180,OK,11,264,
1756262,OK,9,307,
1756497,OK,17,266,
1756701,OK,5,71,
1757073,OK,9,268,
1757499,OK,2,6,
1757715,OK,7,199,
1758009,OK,7,139,
1758021,OK,6,112,
1758488,OK,7,348,
1759124,OK,1,8,
1759138,OK,3,58,
1759425,OK,7,123,
1759655,OK,7,106,
1759824,OK,10,202,
1760173,OK,12,350,
1760233,OK,6,40,
1760683,OK,5,58,
1760689,OK,11,155,
1760965,OK,11,325,
1761312,OK,7,258,
1761612,OK,13,358,
1761918,OK,5,52,
1761940,OK,10,205,
1762303,OK,8,240,
1763950,OK,4,56,
1764013,OK,5,110,
1764046,OK,14,432,
1766140,OK,8,57,
1766146,OK,4,62,
1766368,OK,10,301,
1766400,OK,9,243,
1766526,OK,8,262,
1767837,OK,5,131,
1768267,OK,10,240,
1768446,OK,4,44,
1769267,OK,5,186,
1769624,OK,3,65,
1769804,OK,14,282,
1770121,OK,5,65,
1770141,OK,11,173,
1770251,OK,2,25,
1771515,OK,5,219,
1771917,OK,6,120,
1772016,OK,6,216,
1772695,OK,8,231,
1773086,OK,1,14,
1773087,OK,5,98,
1773383,OK,8,259,
1773427,OK,6,121,
1774170,OK,11,228,
1775194,OK,11,111,
1779372,OK,3,42,
1780262,OK,3,23,
1781174,OK,4,12,
1781335,OK,9,201,
1781730,OK,4,52,
1781755,OK,12,235,
1781983,OK,5,106,
1782170,OK,6,88,
1782223,OK,5,44,
1783032,OK,4,55,
1783180,OK,7,191,
1783183,OK,5,124,
1783328,OK,8,94,
1784797,OK,6,189,
1785173,OK,5,100,
1785345,OK,6,78,
1785424,OK,11,184,
1785530,OK,8,88,
1786117,OK,4,124,
1786205,OK,6,66,
1786248,OK,3,74,
1786255,OK,10,109,
1786431,OK,8,256,
1786842,OK,10,176,
1787297,OK,4,68,
1787306,OK,6,109,
1787400,OK,7,118,
1787414,OK,6,130,
1787518,OK,5,55,
1787640,OK,9,104,
1788028,OK,7,70,
1789029,OK,8,162,
1789769,OK,5,88,
1789940,OK,6,90,
1789972,OK,6,65,
1792044,OK,8,174,
1792580,OK,12,388,
1792781,OK,7,96,
1792849,OK,7,121,
1793294,OK,7,121,
1794515,OK,6,141,
1794783,OK,6,164,
1796209,OK,11,217,
1796280,OK,5,92,
1797336,OK,10,160,
1797768,OK,4,72,
1798100,OK,6,106,
1798562,OK,4,60,
1799011,OK,7,46,
1799208,OK,13,315,
1799332,OK,10,153,
1799448,OK,8,89,
1799788,OK,3,42,
1799850,OK,5,62,
1800637,OK,14,152,
1800667,OK,13,228,
1801075,OK,7,126,
1801169,OK,9,163,
1801754,OK,6,180,
1801777,OK,5,83,
1802457,OK,5,79,
1802665,OK,5,122,
1802974,OK,6,89,
1803599,OK,6,122,
1803696,OK,9,268,
1803737,OK,6,40,
1803901,OK,8,117,
1803914,OK,10,136,
1804585,OK,3,32,
1804745,OK,8,119,
1805387,OK,6,67,
1805795,OK,2,22,
1805890,OK,11,148,
1806201,OK,10,198,
1806310,OK,5,70,
1806347,OK,5,32,
1806952,OK,8,89,
1807120,OK,7,66,
1807794,OK,6,70,
1807887,OK,13,212,
1808158,OK,7,105,
1808377,OK,5,25,
1808665,OK,7,166,
1808805,OK,6,89,
1808834,OK,6,168,
1808865,OK,10,142,
1808898,OK,8,126,
1809750,OK,3,22,
1810019,OK,11,230,
1810182,OK,6,126,
1810546,OK,11,242,
1810560,OK,6,64,
1810806,OK,8,143,
1811074,OK,5,125,
1811210,OK,8,108,
1811764,OK,5,64,
1812364,OK,8,118,
1812727,OK,7,103,
1814140,OK,4,22,
1815442,OK,6,104,
1815495,OK,2,8,
1816590,OK,4,48,
1816613,OK,10,127,
1817229,OK,5,58,
1817565,OK,1,3,
1817713,OK,7,96,
1817760,OK,7,128,
1817868,OK,4,15,
1818201,OK,17,215,
1818382,OK,7,84,
1818794,OK,3,60,
1818844,OK,4,48,
1818874,OK,11,148,
1819035,OK,10,89,
1819113,OK,7,77,
1819133,OK,7,83,
1819411,OK,7,104,
1819438,OK,7,65,
1819493,OK,9,107,
1819576,OK,7,95,
1819790,OK,6,108,
1819810,OK,8,97,
1819848,OK,5,50,
1819928,OK,5,99,
1819974,OK,17,167,
1819989,OK,5,58,
1819994,OK,10,96,
1820721,OK,9,232,
1821146,OK,4,41,
1821323,OK,9,142,
1821769,OK,7,72,
1821825,OK,7,104,
1822145,OK,18,72,
1822359,OK,8,69,
1822462,OK,7,124,
1822479,OK,9,163,
1822492,OK,6,121,
1822523,OK,5,80,
1822691,OK,10,87,
1822711,OK,5,39,
1822791,OK,14,147,
1822886,OK,3,28,
1822929,OK,3,25,
1823383,OK,3,31,
1823406,OK,7,99,
1823529,OK,4,62,
1823575,OK,11,52,
1823608,OK,4,88,
1823652,OK,5,39,
1823945,OK,7,86,
1824403,OK,8,121,
1824888,OK,3,27,
1824920,OK,13,109,
1825254,OK,3,50,
1825437,OK,4,27,
1825452,OK,7,22,
1826457,OK,5,52,
1826600,OK,7,112,
1826660,OK,10,149,
1827075,OK,12,98,
1827087,OK,5,25,
1827090,OK,11,176,
1828016,OK,9,161,
1828105,OK,5,70,
1828161,OK,8,125,
1828318,OK,9,75,
1828376,OK,6,72,
1828443,OK,12,118,
1828536,OK,8,47,
1828673,OK,8,78,
1828735,OK,2,11,
1828805,OK,6,40,
1829280,OK,11,157,
1829322,OK,4,19,
1829576,OK,7,105,
1829635,OK,6,69,
1830033,OK,5,74,
1830072,OK,10,128,
1830197,OK,6,90,
1831096,OK,11,196,
1831097,OK,7,109,
1831270,OK,4,32,
1831363,OK,6,56,
1831617,OK,10,170,
1831868,OK,3,17,
1831915,OK,12,168,
1832038,OK,5,53,
1832168,OK,5,48,
1832332,OK,8,102,
1832415,OK,7,62,
1832433,OK,10,41,
1832466,OK,6,114,
1833197,OK,9,130,
1833214,OK,6,66,
1833756,OK,6,106,
1834376,OK,9,103,
1834488,OK,7,99,
1834494,OK,10,112,
1834585,OK,7,124,
1834622,OK,6,120,
1835256,OK,7,113,
1835378,OK,7,78,
1835579,OK,6,80,
1835597,OK,5,30,
1835713,OK,5,23,
1836981,OK,11,89,
1837344,OK,5,38,
1837686,OK,7,105,
1837824,OK,1,1,
1837997,OK,4,25,
1838359,OK,11,129,
1838672,OK,7,73,
1839285,OK,10,110,
1839412,OK,8,53,
1839439,OK,9,148,
1839972,OK,3,21,
1840229,OK,6,44,
1840233,OK,4,52,
1840439,OK,6,68,
1840574,OK,7,55,
1840904,OK,9,86,
1841209,OK,5,24,
1841330,OK,6,46,
1841387,OK,7,77,
1841666,OK,5,70,
1842022,OK,7,102,
1842356,OK,6,24,
1842718,OK,7,84,
1842952,OK,5,54,
1843249,OK,5,46,
1843370,OK,1,6,
1843762,OK,6,45,
1844280,OK,8,104,
1844389,OK,4,16,
1844817,OK,4,27,
1844971,OK,5,64,
1845022,OK,11,136,
1845257,OK,7,111,
1845290,OK,5,49,
1845337,OK,5,52,
1845815,OK,9,140,
1845942,OK,2,17,
1846017,OK,5,52,
1846253,OK,4,15,
1846288,OK,3,15,
1847590,OK,11,176,
1847607,OK,1,6,
1847846,OK,2,6,
1847903,OK,4,68,
1847986,OK,4,40,
1848097,OK,2,17,
1848795,OK,3,11,
1849058,OK,3,15,
1849466,OK,5,58,
1849670,OK,6,102,
1849820,OK,11,67,
1849867,OK,4,32,
1850119,OK,10,80,
1850266,OK,12,39,
1850487,OK,4,14,
1850838,OK,7,59,
1850902,OK,7,94,
1850906,OK,5,52,
1851182,OK,1,8,
1851194,OK,5,41,
1851266,OK,1,7,
1852117,OK,7,112,
1852244,OK,8,125,
1852353,OK,6,31,
1852407,OK,2,10,
1852771,OK,2,13,
1853047,OK,3,10,
1853145,OK,9,126,
1853513,OK,8,123,
1853651,OK,4,21,
1853774,OK,4,13,
1853816,OK,3,25,
1853920,OK,1,3,
1854270,OK,11,71,
1855168,OK,3,12,
1855351,OK,1,6,
1855457,OK,12,108,
1855509,OK,7,80,
1855555,OK,3,12,
1856365,OK,4,32,
1856430,OK,8,117,
1856437,OK,8,129,
1856485,OK,7,86,
1856519,OK,2,8,
1856608,OK,6,75,
1856724,OK,1,5,
1857044,OK,4,37,
1857154,OK,9,96,
1857518,OK,1,5,
1857853,OK,7,112,
1858028,OK,3,21,
1858257,OK,11,127,
1858414,OK,1,8,
1858685,OK,8,73,
1858848,OK,5,48,
1858912,OK,3,17,
1859035,OK,2,7,
1859285,OK,5,73,
1860543,OK,8,83,
1860657,OK,6,56,
1860742,OK,5,42,
1860782,OK,6,82,
1861522,OK,6,79,
1862150,OK,4,22,
1863105,OK,11,130,
1863127,OK,6,52,
1863460,OK,2,11,
1864032,OK,2,7,
1864943,OK,6,52,
1865107,OK,6,75,
1865120,OK,3,15,
1865468,OK,3,13,
1865631,OK,10,70,
1865701,OK,1,3,
1866550,OK,7,106,
1866633,OK,9,108,
1867066,OK,6,84,
1867072,OK,13,105,
1867096,OK,7,60,
1867287,OK,1,6,
1867757,OK,3,25,
1867949,OK,7,54,
1868275,OK,11,91,
1868726,OK,6,94,
1868734,OK,5,26,
1868775,OK,3,5,
1868778,OK,9,123,
1869198,OK,6,76,
1870144,OK,1,6,
1870940,OK,6,49,
1872525,OK,11,110,
1872789,OK,6,53,
1873835,OK,4,24,
1873923,OK,6,73,
1874071,OK,7,98,
1874097,OK,6,54,
1874875,OK,6,44,
1875558,OK,4,27,
1876588,OK,7,65,
1876714,OK,1,3,
1877322,OK,8,70,
1878074,OK,1,4,
1878897,OK,9,97,
1880438,OK,4,24,
1881592,OK,7,51,
1882078,OK,4,16,
1882963,OK,5,11,
1883799,OK,1,5,
1884516,OK,4,19,
1885998,OK,1,6,
1888012,OK,4,29,
1888654,OK,6,26,
1889539,OK,5,12,
1891101,OK,7,56,
1892322,OK,10,86,
1894210,OK,4,14,
1894370,OK,5,13,
1894562,OK,4,12,
1894951,OK,2,4,
1894954,OK,4,32,
1897982,OK,15,34,
1898795,OK,2,4,
1899287,OK,9,27,
1899883,OK,5,32,
1905956,OK,9,34,
1906324,OK,7,38,
1907982,OK,7,44,
1915657,OK,6,52,
1921865,OK,5,14,
1923840,OK,3,10,
1929561,OK,6,17,
1935979,OK,4,12,
