cik,status,candidate_rows,accepted_mapped,accepted_missing,archive_files_fetched,error
6201,OK,4,4,0,0,
23194,OK,17,17,0,0,
25743,OK,59,59,0,0,
33213,OK,4,4,0,1,
60714,OK,53,53,0,0,
65770,OK,36,36,0,0,
78749,OK,14,14,0,0,
84839,OK,43,43,0,0,
105418,OK,46,46,0,0,
106040,OK,12,12,0,0,
109657,OK,36,36,0,0,
313143,OK,2,2,0,0,
314203,OK,75,75,0,0,
318306,OK,71,71,0,0,
320017,OK,39,39,0,0,
352541,OK,18,18,0,0,
715957,OK,15,15,0,0,
716643,OK,19,19,0,0,
730464,OK,27,27,0,0,
731802,OK,16,16,0,0,
744218,OK,54,54,0,0,
749647,OK,54,54,0,0,
771266,OK,90,90,0,0,
778164,OK,34,34,0,0,
790526,OK,7,7,0,0,
827876,OK,2,2,0,0,
834365,OK,17,17,0,1,
835011,OK,46,46,0,0,
849399,OK,8,8,0,0,
851310,OK,50,50,0,0,
863894,OK,35,35,0,0,
866291,OK,4,4,0,0,
873303,OK,79,79,0,0,
879169,OK,2,2,0,1,
885590,OK,17,17,0,0,
886128,OK,45,45,0,0,
887359,OK,33,33,0,0,
890394,OK,41,41,0,0,
890821,OK,18,18,0,0,
894158,OK,46,46,0,0,
899460,OK,59,59,0,0,
899923,OK,2,2,0,0,
906709,OK,20,20,0,0,
910638,OK,41,41,0,0,
912766,OK,19,19,0,0,
929008,OK,4,4,0,0,
1000694,OK,46,46,0,0,
1001316,OK,57,57,0,0,
1010086,OK,12,12,0,0,
1014739,OK,36,36,0,0,
1015383,OK,47,47,0,0,
1020214,OK,43,43,0,0,
1022652,OK,34,34,0,0,
1024795,OK,54,54,0,0,
1034842,OK,58,58,0,0,
1051627,OK,2,2,0,0,
1055726,OK,15,15,0,0,
1061983,OK,55,55,0,1,
1062822,OK,40,40,0,0,
1066923,OK,7,7,0,0,
1070081,OK,54,54,0,0,
1070494,OK,59,59,0,0,
1078271,OK,37,37,0,0,
1083446,OK,4,4,0,0,
1093557,OK,10,10,0,1,
1098972,OK,51,51,0,0,
1102993,OK,11,11,0,0,
1104506,OK,46,46,0,1,
1107421,OK,50,50,0,0,
1108205,OK,70,70,0,0,
1114995,OK,57,57,0,1,
1124524,OK,52,52,0,0,
1124796,OK,2,2,0,0,
1125345,OK,44,44,0,0,
1127537,OK,9,9,0,0,
1145986,OK,59,59,0,0,
1157408,OK,5,5,0,0,
1157601,OK,91,91,0,0,
1158780,OK,56,56,0,0,
1159036,OK,16,16,0,0,
1161728,OK,44,44,0,0,
1162194,OK,46,46,0,0,
1176309,OK,55,55,0,0,
1178670,OK,74,74,0,0,
1200375,OK,32,32,0,0,
1213037,OK,20,20,0,0,
1217234,OK,32,32,0,0,
1235468,OK,51,51,0,0,
1261333,OK,39,39,0,1,
1266806,OK,54,54,0,0,
1267565,OK,47,47,0,0,
1280776,OK,54,54,0,0,
1281895,OK,43,43,0,0,
1282637,OK,59,59,0,0,
1285550,OK,54,54,0,0,
1285819,OK,46,46,0,0,
1286139,OK,4,4,0,0,
1288403,OK,54,54,0,0,
1288847,OK,40,40,0,1,
1295810,OK,59,59,0,0,
1299130,OK,59,59,0,0,
1304492,OK,63,63,0,0,
1309402,OK,9,9,0,0,
1314052,OK,50,50,0,0,
1316517,OK,22,22,0,0,
1323885,OK,50,50,0,0,
1325702,OK,10,10,0,0,
1325964,OK,54,54,0,0,
1326110,OK,78,78,0,0,
1326160,OK,9,9,0,0,
1326190,OK,52,52,0,0,
1326732,OK,9,9,0,0,
1327567,OK,58,58,0,1,
1335258,OK,29,29,0,0,
1341235,OK,56,56,0,0,
1345126,OK,57,57,0,0,
1346830,OK,51,51,0,0,
1347178,OK,6,6,0,0,
1350653,OK,53,53,0,0,
1356090,OK,46,46,0,0,
1357874,OK,34,34,0,0,
1361113,OK,46,46,0,0,
1364479,OK,10,10,0,0,
1368265,OK,33,33,0,0,
1370053,OK,42,42,0,0,
1372299,OK,37,37,0,0,
1373715,OK,19,19,0,1,
1376139,OK,65,65,0,0,
1376321,OK,54,54,0,0,
1377121,OK,63,63,0,0,
1378950,OK,18,18,0,0,
1382101,OK,31,31,0,0,
1384101,OK,74,74,0,0,
1385818,OK,52,52,0,0,
1388658,OK,46,46,0,0,
1392380,OK,55,55,0,0,
1393434,OK,33,33,0,0,
1395937,OK,84,84,0,0,
1396814,OK,16,16,0,0,
1398805,OK,52,52,0,0,
1401667,OK,71,71,0,0,
1401914,OK,35,35,0,0,
1404655,OK,59,59,0,1,
1406666,OK,21,21,0,0,
1410098,OK,54,54,0,0,
1410384,OK,46,46,0,1,
1410428,OK,14,14,0,0,
1411690,OK,34,34,0,0,
1412408,OK,26,26,0,1,
1418819,OK,32,32,0,0,
1419612,OK,2,2,0,0,
1420520,OK,54,54,0,0,
1420720,OK,56,56,0,0,
1421461,OK,3,3,0,0,
1422143,OK,67,67,0,0,
1422892,OK,30,30,0,0,
1425205,OK,78,78,0,0,
1425287,OK,42,42,0,0,
1425450,OK,41,41,0,0,
1426800,OK,50,50,0,0,
1430306,OK,54,54,0,0,
1434316,OK,59,59,0,0,
1437402,OK,44,44,0,0,
1438133,OK,38,38,0,0,
1438533,OK,32,32,0,0,
1439222,OK,44,44,0,0,
1447362,OK,4,4,0,0,
1451809,OK,16,16,0,0,
1459839,OK,34,34,0,0,
1463972,OK,54,54,0,0,
1464790,OK,13,13,0,0,
1468748,OK,47,47,0,0,
1472091,OK,30,30,0,0,
1477449,OK,74,74,0,1,
1477845,OK,18,18,0,0,
1478320,OK,39,39,0,0,
1479681,OK,55,55,0,0,
1484612,OK,20,20,0,0,
1488039,OK,58,58,0,0,
1490978,OK,19,19,0,0,
1495231,OK,64,64,0,0,
1501989,OK,55,55,0,0,
1503274,OK,60,60,0,0,
1503802,OK,59,59,0,0,
1505155,OK,46,46,0,0,
1506251,OK,55,55,0,0,
1512762,OK,48,48,0,0,
1515673,OK,51,51,0,0,
1517022,OK,70,70,0,0,
1520262,OK,55,55,0,0,
1526119,OK,46,46,0,0,
1527753,OK,39,39,0,0,
1530950,OK,19,19,0,1,
1533998,OK,49,49,0,0,
1534248,OK,28,28,0,0,
1537054,OK,80,80,0,1,
1549595,OK,26,26,0,0,
1551306,OK,15,15,0,0,
1553643,OK,50,50,0,0,
1557746,OK,57,57,0,0,
1559053,OK,46,46,0,0,
1560327,OK,46,46,0,0,
1568100,OK,28,28,0,0,
1570562,OK,36,36,0,0,
1573221,OK,26,26,0,0,
1575793,OK,56,56,0,0,
1575828,OK,49,49,0,0,
1576280,OK,34,34,0,1,
1579428,OK,59,59,0,0,
1580560,OK,9,9,0,0,
1580808,OK,27,27,0,0,
1581280,OK,41,41,0,1,
1582313,OK,28,28,0,0,
1590560,OK,46,46,0,0,
1590877,OK,20,20,0,0,
1593899,OK,7,7,0,0,
1595097,OK,56,56,0,0,
1595248,OK,53,53,0,0,
1595974,OK,35,35,0,1,
1596993,OK,9,9,0,0,
1597846,OK,58,58,0,0,
1598646,OK,40,40,0,0,
1600620,OK,8,8,0,0,
1603978,OK,56,56,0,0,
1604464,OK,59,59,0,0,
1604821,OK,39,39,0,1,
1604868,OK,18,18,0,0,
1607678,OK,52,52,0,0,
1609550,OK,40,40,0,0,
1609809,OK,55,55,0,0,
1611052,OK,13,13,0,0,
1614178,OK,49,49,0,1,
1615165,OK,58,58,0,0,
1616543,OK,50,50,0,0,
1619856,OK,21,21,0,0,
1620463,OK,26,26,0,0,
1621832,OK,82,82,0,0,
1622229,OK,50,50,0,0,
1622345,OK,50,50,0,0,
1623526,OK,36,36,0,0,
1623925,OK,6,6,0,0,
1624326,OK,54,54,0,0,
1626878,OK,50,50,0,0,
1627475,OK,34,34,0,0,
1628171,OK,28,28,0,0,
1630627,OK,15,15,0,0,
1630805,OK,30,30,0,0,
1631574,OK,57,57,0,0,
1635088,OK,12,12,0,0,
1636422,OK,26,26,0,0,
1645113,OK,56,56,0,1,
1645460,OK,54,54,0,0,
1647088,OK,32,32,0,0,
1649094,OK,34,34,0,0,
1649904,OK,45,45,0,0,
1650648,OK,16,16,0,0,
1650664,OK,40,40,0,0,
1651308,OK,38,38,0,1,
1651562,OK,15,15,0,0,
1652130,OK,87,87,0,0,
1653087,OK,35,35,0,0,
1655210,OK,16,16,0,0,
1655759,OK,57,57,0,0,
1658551,OK,2,2,0,0,
1660280,OK,38,38,0,0,
1661059,OK,26,26,0,0,
1662579,OK,21,21,0,0,
1662774,OK,40,40,0,0,
1664106,OK,44,44,0,0,
1664710,OK,14,14,0,0,
1665300,OK,42,42,0,0,
1666071,OK,46,46,0,0,
1668243,OK,39,39,0,0,
1674416,OK,30,30,0,0,
1676725,OK,39,39,0,0,
1679049,OK,7,7,0,1,
1680048,OK,54,54,0,0,
1680367,OK,8,8,0,0,
1680581,OK,36,36,0,0,
1680966,OK,16,16,0,0,
1681087,OK,48,48,0,0,
1682852,OK,28,28,0,1,
1688568,OK,8,8,0,0,
1688757,OK,28,28,0,0,
1689548,OK,8,8,0,0,
1692415,OK,31,31,0,0,
1697851,OK,34,34,0,0,
1699382,OK,26,26,0,0,
1701541,OK,14,14,0,0,
1701758,OK,28,28,0,0,
1704292,OK,18,18,0,0,
1704715,OK,2,2,0,0,
1706431,OK,22,22,0,0,
1707502,OK,53,53,0,0,
1707753,OK,47,47,0,0,
1711279,OK,39,39,0,0,
1713683,OK,45,45,0,0,
1714899,OK,36,36,0,0,
1719406,OK,34,34,0,0,
1720580,OK,50,50,0,0,
1722482,OK,7,7,0,0,
1724521,OK,65,65,0,0,
1725160,OK,18,18,0,0,
1727196,OK,36,36,0,0,
1728117,OK,26,26,0,0,
1731348,OK,38,38,0,0,
1737287,OK,33,33,0,0,
1737953,OK,38,38,0,0,
1739104,OK,6,6,0,0,
1740332,OK,4,4,0,0,
1743881,OK,35,35,0,0,
1745999,OK,14,14,0,0,
1750284,OK,2,2,0,0,
1756262,OK,28,28,0,0,
1757073,OK,18,18,0,0,
1757715,OK,45,45,0,0,
1759425,OK,34,34,0,0,
1760689,OK,33,33,0,0,
1761612,OK,42,42,0,0,
1761918,OK,12,12,0,0,
1764013,OK,23,23,0,0,
1764046,OK,40,40,0,0,
1770121,OK,11,11,0,0,
1781335,OK,2,2,0,0,
1781983,OK,26,26,0,0,
1785424,OK,11,11,0,0,
1787297,OK,22,22,0,0,
1787306,OK,15,15,0,0,
1787400,OK,24,24,0,0,
1789029,OK,27,27,0,0,
1792580,OK,13,13,0,0,
1796209,OK,8,8,0,0,
1796280,OK,28,28,0,0,
1799788,OK,18,18,0,0,
1800637,OK,10,10,0,0,
1800667,OK,18,18,0,0,
1803914,OK,5,5,0,0,
1804745,OK,2,2,0,0,
1806952,OK,8,8,0,0,
1810019,OK,9,9,0,0,
1810182,OK,26,26,0,0,
1810806,OK,9,9,0,0,
1811210,OK,12,12,0,0,
1812364,OK,29,29,0,0,
1815442,OK,21,21,0,0,
1817713,OK,12,12,0,0,
1818201,OK,3,3,0,0,
1818794,OK,24,24,0,0,
1819576,OK,12,12,0,0,
1819848,OK,8,8,0,1,
1819994,OK,8,8,0,0,
1820721,OK,4,4,0,0,
1822359,OK,1,1,0,0,
1822492,OK,16,16,0,0,
1824920,OK,8,8,0,0,
1826457,OK,12,12,0,0,
1828161,OK,5,5,0,0,
1828318,OK,5,5,0,0,
1828536,OK,1,1,0,0,
1831097,OK,13,13,0,0,
1832038,OK,14,14,0,0,
1833197,OK,2,2,0,0,
1845257,OK,11,11,0,0,
1845815,OK,4,4,0,0,
